Player,Team,Line,Direction,Odds,Projected_SOG,Model_Win_Prob,Edge,Units
"Kyle Connor",WPG,3.5,Over,120,7.49,82.71%,81.97%%,3.00
"Jason Robertson",DAL,3.5,Over,126,4.70,72.96%,64.89%%,3.00
"Morgan Geekie",BOS,2.5,Over,150,3.08,63.95%,59.87%%,3.00
"Jordan Eberle",SEA,2.5,Over,126,3.63,68.50%,54.82%%,3.00
"Jack Eichel",VGK,3.5,Over,100,5.52,76.66%,53.33%%,3.00
"Jonathan Huberdeau",CGY,2.5,Over,154,2.53,58.27%,48.01%%,3.00
"William Eklund",SJS,2.5,Over,120,3.08,63.94%,40.67%%,3.00
"Nick Suzuki",MTL,2.5,Over,135,2.66,59.76%,40.44%%,3.00
"Jack Roslovic",EDM,2.5,Over,130,2.62,59.31%,36.41%%,3.00
"Shane Pinto",OTT,2.5,Over,115,2.86,61.83%,32.94%%,3.00
"Bobby McMann",TOR,1.5,Under,100,1.10,63.00%,25.99%%,3.00
"Alex Laferriere",LAK,2.5,Over,140,1.77,47.88%,14.90%%,2.66
"Gabriel Vilardi",WPG,2.5,Over,148,4.09,71.69%,77.78%%,2.49
"Miro Heiskanen",DAL,2.5,Over,135,3.07,66.09%,55.30%%,2.49
"Alex DeBrincat",DET,3.5,Over,105,5.22,75.41%,54.59%%,2.49
"Cutter Gauthier",ANA,3.5,Over,105,5.12,74.99%,53.73%%,2.49
"Shea Theodore",VGK,2.5,Over,144,2.48,59.50%,45.17%%,2.49
"Blake Coleman",CGY,1.5,Under,150,1.49,54.48%,36.21%%,2.49
"Fabian Zetterlund",OTT,1.5,Under,100,1.02,65.02%,30.05%%,2.49
"Ivan Demidov",MTL,1.5,Under,-120,0.97,66.43%,21.79%%,2.49
"John Tavares",TOR,2.5,Over,-135,3.73,69.30%,20.62%%,2.49
"Evan Bouchard",EDM,2.5,Over,-120,2.91,64.42%,18.10%%,2.49
"John Klingberg",SJS,1.5,Under,-110,1.22,59.21%,13.04%%,2.49
"Kevin Fiala",LAK,2.5,Over,-168,3.84,70.03%,11.72%%,2.49
"Zach Werenski",CBJ,3.5,Over,120,5.15,77.69%,70.91%%,2.01
"Moritz Seider",DET,2.5,Over,130,2.90,64.36%,48.02%%,2.01
"David Pastrnak",BOS,3.5,Over,-110,5.71,77.43%,47.82%%,2.01
"Mikko Rantanen",DAL,2.5,Over,-120,5.76,79.62%,45.97%%,2.01
"Pavel Dorofeyev",VGK,3.5,Over,122,3.05,61.60%,36.75%%,2.01
"MacKenzie Weegar",CGY,2.5,Over,140,2.21,55.97%,34.33%%,2.01
"Drake Batherson",OTT,2.5,Over,115,2.55,58.45%,25.66%%,2.01
"Brendan Gallagher",MTL,1.5,Under,-130,1.00,65.59%,16.04%%,2.01
"William Nylander",TOR,2.5,Over,-175,4.38,73.41%,15.36%%,2.01
"Connor McDavid",EDM,2.5,Over,-175,3.96,70.83%,11.31%%,2.01
"Adrian Kempe",LAK,2.5,Over,-154,3.27,65.66%,8.29%%,2.01
"Jeff Skinner",SJS,1.5,Under,-105,1.39,56.43%,10.18%%,1.79
"Roope Hintz",DAL,2.5,Over,120,3.35,66.32%,45.91%%,1.50
"Adam Fantilli",CBJ,2.5,Over,120,2.94,62.67%,37.87%%,1.50
"Mason McTavish",ANA,1.5,Under,130,1.23,59.90%,37.77%%,1.50
"Tomas Hertl",VGK,2.5,Over,-105,3.62,68.46%,33.66%%,1.50
"Rasmus Andersson",CGY,2.5,Over,148,2.05,53.64%,33.03%%,1.50
"Brandon Montour",SEA,2.5,Over,100,2.93,64.61%,29.22%%,1.50
"Tim Stützle",OTT,2.5,Over,110,2.26,54.94%,15.38%%,1.50
"Max Domi",TOR,1.5,Under,-115,1.17,61.32%,14.64%%,1.50
"Cole Caufield",MTL,2.5,Over,-130,2.85,61.73%,9.22%%,1.50
"Kyle Palmieri",NYI,2.5,Over,150,2.40,56.76%,41.90%%,0.99
"Mathew Barzal",NYI,2.5,Over,150,2.25,54.76%,36.90%%,0.99
"Dmitri Voronkov",CBJ,2.5,Over,140,2.33,55.91%,34.17%%,0.99
"Matthew Schaefer",NYI,2.5,Over,110,2.81,63.40%,33.14%%,0.99
"Mikael Backlund",CGY,2.5,Over,138,2.31,55.58%,32.27%%,0.99
"Nazem Kadri",CGY,3.5,Over,100,3.58,65.94%,31.89%%,0.99
"Joel Farabee",CGY,1.5,Under,110,1.13,62.31%,30.85%%,0.99
"Troy Terry",ANA,2.5,Over,120,2.54,58.37%,28.42%%,0.99
"Dylan Larkin",DET,2.5,Over,-154,5.02,76.66%,26.44%%,0.99
"Jaden Schwartz",SEA,2.5,Over,140,2.08,52.46%,25.90%%,0.99
"Eeli Tolvanen",SEA,1.5,Under,-110,1.00,65.46%,24.96%%,0.99
"Viktor Arvidsson",BOS,2.5,Over,-110,3.24,65.44%,24.93%%,0.99
"Lucas Raymond",DET,2.5,Over,105,2.75,60.71%,24.46%%,0.99
"Patrick Kane",DET,2.5,Over,-110,3.08,63.98%,22.14%%,0.99
"Wyatt Johnston",DAL,2.5,Over,-135,3.76,69.52%,21.01%%,0.99
"Josh Morrissey",WPG,1.5,Over,-142,3.10,70.21%,19.65%%,0.99
"Mark Scheifele",WPG,1.5,Over,-154,3.60,71.72%,18.29%%,0.99
"Noah Hanifin",VGK,1.5,Over,-162,3.30,72.05%,16.52%%,0.99
"Jason Robertson",DAL,2.5,Over,-182,4.70,75.14%,16.43%%,0.99
"Bo Horvat",NYI,2.5,Over,-148,3.75,69.38%,16.26%%,0.99
"Marco Kasper",DET,1.5,Under,-105,1.26,59.40%,15.97%%,0.99
"Gabriel Vilardi",WPG,1.5,Over,-198,4.09,74.95%,12.81%%,0.99
"Matt Coronato",CGY,2.5,Over,-168,3.86,70.21%,12.00%%,0.99
"Beckett Sennecke",ANA,1.5,Under,-135,1.09,63.38%,10.33%%,0.99
"Kirill Marchenko",CBJ,2.5,Over,-154,3.34,66.24%,9.25%%,0.99
"Matty Beniers",SEA,1.5,Under,105,1.47,54.92%,12.58%%,0.99
"Ridly Greig",OTT,1.5,Under,-110,1.32,58.03%,10.78%%,0.98
"Jake Sanderson",OTT,2.5,Over,-110,2.36,58.00%,10.72%%,0.97
"Emmitt Finnie",DET,1.5,Under,105,1.48,54.73%,12.19%%,0.96
"Jackson LaCombe",ANA,1.5,Over,-130,2.29,60.65%,7.30%%,0.78
"Neal Pionk",WPG,1.5,Over,-125,2.21,59.52%,7.14%%,0.74
"Mitch Marner",VGK,1.5,Over,-175,3.02,66.85%,5.05%%,0.73
"Morgan Frost",CGY,1.5,Under,115,1.72,50.15%,7.82%%,0.56
"Jake Walman",EDM,1.5,Under,126,1.83,46.70%,5.55%%,0.55
"Rasmus Andersson",CGY,1.5,Under,150,2.05,42.92%,7.29%%,0.50
"Anders Lee",NYI,1.5,Under,130,1.94,46.40%,6.72%%,0.50
"Blake Coleman",CGY,2.5,Over,148,1.49,43.01%,6.67%%,0.50
"Chris Kreider",ANA,1.5,Under,150,2.21,42.47%,6.17%%,0.50
