"Player","Prop Type","Bet Side","Vegas Line","Prediction","Edge %","Confidence %","Odds","Book","Model"
"Jordan Clarkson","points","OVER",15.5,"0.6262422717924367","30.366162663114643",63,210,"Bovada","points_lightgbm"
"Ben Sheppard","points","OVER",8.5,"0.6204617691104402","29.788112394914982",62,210,"Bovada","points_lightgbm"
"LaMelo Ball","points","OVER",22.5,"0.640140707383303","29.53131211764064",64,190,"Bovada","points_lightgbm"
"Brandon Miller","points","UNDER",14.5,"0.6275670345628418","28.273944835594524",63,190,"Bovada","points_lightgbm"
"T.J. McConnell","points","OVER",12.5,"0.6051251657623364","27.725631330332007",61,205,"Bovada","points_lightgbm"
"Luke Kornet","points","OVER",12.5,"0.6038941276493516","27.602527519033522",60,205,"Bovada","points_lightgbm"
"Jamal Shead","points","OVER",9.5,"0.6086277110253192","27.52943776919859",61,200,"Bovada","points_lightgbm"
"Will Richard","rebounds","OVER",3.5,"0.6066393536250964","27.330602029176305",61,200,"Bovada","rebounds_lightgbm"
"Jakob Poeltl","points","OVER",15.5,"0.6105253137400383","26.56977275331417",61,190,"Bovada","points_lightgbm"
"Kon Knueppel","points","UNDER",14.5,"0.6201093526059486","25.647298896958493",62,175,"Bovada","points_lightgbm"
"Jarace Walker","points","OVER",11.5,"0.6006004854403861","24.972329245793002",60,185,"Bovada","points_lightgbm"
"Jordan Clarkson","points","OVER",14.5,"0.6262422717924367","24.8883781226399",63,165,"Bovada","points_lightgbm"
"LaMelo Ball","points","OVER",21.5,"0.640140707383303","24.798384463820494",64,155,"Bovada","points_lightgbm"
"Jock Landale","points","OVER",11.5,"0.6131107645225233","23.575227395648557",61,165,"Bovada","points_lightgbm"
"Andrew Wiggins","points","UNDER",10.5,"0.605520458116715","23.51500877463446",61,170,"Bovada","points_lightgbm"
"Brandon Miller","points","UNDER",15.5,"0.6275670345628418","22.75670345628418",63,150,"Bovada","points_lightgbm"
"Ben Sheppard","points","OVER",7.5,"0.6204617691104402","22.046176911044014",62,150,"Bovada","points_lightgbm"
"Isaiah Jackson","rebounds","OVER",6.5,"0.5597872946321834","21.495970842528678",56,190,"Bovada","rebounds_lightgbm"
"T.J. McConnell","points","OVER",11.5,"0.6051251657623364","21.29683030172384",61,155,"Bovada","points_lightgbm"
"Luke Kornet","points","OVER",11.5,"0.6038941276493516","21.173726490425356",60,155,"Bovada","points_lightgbm"
"Jakob Poeltl","points","OVER",14.5,"0.6105253137400383","21.052531374003824",61,150,"Bovada","points_lightgbm"
"DeMar DeRozan","rebounds","UNDER",2.5,"0.5372093433811486","20.387601004781526",54,200,"Bovada","rebounds_lightgbm"
"Andrew Nembhard","rebounds","UNDER",1.5,"0.5733796150347615","20.30092446643912",57,170,"Bovada","rebounds_lightgbm"
"Jamal Shead","points","OVER",8.5,"0.6086277110253192","20.046444571919675",61,145,"Bovada","points_lightgbm"
"Josh Okogie","rebounds","OVER",4.5,"0.6242994227586111","19.694899540818373",62,134,"FanDuel","rebounds_lightgbm"
"LaMelo Ball","points","OVER",20.5,"0.640140707383303","19.569626293885854",64,125,"Bovada","points_lightgbm"
"Kon Knueppel","points","UNDER",15.5,"0.6201093526059486","19.457743771233154",62,135,"Bovada","points_lightgbm"
"Kel'el Ware","rebounds","OVER",12.5,"0.5762136931383653","18.405683039326732",58,155,"Bovada","rebounds_lightgbm"
"Jarace Walker","points","OVER",10.5,"0.6006004854403861","18.393381877371944",60,140,"Bovada","points_lightgbm"
"Jordan Clarkson","points","OVER",13.5,"0.6262422717924367","18.179782734799232",63,125,"Bovada","points_lightgbm"
"Mark Williams","assists","OVER",1.5,"0.5548747448540093","17.75162542879716",55,165,"BetMGM","assists_logistic_pra"
"Chet Holmgren","rebounds","OVER",8.5,"0.5256843753885287","17.480718240607263",53,185,"Bovada","rebounds_lightgbm"
"Ja'Kobe Walter","rebounds","UNDER",2.5,"0.6186448437075438","17.42003992630994",62,125,"BetMGM","rebounds_lightgbm"
"Brandon Miller","points","UNDER",16.5,"0.6275670345628418","17.302158001738725",63,120,"Bovada","points_lightgbm"
"Andrew Wiggins","points","UNDER",11.5,"0.605520458116715","17.07378494210628",61,130,"Bovada","points_lightgbm"
"Clint Capela","rebounds","OVER",7.5,"0.5274298870326877","17.028702988983053",53,180,"Bovada","rebounds_lightgbm"
"Miles McBride","points","OVER",12.5,"0.6044929821218662","16.971037342621404",60,130,"Bovada","points_lightgbm"
"Jock Landale","points","OVER",10.5,"0.6131107645225233","16.86663200780789",61,125,"Bovada","points_lightgbm"
"Collin Murray-Boyles","rebounds","OVER",3.5,"0.6013047507737751","15.686030632933068",60,125,"BetMGM","rebounds_lightgbm"
"LaMelo Ball","points","OVER",19.5,"0.640140707383303","15.23358293345225",64,105,"Bovada","points_lightgbm"
"T.J. McConnell","points","OVER",10.5,"0.6051251657623364","15.05797112168819",61,120,"Bovada","points_lightgbm"
"Luke Kornet","points","OVER",10.5,"0.6038941276493516","14.934867310389704",60,120,"Bovada","points_lightgbm"
"Bam Adebayo","assists","OVER",3.5,"0.5650683977942428","14.84017311275761",57,140,"Bovada","assists_logistic_pra"
"Jakob Poeltl","points","OVER",13.5,"0.6105253137400383","14.540903467027084",61,115,"Bovada","points_lightgbm"
"Miles McBride","points","OVER",11.5,"0.6085762331330785","14.345995406331108",61,115,"BetMGM","points_lightgbm"
"Collin Sexton","rebounds","UNDER",1.5,"0.5398760510028303","13.98760510028303",54,150,"Bovada","rebounds_lightgbm"
"Tyler Herro","rebounds","UNDER",3.5,"0.5941314119937765","13.958595744832197",59,120,"Bovada","rebounds_lightgbm"
"Ben Sheppard","points","OVER",6.5,"0.6204617691104402","13.265689106165969",62,105,"Bovada","points_lightgbm"
"Kon Knueppel","points","UNDER",16.5,"0.6201093526059486","13.23044745571681",62,105,"BetMGM","points_lightgbm"
"Clint Capela","assists","OVER",0.5,"0.6034279473293269","12.723747113885075",60,110,"BetMGM","assists_logistic_pra"
"Jordan Clarkson","points","OVER",12.5,"0.6262422717924367","12.129177674293178",63,-102,"DraftKings","points_lightgbm"
"Jamal Shead","points","OVER",7.5,"0.6086277110253192","12.082283297653873",61,105,"Bovada","points_lightgbm"
"Ben Sheppard","rebounds","UNDER",3.5,"0.5780590569187268","11.934346058845158",58,118,"BetOnline.ag","rebounds_lightgbm"
"Will Richard","rebounds","OVER",2.5,"0.6066393536250964","11.883447557631587",61,105,"BetMGM","rebounds_lightgbm"
"Norman Powell","rebounds","UNDER",2.5,"0.5432549281458177","11.772301325220063",54,135,"Bovada","rebounds_lightgbm"
"Cam Spencer","points","OVER",10.5,"0.640925725052839","11.711620124331512",64,-110,"Bovada","points_lightgbm"
"Precious Achiuwa","rebounds","OVER",6.5,"0.5863122757922795","11.461416258473234",59,112,"BetOnline.ag","rebounds_lightgbm"
"Kentavious Caldwell-Pope","points","OVER",7.5,"0.6380600138454035","11.425049003587961",64,-110,"BetMGM","points_lightgbm"
"Jarace Walker","points","OVER",9.5,"0.6006004854403861","11.279560739160566",60,105,"Bovada","points_lightgbm"
"Sam Hauser","rebounds","OVER",3.5,"0.5998158954278984","11.20110173791179",60,105,"BetMGM","rebounds_lightgbm"
"Jarace Walker","rebounds","UNDER",3.5,"0.5271562634870264","11.048959682035969",53,140,"Bovada","rebounds_lightgbm"
"Mikal Bridges","rebounds","UNDER",3.5,"0.5449569570629842","11.017434836733203",54,130,"Bovada","rebounds_lightgbm"
"Caris LeVert","points","OVER",8.5,"0.609520409924356","10.952040992435597",61,100,"BetOnline.ag","points_lightgbm"
"Brandon Miller","points","UNDER",17.5,"0.6275670345628418","10.375751075331795",63,-110,"Bovada","points_lightgbm"
"T.J. McConnell","points","OVER",9.5,"0.6051251657623364","10.263760357328167",61,-101,"DraftKings","points_lightgbm"
"Jock Landale","points","OVER",9.5,"0.6131107645225233","10.091564257130381",61,-105,"Fanatics","points_lightgbm"
"Kon Knueppel","points","UNDER",17.5,"0.6201093526059486","10.087858337517929",62,-108,"DraftKings","points_lightgbm"
"Andrew Wiggins","points","UNDER",12.5,"0.6100762525130602","9.788113056184066",61,-105,"Bovada","points_lightgbm"
"Devin Booker","rebounds","UNDER",3.5,"0.5595136716026986","9.439739253293117",56,115,"BetMGM","rebounds_lightgbm"
"Brandon Miller","points","UNDER",18.5,"0.6275670345628418","9.268331363260929",63,-115,"Fanatics","points_lightgbm"
"Kentavious Caldwell-Pope","rebounds","UNDER",1.5,"0.5364515439276152","9.002297249904373",54,124,"BetOnline.ag","rebounds_lightgbm"
"Jock Landale","points","OVER",8.5,"0.6131107645225233","8.93012407129995",61,-110,"BetMGM","points_lightgbm"
"Kel'el Ware","rebounds","OVER",11.5,"0.5762136931383653","8.840881508958487",58,105,"Fanatics","rebounds_lightgbm"
"Jakob Poeltl","points","OVER",12.5,"0.6105253137400383","8.671578993051444",61,-110,"FanDuel","points_lightgbm"
"LaMelo Ball","points","OVER",18.5,"0.640140707383303","8.656927881187437",64,-124,"BetRivers","points_lightgbm"
"De'Aaron Fox","rebounds","UNDER",3.5,"0.5520649491300934","8.477522950392519",55,114,"FanDuel","rebounds_lightgbm"
"Kris Murray","rebounds","OVER",3.5,"0.582041454429757","8.452901661881167",58,101,"DraftKings","rebounds_lightgbm"
"Donovan Clingan","rebounds","OVER",10.5,"0.5786990461673583","7.869904616735834",58,100,"DraftKings","rebounds_lightgbm"
"Jordan Clarkson","points","OVER",11.5,"0.630238330786219","7.8668824059761615",63,-123,"BetOnline.ag","points_lightgbm"
"Andrew Wiggins","points","UNDER",13.5,"0.6100762525130602","7.519253158282768",61,-115,"DraftKings","points_lightgbm"
"Yves Missi","assists","OVER",1.5,"0.5607537304425037","7.294885239372317",56,105,"BetMGM","assists_logistic_pra"
"Isaiah Jackson","rebounds","OVER",5.5,"0.5597872946321834","7.1982416583402875",56,105,"Bovada","rebounds_lightgbm"
"T.J. McConnell","rebounds","UNDER",2.5,"0.6012350037254306","6.635128279519808",60,-115,"BetMGM","rebounds_lightgbm"
"Zach Edey","assists","OVER",1.5,"0.5537380270497451","6.593314900096459",55,105,"BetMGM","assists_logistic_pra"
"Jarace Walker","points","OVER",8.5,"0.6006004854403861","6.571676451015362",60,-115,"BetMGM","points_lightgbm"
"Cason Wallace","rebounds","UNDER",2.5,"0.5382801129906397","6.208963680016355",54,110,"Bovada","rebounds_lightgbm"
"Miles McBride","points","OVER",10.5,"0.6085762331330785","6.10649209158839",61,-121,"DraftKings","points_lightgbm"
"Mike Conley","rebounds","UNDER",1.5,"0.5709444082006596","5.874928624944009",57,-105,"BetMGM","rebounds_lightgbm"
"Jamal Shead","rebounds","UNDER",1.5,"0.5334797037201537","5.728922752967758",53,110,"Fanatics","rebounds_lightgbm"
"Ben Sheppard","points","OVER",5.5,"0.6204617691104402","5.149625186906082",62,-132,"FanDuel","points_lightgbm"
"Ja'Kobe Walter","assists","OVER",1.5,"0.5502595128941713","5.025951289417129",55,100,"BetMGM","assists_logistic_pra"
"Chet Holmgren","rebounds","OVER",7.5,"0.5256843753885287","4.949389919805258",53,110,"Bovada","rebounds_lightgbm"
"Ryan Kalkbrenner","rebounds","OVER",6.5,"0.5362575651102501","4.845268706146966",54,105,"Bovada","rebounds_lightgbm"
"Clint Capela","rebounds","OVER",6.5,"0.5274298870326877","3.9625008983907195",53,105,"Bovada","rebounds_lightgbm"
"Jamal Shead","points","OVER",6.5,"0.6086277110253192","3.4159625918936176",61,-135,"Bovada","points_lightgbm"
"Jock Landale","rebounds","OVER",4.5,"0.5946048331720583","2.9387441867710473",59,-130,"FanDuel","rebounds_lightgbm"
"LaMelo Ball","points","OVER",17.5,"0.640140707383303","2.4756091998687557",64,-160,"Bovada","points_lightgbm"
"Jordan Walsh","rebounds","OVER",4.5,"0.5629380605305805","2.3767553618138093",56,-117,"DraftKings","rebounds_lightgbm"
"Kon Knueppel","points","UNDER",18.5,"0.6201093526059486","2.0109352605948594",62,-150,"Bovada","points_lightgbm"
"Josh Okogie","rebounds","OVER",3.5,"0.6242994227586111","1.6456285503709145",62,-155,"Caesars","rebounds_lightgbm"
"Kel'el Ware","rebounds","OVER",10.5,"0.5762136931383653","1.0996301834017563",58,-130,"BetOnline.ag","rebounds_lightgbm"
"Jakob Poeltl","points","OVER",11.5,"0.6105253137400383","1.052531374003829",61,-150,"Bovada","points_lightgbm"
"Malik Monk","assists","OVER",2.5,"0.574684411876488","0.9467020572140217",57,-130,"BetOnline.ag","assists_logistic_pra"
"DeMar DeRozan","rebounds","UNDER",3.5,"0.5372093433811486","0.6692911456265938",54,-113,"BetRivers","rebounds_lightgbm"
"Tyler Herro","rebounds","UNDER",4.5,"0.6052419570835369","0.20673539089337556",61,-152,"DraftKings","rebounds_lightgbm"
"Brandon Miller","points","UNDER",19.5,"0.6275670345628418","-0.20625950667878534",63,-170,"Bovada","points_lightgbm"
"Anfernee Simons","rebounds","UNDER",2.5,"0.5485135473561759","-0.7042008199379723",55,-125,"Fanatics","rebounds_lightgbm"
"Miles McBride","rebounds","UNDER",2.5,"0.5467453839691504","-0.881017158640518",55,-125,"BetMGM","rebounds_lightgbm"
"Andrew Nembhard","rebounds","UNDER",2.5,"0.5733796150347615","-0.9953718298571834",57,-140,"DraftKings","rebounds_lightgbm"
"T.J. McConnell","points","OVER",8.5,"0.6051251657623364","-1.0259449622278982",61,-160,"Bovada","points_lightgbm"
"Trey Murphy III","rebounds","UNDER",5.5,"0.531711650677674","-1.783789887187559",53,-122,"DraftKings","rebounds_lightgbm"
"Jordan Clarkson","points","OVER",10.5,"0.630238330786219","-1.8884476231324832",63,-185,"Bovada","points_lightgbm"
"Precious Achiuwa","rebounds","OVER",5.5,"0.5863122757922795","-2.6090824982914262",59,-158,"FanDuel","rebounds_lightgbm"
"LaMelo Ball","points","OVER",16.5,"0.640140707383303","-2.6525959283363654",64,-200,"Bovada","points_lightgbm"
"Andrew Wiggins","points","UNDER",14.5,"0.6100762525130602","-3.2780890344082714",61,-180,"Bovada","points_lightgbm"
"Kon Knueppel","points","UNDER",19.5,"0.6201093526059486","-3.5063061187154854",62,-190,"Bovada","points_lightgbm"
"Miles McBride","points","OVER",9.5,"0.6085762331330785","-4.659618066002491",61,-190,"Bovada","points_lightgbm"
"Cam Spencer","rebounds","UNDER",2.5,"0.5264991853795628","-4.7968899726820275",53,-135,"BetOnline.ag","rebounds_lightgbm"
"Jarace Walker","points","OVER",7.5,"0.6006004854403861","-4.8522321577157745",60,-185,"Bovada","points_lightgbm"
"Norman Powell","rebounds","UNDER",3.5,"0.5493800175292042","-4.901355676798458",55,-149,"DraftKings","rebounds_lightgbm"
"Brandon Miller","points","UNDER",20.5,"0.6275670345628418","-5.4972647976840765",63,-215,"Bovada","points_lightgbm"
"Dillon Brooks","rebounds","UNDER",3.5,"0.534506509901083","-5.733022479279459",53,-145,"BetOnline.ag","rebounds_lightgbm"
"Bam Adebayo","assists","OVER",2.5,"0.5663722672212024","-6.188052088288687",57,-169,"BetOnline.ag","assists_logistic_pra"
"Ben Sheppard","points","OVER",4.5,"0.6204617691104402","-6.20779134292424",62,-215,"Bovada","points_lightgbm"
"Mikal Bridges","rebounds","UNDER",4.5,"0.5436300226179135","-6.421311463698842",54,-155,"BetMGM","rebounds_lightgbm"
"Aaron Holiday","assists","OVER",1.5,"0.5572607724870365","-6.53807369469257",56,-165,"BetMGM","assists_logistic_pra"
"Jarace Walker","rebounds","UNDER",4.5,"0.5258225871859308","-6.601414750794676",53,-145,"Bovada","rebounds_lightgbm"
"Ryan Rollins","rebounds","UNDER",4.5,"0.5257348430596784","-6.610189163419911",53,-145,"Bovada","rebounds_lightgbm"
"Jakob Poeltl","points","OVER",10.5,"0.6105253137400383","-6.689404109867136",61,-210,"Bovada","points_lightgbm"
"Jamal Shead","points","OVER",5.5,"0.6086277110253192","-6.879164381339042",61,-210,"Bovada","points_lightgbm"
"Jock Landale","points","OVER",7.5,"0.6131107645225233","-7.438923547747667",61,-220,"Bovada","points_lightgbm"
"LaMelo Ball","points","OVER",15.5,"0.640140707383303","-8.208151483891923",64,-260,"Bovada","points_lightgbm"
"Ben Sheppard","rebounds","UNDER",4.5,"0.5653846242506083","-8.373818276693557",57,-185,"Bovada","rebounds_lightgbm"
"Kon Knueppel","points","UNDER",20.5,"0.6201093526059486","-8.577300033522794",62,-240,"Bovada","points_lightgbm"
"Andrew Wiggins","points","UNDER",15.5,"0.6100762525130602","-8.689344445663682",61,-230,"Bovada","points_lightgbm"
"Isaiah Jackson","rebounds","OVER",4.5,"0.5597872946321834","-8.933551238536053",56,-185,"Bovada","rebounds_lightgbm"
"Chet Holmgren","rebounds","OVER",6.5,"0.5256843753885287","-8.970023999608667",53,-160,"Bovada","rebounds_lightgbm"
"T.J. McConnell","points","OVER",7.5,"0.6051251657623364","-9.184453120736059",61,-230,"Bovada","points_lightgbm"
"Jordan Clarkson","points","OVER",9.5,"0.630238330786219","-9.198389143600316",63,-260,"Bovada","points_lightgbm"
"Ryan Kalkbrenner","rebounds","OVER",5.5,"0.5362575651102501","-9.337206451937952",54,-170,"Bovada","rebounds_lightgbm"
"Collin Sexton","rebounds","UNDER",2.5,"0.5398760510028303","-10.170100992906928",54,-179,"BetOnline.ag","rebounds_lightgbm"
"Clint Capela","rebounds","OVER",5.5,"0.5274298870326877","-10.219974259694197",53,-170,"Bovada","rebounds_lightgbm"
"Brandon Miller","points","UNDER",21.5,"0.6275670345628418","-10.576629877049148",63,-275,"Bovada","points_lightgbm"
"Miles McBride","points","OVER",8.5,"0.6085762331330785","-12.475710020025478",61,-275,"Bovada","points_lightgbm"
"Kel'el Ware","rebounds","OVER",9.5,"0.5762136931383653","-12.966865980281117",58,-240,"Bovada","rebounds_lightgbm"
"Cason Wallace","rebounds","UNDER",3.5,"0.5444159686940238","-13.300338614468588",54,-210,"Bovada","rebounds_lightgbm"
"Jarace Walker","points","OVER",6.5,"0.6006004854403861","-13.624161982277172",60,-280,"Bovada","points_lightgbm"
"DeMar DeRozan","rebounds","UNDER",4.5,"0.5341548317203476","-17.17275212208289",53,-240,"Bovada","rebounds_lightgbm"
"Jarace Walker","rebounds","UNDER",5.5,"0.5258225871859308","-21.776715640381283",53,-290,"Bovada","rebounds_lightgbm"
"Ryan Rollins","rebounds","UNDER",5.5,"0.5257348430596784","-21.78549005300652",53,-290,"Bovada","rebounds_lightgbm"
"Chet Holmgren","rebounds","OVER",5.5,"0.5256843753885287","-22.431562461147124",53,-300,"Bovada","rebounds_lightgbm"
