market,submarket,model_name,split_year,n_test,auc,mae,brier,log_loss_val,brier_skill,cal_slope,cal_intercept,is_monotonic,pos_rate,avg_precision,feature_group
F5_Totals,over_3.5,LogReg,2023,2430,0.5125,0.4804,0.2582,0.7203,-0.1142,0.0267,0.5462,True,0.635,0.645,all
F5_Totals,over_3.5,LightGBM,2023,2430,0.5084,0.4674,0.2497,0.6977,-0.0774,0.0537,0.5266,True,0.635,0.6459,all
F5_Totals,over_3.5,LGB_tuned,2023,2430,0.5085,0.4698,0.2458,0.6878,-0.0607,0.0457,0.5326,True,0.635,0.639,all
F5_Totals,over_3.5,LogReg,2024,2430,0.5207,0.4704,0.2447,0.687,-0.0368,0.0897,0.4385,True,0.6181,0.6272,all
F5_Totals,over_3.5,LightGBM,2024,2430,0.5213,0.4651,0.245,0.6863,-0.0378,0.1387,0.4025,True,0.6181,0.6345,all
F5_Totals,over_3.5,LGB_tuned,2024,2430,0.5183,0.4682,0.2417,0.6778,-0.0238,0.1436,0.4066,True,0.6181,0.629,all
F5_Totals,over_3.5,LogReg,2025,2430,0.5423,0.4657,0.2361,0.6657,-0.0081,0.3714,0.3397,True,0.6255,0.6576,all
F5_Totals,over_3.5,LightGBM,2025,2430,0.5173,0.4661,0.2414,0.6777,-0.0305,0.1444,0.4378,True,0.6255,0.6423,all
F5_Totals,over_3.5,LGB_tuned,2025,2430,0.5346,0.4656,0.2359,0.665,-0.0071,0.3675,0.3344,True,0.6255,0.6546,all
F5_Totals,over_4.0,LogReg,2023,2430,0.5092,0.5013,0.2805,0.7737,-0.1266,0.0239,0.1377,True,0.5325,0.5454,all
F5_Totals,over_4.0,LightGBM,2023,2430,0.4932,0.5054,0.2794,0.7604,-0.1223,-0.0417,0.121,True,0.5325,0.5216,all
F5_Totals,over_4.0,LGB_tuned,2023,2430,0.4977,0.5037,0.2704,0.7383,-0.0863,-0.0314,0.1245,False,0.5325,0.5275,all
F5_Totals,over_4.0,LogReg,2024,2430,0.5288,0.4949,0.2596,0.7163,-0.0386,0.1579,-0.0391,False,0.4947,0.5119,all
F5_Totals,over_4.0,LightGBM,2024,2430,0.5342,0.4931,0.257,0.7087,-0.0279,0.2421,-0.0325,True,0.4947,0.529,all
F5_Totals,over_4.0,LGB_tuned,2024,2430,0.5292,0.4949,0.2541,0.7021,-0.0164,0.2716,-0.0325,False,0.4947,0.5219,all
F5_Totals,over_4.0,LogReg,2025,2430,0.5503,0.4911,0.2504,0.6944,-0.0015,0.4572,-0.0031,True,0.4959,0.5398,all
F5_Totals,over_4.0,LightGBM,2025,2430,0.5397,0.4923,0.2529,0.6996,-0.0115,0.3467,-0.0114,True,0.4959,0.5295,all
F5_Totals,over_4.0,LGB_tuned,2025,2430,0.5457,0.493,0.2504,0.6942,-0.0016,0.4556,-0.0033,True,0.4959,0.5372,all
F5_Totals,over_4.5,LogReg,2023,2430,0.5092,0.5013,0.2805,0.7737,-0.1266,0.0239,0.1377,True,0.5325,0.5454,all
F5_Totals,over_4.5,LightGBM,2023,2430,0.4932,0.5054,0.2794,0.7604,-0.1223,-0.0417,0.121,True,0.5325,0.5216,all
F5_Totals,over_4.5,LGB_tuned,2023,2430,0.4977,0.5037,0.2704,0.7383,-0.0863,-0.0314,0.1245,False,0.5325,0.5275,all
F5_Totals,over_4.5,LogReg,2024,2430,0.5288,0.4949,0.2596,0.7163,-0.0386,0.1579,-0.0391,False,0.4947,0.5119,all
F5_Totals,over_4.5,LightGBM,2024,2430,0.5342,0.4931,0.257,0.7087,-0.0279,0.2421,-0.0325,True,0.4947,0.529,all
F5_Totals,over_4.5,LGB_tuned,2024,2430,0.5292,0.4949,0.2541,0.7021,-0.0164,0.2716,-0.0325,False,0.4947,0.5219,all
F5_Totals,over_4.5,LogReg,2025,2430,0.5503,0.4911,0.2504,0.6944,-0.0015,0.4572,-0.0031,True,0.4959,0.5398,all
F5_Totals,over_4.5,LightGBM,2025,2430,0.5397,0.4923,0.2529,0.6996,-0.0115,0.3467,-0.0114,True,0.4959,0.5295,all
F5_Totals,over_4.5,LGB_tuned,2025,2430,0.5457,0.493,0.2504,0.6942,-0.0016,0.4556,-0.0033,True,0.4959,0.5372,all
F5_Totals,over_4.5,LGB_pitcher_only,2023,2430,0.5174,0.4981,0.2735,0.7489,-0.0988,0.0742,0.1416,True,0.5325,0.5404,pitcher_only
F5_Totals,over_4.5,LGB_pitcher_only,2024,2430,0.5139,0.4968,0.2604,0.7158,-0.0417,0.1253,-0.0317,True,0.4947,0.5104,pitcher_only
F5_Totals,over_4.5,LGB_pitcher_only,2025,2430,0.519,0.4953,0.2553,0.7043,-0.0213,0.2364,-0.0233,True,0.4959,0.5142,pitcher_only
F5_Totals,over_4.5,LGB_pitcher_park,2023,2430,0.5174,0.4981,0.2735,0.7489,-0.0988,0.0742,0.1416,True,0.5325,0.5404,pitcher_park
F5_Totals,over_4.5,LGB_pitcher_park,2024,2430,0.5139,0.4968,0.2604,0.7158,-0.0417,0.1253,-0.0317,True,0.4947,0.5104,pitcher_park
F5_Totals,over_4.5,LGB_pitcher_park,2025,2430,0.519,0.4953,0.2553,0.7043,-0.0213,0.2364,-0.0233,True,0.4959,0.5142,pitcher_park
F5_Totals,over_4.5,LGB_team_pitcher_park,2023,2430,0.5037,0.5009,0.2758,0.7526,-0.1079,0.0353,0.136,True,0.5325,0.5326,team_pitcher_park
F5_Totals,over_4.5,LGB_team_pitcher_park,2024,2430,0.5219,0.4949,0.259,0.7128,-0.0361,0.1889,-0.0375,True,0.4947,0.5202,team_pitcher_park
F5_Totals,over_4.5,LGB_team_pitcher_park,2025,2430,0.5057,0.4986,0.2593,0.7131,-0.0372,0.0659,-0.0188,True,0.4959,0.4973,team_pitcher_park
F5_Totals,over_5.0,LogReg,2023,2430,0.4895,0.4762,0.2723,0.766,-0.1219,-0.0649,-0.3903,False,0.4148,0.4085,all
F5_Totals,over_5.0,LightGBM,2023,2430,0.5113,0.4685,0.2664,0.7439,-0.0976,0.0524,-0.3035,True,0.4148,0.4276,all
F5_Totals,over_5.0,LGB_tuned,2023,2430,0.5038,0.4725,0.2605,0.7247,-0.0729,0.0028,-0.3422,True,0.4148,0.4222,all
F5_Totals,over_5.0,LogReg,2024,2430,0.5261,0.4754,0.2454,0.6883,-0.0444,0.118,-0.4593,True,0.3774,0.3917,all
F5_Totals,over_5.0,LightGBM,2024,2430,0.5352,0.4667,0.2416,0.6774,-0.0283,0.2569,-0.3844,True,0.3774,0.4066,all
F5_Totals,over_5.0,LGB_tuned,2024,2430,0.5456,0.4672,0.237,0.6669,-0.0085,0.4073,-0.3268,True,0.3774,0.4156,all
F5_Totals,over_5.0,LogReg,2025,2430,0.5685,0.46,0.2338,0.6605,0.0076,0.5834,-0.1904,True,0.3798,0.4355,all
F5_Totals,over_5.0,LightGBM,2025,2430,0.5541,0.46,0.2372,0.6683,-0.0068,0.4064,-0.2731,True,0.3798,0.4252,all
F5_Totals,over_5.0,LGB_tuned,2025,2430,0.5604,0.4613,0.2347,0.6626,0.0037,0.5311,-0.2128,True,0.3798,0.4324,all
F5_Totals,over_5.5,LogReg,2023,2430,0.4895,0.4762,0.2723,0.766,-0.1219,-0.0649,-0.3903,False,0.4148,0.4085,all
F5_Totals,over_5.5,LightGBM,2023,2430,0.5113,0.4685,0.2664,0.7439,-0.0976,0.0524,-0.3035,True,0.4148,0.4276,all
F5_Totals,over_5.5,LGB_tuned,2023,2430,0.5038,0.4725,0.2605,0.7247,-0.0729,0.0028,-0.3422,True,0.4148,0.4222,all
F5_Totals,over_5.5,LogReg,2024,2430,0.5261,0.4754,0.2454,0.6883,-0.0444,0.118,-0.4593,True,0.3774,0.3917,all
F5_Totals,over_5.5,LightGBM,2024,2430,0.5352,0.4667,0.2416,0.6774,-0.0283,0.2569,-0.3844,True,0.3774,0.4066,all
F5_Totals,over_5.5,LGB_tuned,2024,2430,0.5456,0.4672,0.237,0.6669,-0.0085,0.4073,-0.3268,True,0.3774,0.4156,all
F5_Totals,over_5.5,LogReg,2025,2430,0.5685,0.46,0.2338,0.6605,0.0076,0.5834,-0.1904,True,0.3798,0.4355,all
F5_Totals,over_5.5,LightGBM,2025,2430,0.5541,0.46,0.2372,0.6683,-0.0068,0.4064,-0.2731,True,0.3798,0.4252,all
F5_Totals,over_5.5,LGB_tuned,2025,2430,0.5604,0.4613,0.2347,0.6626,0.0037,0.5311,-0.2128,True,0.3798,0.4324,all
F5_TeamTotals,home_over_1.5,LogReg,2023,2430,0.518,0.4826,0.2626,0.7324,-0.1016,0.0602,0.4227,True,0.6078,0.6246,all
F5_TeamTotals,home_over_1.5,LightGBM,2023,2430,0.5161,0.4759,0.257,0.713,-0.0782,0.1041,0.3971,True,0.6078,0.6257,all
F5_TeamTotals,home_over_1.5,LGB_tuned,2023,2430,0.5235,0.4782,0.2511,0.6975,-0.0532,0.1587,0.3869,True,0.6078,0.6311,all
F5_TeamTotals,home_over_1.5,LogReg,2024,2430,0.5415,0.4683,0.2473,0.6922,-0.0238,0.2741,0.22,True,0.5918,0.6218,all
F5_TeamTotals,home_over_1.5,LightGBM,2024,2430,0.5388,0.4704,0.2482,0.6934,-0.0272,0.2541,0.2453,True,0.5918,0.6123,all
F5_TeamTotals,home_over_1.5,LGB_tuned,2024,2430,0.5421,0.4725,0.2448,0.6845,-0.0134,0.3306,0.2214,True,0.5918,0.6167,all
F5_TeamTotals,home_over_1.5,LogReg,2025,2430,0.5395,0.4697,0.2432,0.6815,-0.016,0.2882,0.2768,True,0.6029,0.6375,all
F5_TeamTotals,home_over_1.5,LightGBM,2025,2430,0.5274,0.4722,0.2457,0.6866,-0.0264,0.2215,0.3166,True,0.6029,0.6248,all
F5_TeamTotals,home_over_1.5,LGB_tuned,2025,2430,0.5321,0.4735,0.2424,0.6785,-0.0123,0.3058,0.2858,True,0.6029,0.6296,all
F5_TeamTotals,home_over_2.0,LogReg,2023,2430,0.5249,0.4799,0.2727,0.7563,-0.1013,0.1121,-0.1276,True,0.4506,0.4742,all
F5_TeamTotals,home_over_2.0,LightGBM,2023,2430,0.5244,0.4821,0.2669,0.7373,-0.0781,0.1334,-0.129,True,0.4506,0.4743,all
F5_TeamTotals,home_over_2.0,LGB_tuned,2023,2430,0.5305,0.4826,0.2588,0.7164,-0.0454,0.2001,-0.1102,False,0.4506,0.4905,all
F5_TeamTotals,home_over_2.0,LogReg,2024,2430,0.5486,0.4807,0.2489,0.697,-0.0245,0.2391,-0.2813,True,0.416,0.4565,all
F5_TeamTotals,home_over_2.0,LightGBM,2024,2430,0.5388,0.4803,0.2507,0.6967,-0.032,0.2421,-0.2677,True,0.416,0.4427,all
F5_TeamTotals,home_over_2.0,LGB_tuned,2024,2430,0.5463,0.4808,0.2468,0.6878,-0.0157,0.3272,-0.2482,True,0.416,0.4495,all
F5_TeamTotals,home_over_2.0,LogReg,2025,2430,0.5372,0.4835,0.2495,0.6942,-0.0171,0.2703,-0.1957,True,0.4313,0.4625,all
F5_TeamTotals,home_over_2.0,LightGBM,2025,2430,0.5421,0.4809,0.2497,0.6939,-0.0178,0.3078,-0.1717,True,0.4313,0.4633,all
F5_TeamTotals,home_over_2.0,LGB_tuned,2025,2430,0.5457,0.4823,0.2468,0.687,-0.006,0.4051,-0.15,True,0.4313,0.4656,all
F5_TeamTotals,home_over_2.5,LogReg,2023,2430,0.5249,0.4799,0.2727,0.7563,-0.1013,0.1121,-0.1276,True,0.4506,0.4742,all
F5_TeamTotals,home_over_2.5,LightGBM,2023,2430,0.5244,0.4821,0.2669,0.7373,-0.0781,0.1334,-0.129,True,0.4506,0.4743,all
F5_TeamTotals,home_over_2.5,LGB_tuned,2023,2430,0.5305,0.4826,0.2588,0.7164,-0.0454,0.2001,-0.1102,False,0.4506,0.4905,all
F5_TeamTotals,home_over_2.5,LogReg,2024,2430,0.5486,0.4807,0.2489,0.697,-0.0245,0.2391,-0.2813,True,0.416,0.4565,all
F5_TeamTotals,home_over_2.5,LightGBM,2024,2430,0.5388,0.4803,0.2507,0.6967,-0.032,0.2421,-0.2677,True,0.416,0.4427,all
F5_TeamTotals,home_over_2.5,LGB_tuned,2024,2430,0.5463,0.4808,0.2468,0.6878,-0.0157,0.3272,-0.2482,True,0.416,0.4495,all
F5_TeamTotals,home_over_2.5,LogReg,2025,2430,0.5372,0.4835,0.2495,0.6942,-0.0171,0.2703,-0.1957,True,0.4313,0.4625,all
F5_TeamTotals,home_over_2.5,LightGBM,2025,2430,0.5421,0.4809,0.2497,0.6939,-0.0178,0.3078,-0.1717,True,0.4313,0.4633,all
F5_TeamTotals,home_over_2.5,LGB_tuned,2025,2430,0.5457,0.4823,0.2468,0.687,-0.006,0.4051,-0.15,True,0.4313,0.4656,all
F5_TeamTotals,home_over_3.0,LogReg,2023,2430,0.5171,0.4016,0.2317,0.6833,-0.0874,0.0641,-0.7328,True,0.3078,0.3225,all
F5_TeamTotals,home_over_3.0,LightGBM,2023,2430,0.507,0.3954,0.2315,0.6848,-0.0866,0.052,-0.7422,False,0.3078,0.3276,all
F5_TeamTotals,home_over_3.0,LGB_tuned,2023,2430,0.5216,0.4028,0.2236,0.6519,-0.0496,0.1329,-0.6601,True,0.3078,0.3318,all
F5_TeamTotals,home_over_3.0,LogReg,2024,2430,0.5553,0.4092,0.211,0.6207,-0.0245,0.2388,-0.6885,True,0.2901,0.3296,all
F5_TeamTotals,home_over_3.0,LightGBM,2024,2430,0.5526,0.3997,0.21,0.6147,-0.0197,0.3077,-0.59,True,0.2901,0.3322,all
F5_TeamTotals,home_over_3.0,LGB_tuned,2024,2430,0.5597,0.4048,0.2067,0.6049,-0.0036,0.4322,-0.5024,True,0.2901,0.3396,all
F5_TeamTotals,home_over_3.0,LogReg,2025,2430,0.5547,0.4104,0.2129,0.6184,-0.007,0.4061,-0.4593,True,0.3037,0.3469,all
F5_TeamTotals,home_over_3.0,LightGBM,2025,2430,0.5293,0.4088,0.2165,0.6275,-0.0238,0.2513,-0.5819,True,0.3037,0.3271,all
F5_TeamTotals,home_over_3.0,LGB_tuned,2025,2430,0.5289,0.412,0.2143,0.6213,-0.0132,0.301,-0.5473,True,0.3037,0.3283,all
F5_TeamTotals,away_over_1.5,LogReg,2023,2430,0.5105,0.4979,0.2852,0.7888,-0.1724,0.0316,0.3341,True,0.5823,0.5976,all
F5_TeamTotals,away_over_1.5,LightGBM,2023,2430,0.5319,0.4864,0.2674,0.7377,-0.0992,0.1253,0.3159,True,0.5823,0.6073,all
F5_TeamTotals,away_over_1.5,LGB_tuned,2023,2430,0.5339,0.4879,0.2602,0.7177,-0.0696,0.1713,0.3147,True,0.5823,0.6105,all
F5_TeamTotals,away_over_1.5,LogReg,2024,2430,0.5439,0.4846,0.251,0.6981,-0.0213,0.2673,0.2004,True,0.565,0.5998,all
F5_TeamTotals,away_over_1.5,LightGBM,2024,2430,0.5526,0.4789,0.2507,0.6969,-0.02,0.33,0.1648,True,0.565,0.6051,all
F5_TeamTotals,away_over_1.5,LGB_tuned,2024,2430,0.5357,0.484,0.2508,0.6958,-0.0206,0.2814,0.1802,True,0.565,0.6006,all
F5_TeamTotals,away_over_1.5,LogReg,2025,2430,0.5628,0.4812,0.247,0.6884,0.0012,0.485,0.0717,True,0.5523,0.606,all
F5_TeamTotals,away_over_1.5,LightGBM,2025,2430,0.5605,0.4811,0.2483,0.6912,-0.004,0.4389,0.0781,True,0.5523,0.5931,all
F5_TeamTotals,away_over_1.5,LGB_tuned,2025,2430,0.5626,0.4826,0.2466,0.6866,0.0028,0.5295,0.06,True,0.5523,0.6092,all
F5_TeamTotals,away_over_2.0,LogReg,2023,2430,0.5337,0.4641,0.2641,0.7427,-0.0878,0.1509,-0.2365,True,0.4152,0.4475,all
F5_TeamTotals,away_over_2.0,LightGBM,2023,2430,0.5359,0.4631,0.2636,0.7381,-0.0855,0.156,-0.2223,True,0.4152,0.443,all
F5_TeamTotals,away_over_2.0,LGB_tuned,2023,2430,0.543,0.4663,0.2549,0.7109,-0.0497,0.2287,-0.1956,True,0.4152,0.4451,all
F5_TeamTotals,away_over_2.0,LogReg,2024,2430,0.5295,0.4709,0.2473,0.6908,-0.043,0.1824,-0.384,True,0.3864,0.4113,all
F5_TeamTotals,away_over_2.0,LightGBM,2024,2430,0.53,0.4693,0.2472,0.6912,-0.0424,0.1874,-0.3777,True,0.3864,0.4171,all
F5_TeamTotals,away_over_2.0,LGB_tuned,2024,2430,0.5418,0.4706,0.2421,0.678,-0.0209,0.3076,-0.3404,True,0.3864,0.4205,all
F5_TeamTotals,away_over_2.0,LogReg,2025,2430,0.5606,0.4626,0.236,0.6654,-0.0008,0.4719,-0.2675,True,0.3807,0.436,all
F5_TeamTotals,away_over_2.0,LightGBM,2025,2430,0.5558,0.4644,0.2385,0.6718,-0.0116,0.3548,-0.3218,True,0.3807,0.4232,all
F5_TeamTotals,away_over_2.0,LGB_tuned,2025,2430,0.5569,0.4658,0.2363,0.6661,-0.0022,0.4556,-0.2846,True,0.3807,0.4275,all
F5_TeamTotals,away_over_2.5,LogReg,2023,2430,0.5337,0.4641,0.2641,0.7427,-0.0878,0.1509,-0.2365,True,0.4152,0.4475,all
F5_TeamTotals,away_over_2.5,LightGBM,2023,2430,0.5359,0.4631,0.2636,0.7381,-0.0855,0.156,-0.2223,True,0.4152,0.443,all
F5_TeamTotals,away_over_2.5,LGB_tuned,2023,2430,0.543,0.4663,0.2549,0.7109,-0.0497,0.2287,-0.1956,True,0.4152,0.4451,all
F5_TeamTotals,away_over_2.5,LogReg,2024,2430,0.5295,0.4709,0.2473,0.6908,-0.043,0.1824,-0.384,True,0.3864,0.4113,all
F5_TeamTotals,away_over_2.5,LightGBM,2024,2430,0.53,0.4693,0.2472,0.6912,-0.0424,0.1874,-0.3777,True,0.3864,0.4171,all
F5_TeamTotals,away_over_2.5,LGB_tuned,2024,2430,0.5418,0.4706,0.2421,0.678,-0.0209,0.3076,-0.3404,True,0.3864,0.4205,all
F5_TeamTotals,away_over_2.5,LogReg,2025,2430,0.5606,0.4626,0.236,0.6654,-0.0008,0.4719,-0.2675,True,0.3807,0.436,all
F5_TeamTotals,away_over_2.5,LightGBM,2025,2430,0.5558,0.4644,0.2385,0.6718,-0.0116,0.3548,-0.3218,True,0.3807,0.4232,all
F5_TeamTotals,away_over_2.5,LGB_tuned,2025,2430,0.5569,0.4658,0.2363,0.6661,-0.0022,0.4556,-0.2846,True,0.3807,0.4275,all
F5_TeamTotals,away_over_3.0,LogReg,2023,2430,0.5394,0.373,0.2188,0.6599,-0.0732,0.1688,-0.6833,True,0.2852,0.3296,all
F5_TeamTotals,away_over_3.0,LightGBM,2023,2430,0.5482,0.3604,0.2188,0.6604,-0.0734,0.2052,-0.5916,True,0.2852,0.3172,all
F5_TeamTotals,away_over_3.0,LGB_tuned,2023,2430,0.5537,0.3704,0.2128,0.6315,-0.044,0.2674,-0.5481,True,0.2852,0.3192,all
F5_TeamTotals,away_over_3.0,LogReg,2024,2430,0.541,0.3805,0.1985,0.5903,-0.0467,0.2091,-0.8528,True,0.2543,0.2819,all
F5_TeamTotals,away_over_3.0,LightGBM,2024,2430,0.5374,0.3761,0.1971,0.5875,-0.0391,0.1947,-0.8564,True,0.2543,0.2741,all
F5_TeamTotals,away_over_3.0,LGB_tuned,2024,2430,0.5439,0.3792,0.1938,0.5773,-0.0219,0.2965,-0.7616,True,0.2543,0.283,all
F5_TeamTotals,away_over_3.0,LogReg,2025,2430,0.5573,0.3706,0.1927,0.5759,-0.0097,0.3674,-0.6405,True,0.2568,0.2933,all
F5_TeamTotals,away_over_3.0,LightGBM,2025,2430,0.5563,0.3678,0.1936,0.5776,-0.0145,0.3463,-0.6492,True,0.2568,0.2847,all
F5_TeamTotals,away_over_3.0,LGB_tuned,2025,2430,0.5652,0.373,0.1908,0.5691,0.0001,0.5071,-0.5011,True,0.2568,0.2949,all
NRFI,nrfi,LogReg,2023,2430,0.5122,0.4973,0.2695,0.7396,-0.0781,0.0678,-0.0216,True,0.4979,0.5019,all
NRFI,nrfi,LightGBM,2023,2430,0.5147,0.4968,0.2705,0.7416,-0.0818,0.0581,-0.0153,False,0.4979,0.5069,all
NRFI,nrfi,LGB_tuned,2023,2430,0.5201,0.4964,0.2622,0.7207,-0.0488,0.107,-0.0191,True,0.4979,0.5083,all
NRFI,nrfi,LogReg,2024,2427,0.5082,0.4996,0.261,0.7167,-0.0484,0.0625,0.1352,True,0.5328,0.5348,all
NRFI,nrfi,LightGBM,2024,2427,0.5182,0.4971,0.2609,0.7174,-0.0481,0.1147,0.1357,True,0.5328,0.5448,all
NRFI,nrfi,LGB_tuned,2024,2427,0.5144,0.4989,0.2582,0.7108,-0.0373,0.0913,0.1355,True,0.5328,0.5403,all
NRFI,nrfi,LogReg,2025,2430,0.5212,0.4964,0.2539,0.7012,-0.0154,0.2571,-0.0311,True,0.4979,0.5157,all
NRFI,nrfi,LightGBM,2025,2430,0.5082,0.4974,0.2578,0.7096,-0.0313,0.1295,-0.0153,True,0.4979,0.5167,all
NRFI,nrfi,LGB_tuned,2025,2430,0.5243,0.4959,0.2529,0.6992,-0.0116,0.2985,-0.0258,True,0.4979,0.5227,all
NRFI,nrfi,LGB_pitcher_only,2023,2430,0.5065,0.4988,0.2708,0.7416,-0.0832,0.0241,-0.0102,True,0.4979,0.5103,pitcher_only
NRFI,nrfi,LGB_pitcher_only,2024,2427,0.5028,0.4999,0.2634,0.7228,-0.058,-0.0069,0.1314,False,0.5328,0.5328,pitcher_only
NRFI,nrfi,LGB_pitcher_only,2025,2430,0.5095,0.4987,0.2583,0.7112,-0.0334,0.0615,-0.0103,False,0.4979,0.5064,pitcher_only
NRFI,nrfi,LGB_pitcher_park,2023,2430,0.5065,0.4988,0.2708,0.7416,-0.0832,0.0241,-0.0102,True,0.4979,0.5103,pitcher_park
NRFI,nrfi,LGB_pitcher_park,2024,2427,0.5028,0.4999,0.2634,0.7228,-0.058,-0.0069,0.1314,False,0.5328,0.5328,pitcher_park
NRFI,nrfi,LGB_pitcher_park,2025,2430,0.5095,0.4987,0.2583,0.7112,-0.0334,0.0615,-0.0103,False,0.4979,0.5064,pitcher_park
NRFI,nrfi,LGB_team_pitcher_park,2023,2430,0.4975,0.5005,0.2726,0.7446,-0.0903,-0.0054,-0.0079,True,0.4979,0.5052,team_pitcher_park
NRFI,nrfi,LGB_team_pitcher_park,2024,2427,0.5114,0.4981,0.2619,0.7195,-0.0521,0.0639,0.1318,True,0.5328,0.54,team_pitcher_park
NRFI,nrfi,LGB_team_pitcher_park,2025,2430,0.5083,0.4979,0.2577,0.7095,-0.031,0.1107,-0.0133,True,0.4979,0.5136,team_pitcher_park
YRFI,yrfi,LogReg,2023,2430,0.5121,0.4974,0.2695,0.7395,-0.0781,0.0675,0.0215,True,0.5021,0.5197,all
YRFI,yrfi,LightGBM,2023,2430,0.5147,0.4968,0.2705,0.7416,-0.0818,0.0581,0.0153,False,0.5021,0.5125,all
YRFI,yrfi,LGB_tuned,2023,2430,0.5201,0.4964,0.2622,0.7207,-0.0488,0.107,0.0191,True,0.5021,0.5183,all
YRFI,yrfi,LogReg,2024,2427,0.5082,0.4996,0.2609,0.7166,-0.0482,0.0632,-0.1351,True,0.4672,0.4776,all
YRFI,yrfi,LightGBM,2024,2427,0.5182,0.4971,0.2609,0.7174,-0.0481,0.1147,-0.1357,True,0.4672,0.4821,all
YRFI,yrfi,LGB_tuned,2024,2427,0.5144,0.4989,0.2582,0.7108,-0.0373,0.0913,-0.1355,True,0.4672,0.4776,all
YRFI,yrfi,LogReg,2025,2430,0.521,0.4964,0.2539,0.7013,-0.0156,0.2542,0.0307,True,0.5021,0.5304,all
YRFI,yrfi,LightGBM,2025,2430,0.5082,0.4974,0.2578,0.7096,-0.0313,0.1295,0.0153,True,0.5021,0.515,all
YRFI,yrfi,LGB_tuned,2025,2430,0.5243,0.4959,0.2529,0.6992,-0.0116,0.2985,0.0258,True,0.5021,0.5298,all
