date,home,away,home_score,away_score,btts,total_goals,season
2020-09-18,20.30  FC Bayern München,(3-0)  FC Schalke 04,8,0,0,8,2020-21
2020-09-19,15.30  1. FC Köln,(1-2)  TSG 1899 Hoffenheim,2,3,1,5,2020-21
2020-09-19,Eintracht Frankfurt,(0-0)  Arminia Bielefeld,1,1,1,2,2020-21
2020-09-19,VfB Stuttgart,(0-2)  SC Freiburg,2,3,1,5,2020-21
2020-09-19,SV Werder Bremen,(0-2)  Hertha BSC,1,4,1,5,2020-21
2020-09-19,1. FC Union Berlin,(0-1)  FC Augsburg,1,3,1,4,2020-21
2020-09-19,18.30  Borussia Dortmund,(1-0)  Borussia Mönchengladbach,3,0,0,3,2020-21
2020-09-20,15.30  RB Leipzig,(2-0)  1. FSV Mainz 05,3,1,1,4,2020-21
2020-09-20,18.00  VfL Wolfsburg,Bayer 04 Leverkusen,0,0,0,0,2020-21
2020-09-25,20.30  Hertha BSC,(0-2)  Eintracht Frankfurt,1,3,1,4,2020-21
2020-09-26,18.30  FC Schalke 04,(0-2)  SV Werder Bremen,1,3,1,4,2020-21
2020-09-26,FC Augsburg,(1-0)  Borussia Dortmund,2,0,0,2,2020-21
2020-09-26,1. FSV Mainz 05,(1-1)  VfB Stuttgart,1,4,1,5,2020-21
2020-09-26,15.30  Borussia Mönchengladbach,(0-0)  1. FC Union Berlin,1,1,1,2,2020-21
2020-09-26,Arminia Bielefeld,(0-0)  1. FC Köln,1,0,0,1,2020-21
2020-09-26,Bayer 04 Leverkusen,(1-1)  RB Leipzig,1,1,1,2,2020-21
2020-09-27,15.30  TSG 1899 Hoffenheim,(2-1)  FC Bayern München,4,1,1,5,2020-21
2020-09-27,18.00  SC Freiburg,(1-1)  VfL Wolfsburg,1,1,1,2,2020-21
2020-10-02,20.30  1. FC Union Berlin,(1-0)  1. FSV Mainz 05,4,0,0,4,2020-21
2020-10-03,SV Werder Bremen,(1-0)  Arminia Bielefeld,1,0,0,1,2020-21
2020-10-03,18.30  RB Leipzig,(3-0)  FC Schalke 04,4,0,0,4,2020-21
2020-10-03,VfB Stuttgart,(0-1)  Bayer 04 Leverkusen,1,1,1,2,2020-21
2020-10-03,15.30  1. FC Köln,(0-2)  Borussia Mönchengladbach,1,3,1,4,2020-21
2020-10-03,Eintracht Frankfurt,(0-1)  TSG 1899 Hoffenheim,2,1,1,3,2020-21
2020-10-03,Borussia Dortmund,(1-0)  SC Freiburg,4,0,0,4,2020-21
2020-10-04,15.30  VfL Wolfsburg,FC Augsburg,0,0,0,0,2020-21
2020-10-04,18.00  FC Bayern München,(1-0)  Hertha BSC,4,3,1,7,2020-21
2020-10-17,15.30  Hertha BSC,(0-1)  VfB Stuttgart,0,2,0,2,2020-21
2020-10-17,SC Freiburg,(1-1)  SV Werder Bremen,1,1,1,2,2020-21
2020-10-17,1. FSV Mainz 05,(0-1)  Bayer 04 Leverkusen,0,1,0,1,2020-21
2020-10-17,TSG 1899 Hoffenheim,(0-0)  Borussia Dortmund,0,1,0,1,2020-21
2020-10-17,FC Augsburg,(0-1)  RB Leipzig,0,2,0,2,2020-21
2020-10-17,18.30  Arminia Bielefeld,(0-3)  FC Bayern München,1,4,1,5,2020-21
2020-10-17,20.30  Borussia Mönchengladbach,(0-0)  VfL Wolfsburg,1,1,1,2,2020-21
2020-10-18,15.30  1. FC Köln,(0-1)  Eintracht Frankfurt,1,1,1,2,2020-21
2020-10-18,18.00  FC Schalke 04,(0-0)  1. FC Union Berlin,1,1,1,2,2020-21
2020-10-23,20.30  VfB Stuttgart,(1-1)  1. FC Köln,1,1,1,2,2020-21
2020-10-24,18.30  Borussia Dortmund,(0-0)  FC Schalke 04,3,0,0,3,2020-21
2020-10-24,RB Leipzig,(1-1)  Hertha BSC,2,1,1,3,2020-21
2020-10-24,15.30  FC Bayern München,(2-0)  Eintracht Frankfurt,5,0,0,5,2020-21
2020-10-24,1. FSV Mainz 05,(2-1)  Borussia Mönchengladbach,2,3,1,5,2020-21
2020-10-24,1. FC Union Berlin,(1-1)  SC Freiburg,1,1,1,2,2020-21
2020-10-25,15.30  VfL Wolfsburg,(2-0)  Arminia Bielefeld,2,1,1,3,2020-21
2020-10-25,18.00  SV Werder Bremen,(1-1)  TSG 1899 Hoffenheim,1,1,1,2,2020-21
2020-10-26,20.30  Bayer 04 Leverkusen,(1-0)  FC Augsburg,3,1,1,4,2020-21
2020-10-30,20.30  FC Schalke 04,(1-0)  VfB Stuttgart,1,1,1,2,2020-21
2020-10-31,15.30  1. FC Köln,(0-2)  FC Bayern München,1,2,1,3,2020-21
2020-10-31,Eintracht Frankfurt,(0-0)  SV Werder Bremen,1,1,1,2,2020-21
2020-10-31,FC Augsburg,(1-0)  1. FSV Mainz 05,3,1,1,4,2020-21
2020-10-31,18.30  Borussia Mönchengladbach,(0-0)  RB Leipzig,1,0,0,1,2020-21
2020-10-31,Arminia Bielefeld,(0-0)  Borussia Dortmund,0,2,0,2,2020-21
2020-11-01,15.30  SC Freiburg,(1-2)  Bayer 04 Leverkusen,2,4,1,6,2020-21
2020-11-01,18.00  Hertha BSC,(1-1)  VfL Wolfsburg,1,1,1,2,2020-21
2020-11-02,20.30  TSG 1899 Hoffenheim,(0-0)  1. FC Union Berlin,1,3,1,4,2020-21
2020-11-06,20.30  SV Werder Bremen,(0-0)  1. FC Köln,1,1,1,2,2020-21
2020-11-07,1. FC Union Berlin,(3-0)  Arminia Bielefeld,5,0,0,5,2020-21
2020-11-07,RB Leipzig,(1-0)  SC Freiburg,3,0,0,3,2020-21
2020-11-07,18.30  Borussia Dortmund,(1-1)  FC Bayern München,2,3,1,5,2020-21
2020-11-07,FC Augsburg,(0-1)  Hertha BSC,0,3,0,3,2020-21
2020-11-07,15.30  VfB Stuttgart,(2-0)  Eintracht Frankfurt,2,2,1,4,2020-21
2020-11-07,1. FSV Mainz 05,(2-1)  FC Schalke 04,2,2,1,4,2020-21
2020-11-08,15.30  VfL Wolfsburg,(2-0)  TSG 1899 Hoffenheim,2,1,1,3,2020-21
2020-11-08,18.00  Bayer 04 Leverkusen,(2-2)  Borussia Mönchengladbach,4,3,1,7,2020-21
2020-11-21,20.30  Hertha BSC,(1-0)  Borussia Dortmund,2,5,1,7,2020-21
2020-11-21,18.30  Eintracht Frankfurt,(1-0)  RB Leipzig,1,1,1,2,2020-21
2020-11-21,Arminia Bielefeld,(0-1)  Bayer 04 Leverkusen,1,2,1,3,2020-21
2020-11-21,TSG 1899 Hoffenheim,(1-2)  VfB Stuttgart,3,3,1,6,2020-21
2020-11-21,Borussia Mönchengladbach,(1-0)  FC Augsburg,1,1,1,2,2020-21
2020-11-21,15.30  FC Schalke 04,(0-2)  VfL Wolfsburg,0,2,0,2,2020-21
2020-11-21,FC Bayern München,(0-1)  SV Werder Bremen,1,1,1,2,2020-21
2020-11-22,15.30  SC Freiburg,(0-3)  1. FSV Mainz 05,1,3,1,4,2020-21
2020-11-22,18.00  1. FC Köln,(1-1)  1. FC Union Berlin,1,2,1,3,2020-21
2020-11-27,20.30  VfL Wolfsburg,(3-2)  SV Werder Bremen,5,3,1,8,2020-21
2020-11-28,RB Leipzig,(1-0)  Arminia Bielefeld,2,1,1,3,2020-21
2020-11-28,18.30  Borussia Mönchengladbach,(2-1)  FC Schalke 04,4,1,1,5,2020-21
2020-11-28,1. FC Union Berlin,(2-2)  Eintracht Frankfurt,3,3,1,6,2020-21
2020-11-28,VfB Stuttgart,(1-2)  FC Bayern München,1,3,1,4,2020-21
2020-11-28,FC Augsburg,(0-0)  SC Freiburg,1,1,1,2,2020-21
2020-11-28,15.30  Borussia Dortmund,(0-1)  1. FC Köln,1,2,1,3,2020-21
2020-11-29,15.30  Bayer 04 Leverkusen,Hertha BSC,0,0,0,0,2020-21
2020-11-29,18.00  1. FSV Mainz 05,(1-0)  TSG 1899 Hoffenheim,1,1,1,2,2020-21
2020-12-04,20.30  Hertha BSC,(0-1)  1. FC Union Berlin,3,1,1,4,2020-21
2020-12-05,18.30  FC Bayern München,(2-2)  RB Leipzig,3,3,1,6,2020-21
2020-12-05,Arminia Bielefeld,(2-0)  1. FSV Mainz 05,2,1,1,3,2020-21
2020-12-05,SC Freiburg,(1-1)  Borussia Mönchengladbach,2,2,1,4,2020-21
2020-12-05,15.30  1. FC Köln,(2-1)  VfL Wolfsburg,2,2,1,4,2020-21
2020-12-05,Eintracht Frankfurt,(1-0)  Borussia Dortmund,1,1,1,2,2020-21
2020-12-06,15.30  SV Werder Bremen,(0-1)  VfB Stuttgart,1,2,1,3,2020-21
2020-12-06,18.00  FC Schalke 04,(0-1)  Bayer 04 Leverkusen,0,3,0,3,2020-21
2020-12-07,20.30  TSG 1899 Hoffenheim,(1-1)  FC Augsburg,3,1,1,4,2020-21
2020-12-11,20.30  VfL Wolfsburg,(0-0)  Eintracht Frankfurt,2,1,1,3,2020-21
2020-12-12,RB Leipzig,(2-0)  SV Werder Bremen,2,0,0,2,2020-21
2020-12-12,18.30  1. FC Union Berlin,(1-0)  FC Bayern München,1,1,1,2,2020-21
2020-12-12,1. FSV Mainz 05,(0-0)  1. FC Köln,0,1,0,1,2020-21
2020-12-12,SC Freiburg,(0-0)  Arminia Bielefeld,2,0,0,2,2020-21
2020-12-12,Borussia Mönchengladbach,(0-0)  Hertha BSC,1,1,1,2,2020-21
2020-12-12,15.30  Borussia Dortmund,(1-1)  VfB Stuttgart,1,5,1,6,2020-21
2020-12-13,15.30  FC Augsburg,(1-0)  FC Schalke 04,2,2,1,4,2020-21
2020-12-13,18.00  Bayer 04 Leverkusen,(2-0)  TSG 1899 Hoffenheim,4,1,1,5,2020-21
2020-12-15,18.30  Eintracht Frankfurt,(3-1)  Borussia Mönchengladbach,3,3,1,6,2020-21
2020-12-15,20.30  SV Werder Bremen,(1-1)  Borussia Dortmund,1,2,1,3,2020-21
2020-12-15,Hertha BSC,1. FSV Mainz 05,0,0,0,0,2020-21
2020-12-15,VfB Stuttgart,(0-1)  1. FC Union Berlin,2,2,1,4,2020-21
2020-12-16,18.30  FC Schalke 04,(0-0)  SC Freiburg,0,2,0,2,2020-21
2020-12-16,20.30  FC Bayern München,(1-1)  VfL Wolfsburg,2,1,1,3,2020-21
2020-12-16,Arminia Bielefeld,(0-0)  FC Augsburg,0,1,0,1,2020-21
2020-12-16,TSG 1899 Hoffenheim,(0-0)  RB Leipzig,0,1,0,1,2020-21
2020-12-16,1. FC Köln,(0-2)  Bayer 04 Leverkusen,0,4,0,4,2020-21
2020-12-18,20.30  1. FC Union Berlin,(0-0)  Borussia Dortmund,2,1,1,3,2020-21
2020-12-19,18.30  Bayer 04 Leverkusen,(1-1)  FC Bayern München,1,2,1,3,2020-21
2020-12-19,RB Leipzig,1. FC Köln,0,0,0,0,2020-21
2020-12-19,FC Augsburg,(0-0)  Eintracht Frankfurt,0,2,0,2,2020-21
2020-12-19,1. FSV Mainz 05,(0-0)  SV Werder Bremen,0,1,0,1,2020-21
2020-12-19,Borussia Mönchengladbach,(1-0)  TSG 1899 Hoffenheim,1,2,1,3,2020-21
2020-12-19,15.30  FC Schalke 04,(0-0)  Arminia Bielefeld,0,1,0,1,2020-21
2020-12-20,15.30  SC Freiburg,(1-0)  Hertha BSC,4,1,1,5,2020-21
2020-12-20,18.00  VfL Wolfsburg,(0-0)  VfB Stuttgart,1,0,0,1,2020-21
2021-01-02,20.30  VfB Stuttgart,(0-0)  RB Leipzig,0,1,0,1,2020-21
2021-01-02,18.30  Hertha BSC,(1-0)  FC Schalke 04,3,0,0,3,2020-21
2021-01-02,TSG 1899 Hoffenheim,(0-3)  SC Freiburg,1,3,1,4,2020-21
2021-01-02,Arminia Bielefeld,(0-0)  Borussia Mönchengladbach,0,1,0,1,2020-21
2021-01-02,SV Werder Bremen,(0-2)  1. FC Union Berlin,0,2,0,2,2020-21
2021-01-02,Eintracht Frankfurt,(1-1)  Bayer 04 Leverkusen,2,1,1,3,2020-21
2021-01-02,15.30  1. FC Köln,(0-0)  FC Augsburg,0,1,0,1,2020-21
2021-01-03,15.30  Borussia Dortmund,(0-0)  VfL Wolfsburg,2,0,0,2,2020-21
2021-01-03,18.00  FC Bayern München,(0-2)  1. FSV Mainz 05,5,2,1,7,2020-21
2021-01-08,20.30  Borussia Mönchengladbach,(2-2)  FC Bayern München,3,2,1,5,2020-21
2021-01-09,18.30  RB Leipzig,(0-0)  Borussia Dortmund,1,3,1,4,2020-21
2021-01-09,1. FC Union Berlin,(1-1)  VfL Wolfsburg,2,2,1,4,2020-21
2021-01-09,SC Freiburg,(2-0)  1. FC Köln,5,0,0,5,2020-21
2021-01-09,Bayer 04 Leverkusen,(0-0)  SV Werder Bremen,1,1,1,2,2020-21
2021-01-09,15.30  FC Schalke 04,(1-0)  TSG 1899 Hoffenheim,4,0,0,4,2020-21
2021-01-09,1. FSV Mainz 05,(0-1)  Eintracht Frankfurt,0,2,0,2,2020-21
2021-01-10,15.30  FC Augsburg,(0-2)  VfB Stuttgart,1,4,1,5,2020-21
2021-01-10,18.00  Arminia Bielefeld,(0-0)  Hertha BSC,1,0,0,1,2020-21
2021-01-15,20.30  1. FC Union Berlin,(0-0)  Bayer 04 Leverkusen,1,0,0,1,2020-21
2021-01-16,15.30  1. FC Köln,Hertha BSC,0,0,0,0,2020-21
2021-01-16,Borussia Dortmund,(0-0)  1. FSV Mainz 05,1,1,1,2,2020-21
2021-01-16,SV Werder Bremen,(0-0)  FC Augsburg,2,0,0,2,2020-21
2021-01-16,VfL Wolfsburg,(2-1)  RB Leipzig,2,2,1,4,2020-21
2021-01-16,TSG 1899 Hoffenheim,Arminia Bielefeld,0,0,0,0,2020-21
2021-01-16,18.30  VfB Stuttgart,(0-1)  Borussia Mönchengladbach,2,2,1,4,2020-21
2021-01-17,18.00  Eintracht Frankfurt,(1-1)  FC Schalke 04,3,1,1,4,2020-21
2021-01-17,15.30  FC Bayern München,(1-0)  SC Freiburg,2,1,1,3,2020-21
2021-01-19,20.30  Hertha BSC,(0-1)  TSG 1899 Hoffenheim,0,3,0,3,2020-21
2021-01-19,Bayer 04 Leverkusen,(1-0)  Borussia Dortmund,2,1,1,3,2020-21
2021-01-19,18.30  Borussia Mönchengladbach,(0-0)  SV Werder Bremen,1,0,0,1,2020-21
2021-01-19,1. FSV Mainz 05,(0-0)  VfL Wolfsburg,0,2,0,2,2020-21
2021-01-20,RB Leipzig,(0-0)  1. FC Union Berlin,1,0,0,1,2020-21
2021-01-20,FC Augsburg,(0-1)  FC Bayern München,0,1,0,1,2020-21
2021-01-20,SC Freiburg,(1-1)  Eintracht Frankfurt,2,2,1,4,2020-21
2021-01-20,20.30  Arminia Bielefeld,(1-0)  VfB Stuttgart,3,0,0,3,2020-21
2021-01-20,18.30  FC Schalke 04,(0-1)  1. FC Köln,1,2,1,3,2020-21
2021-01-22,20.30  Borussia Mönchengladbach,(2-2)  Borussia Dortmund,4,2,1,6,2020-21
2021-01-23,15.30  Arminia Bielefeld,(1-3)  Eintracht Frankfurt,1,5,1,6,2020-21
2021-01-23,Bayer 04 Leverkusen,(0-1)  VfL Wolfsburg,0,1,0,1,2020-21
2021-01-23,SC Freiburg,(2-1)  VfB Stuttgart,2,1,1,3,2020-21
2021-01-23,1. FSV Mainz 05,(2-2)  RB Leipzig,3,2,1,5,2020-21
2021-01-23,FC Augsburg,(1-1)  1. FC Union Berlin,2,1,1,3,2020-21
2021-01-23,18.30  Hertha BSC,(1-2)  SV Werder Bremen,1,4,1,5,2020-21
2021-01-24,15.30  FC Schalke 04,(0-1)  FC Bayern München,0,4,0,4,2020-21
2021-01-24,18.00  TSG 1899 Hoffenheim,(2-0)  1. FC Köln,3,0,0,3,2020-21
2021-01-29,20.30  VfB Stuttgart,(0-0)  1. FSV Mainz 05,2,0,0,2,2020-21
2021-01-30,1. FC Union Berlin,(1-0)  Borussia Mönchengladbach,1,1,1,2,2020-21
2021-01-30,FC Bayern München,(2-1)  TSG 1899 Hoffenheim,4,1,1,5,2020-21
2021-01-30,18.30  RB Leipzig,(0-0)  Bayer 04 Leverkusen,1,0,0,1,2020-21
2021-01-30,Borussia Dortmund,(1-1)  FC Augsburg,3,1,1,4,2020-21
2021-01-30,15.30  Eintracht Frankfurt,(0-0)  Hertha BSC,3,1,1,4,2020-21
2021-01-30,SV Werder Bremen,(0-1)  FC Schalke 04,1,1,1,2,2020-21
2021-01-31,15.30  1. FC Köln,(2-0)  Arminia Bielefeld,3,1,1,4,2020-21
2021-01-31,18.00  VfL Wolfsburg,(2-0)  SC Freiburg,3,0,0,3,2020-21
2021-02-05,20.00  Hertha BSC,(0-1)  FC Bayern München,0,1,0,1,2020-21
2021-02-06,18.30  Borussia Mönchengladbach,(1-1)  1. FC Köln,1,2,1,3,2020-21
2021-02-06,1. FSV Mainz 05,(1-0)  1. FC Union Berlin,1,0,0,1,2020-21
2021-02-06,FC Augsburg,(0-1)  VfL Wolfsburg,0,2,0,2,2020-21
2021-02-06,Bayer 04 Leverkusen,(2-0)  VfB Stuttgart,5,2,1,7,2020-21
2021-02-06,15.30  FC Schalke 04,(0-1)  RB Leipzig,0,3,0,3,2020-21
2021-02-06,SC Freiburg,(0-0)  Borussia Dortmund,2,1,1,3,2020-21
2021-02-07,15.30  TSG 1899 Hoffenheim,(0-1)  Eintracht Frankfurt,1,3,1,4,2020-21
2021-02-12,20.30  RB Leipzig,(2-0)  FC Augsburg,2,1,1,3,2020-21
2021-02-13,15.30  Borussia Dortmund,(1-1)  TSG 1899 Hoffenheim,2,2,1,4,2020-21
2021-02-13,VfB Stuttgart,(1-0)  Hertha BSC,1,1,1,2,2020-21
2021-02-13,SV Werder Bremen,SC Freiburg,0,0,0,0,2020-21
2021-02-13,Bayer 04 Leverkusen,(1-0)  1. FSV Mainz 05,2,2,1,4,2020-21
2021-02-13,18.30  1. FC Union Berlin,FC Schalke 04,0,0,0,0,2020-21
2021-02-14,15.30  Eintracht Frankfurt,(0-0)  1. FC Köln,2,0,0,2,2020-21
2021-02-14,18.00  VfL Wolfsburg,Borussia Mönchengladbach,0,0,0,0,2020-21
2021-02-15,20.30  FC Bayern München,(0-2)  Arminia Bielefeld,3,3,1,6,2020-21
2021-02-19,20.30  Arminia Bielefeld,(0-1)  VfL Wolfsburg,0,3,0,3,2020-21
2021-02-20,15.30  1. FC Köln,(0-0)  VfB Stuttgart,0,1,0,1,2020-21
2021-02-20,Eintracht Frankfurt,(2-0)  FC Bayern München,2,1,1,3,2020-21
2021-02-20,Borussia Mönchengladbach,(1-1)  1. FSV Mainz 05,1,2,1,3,2020-21
2021-02-20,SC Freiburg,(0-0)  1. FC Union Berlin,0,1,0,1,2020-21
2021-02-20,18.30  FC Schalke 04,(0-2)  Borussia Dortmund,0,4,0,4,2020-21
2021-02-21,15.30  Hertha BSC,(0-1)  RB Leipzig,0,3,0,3,2020-21
2021-02-21,18.00  TSG 1899 Hoffenheim,(2-0)  SV Werder Bremen,4,0,0,4,2020-21
2021-02-21,13.30  FC Augsburg,(1-0)  Bayer 04 Leverkusen,1,1,1,2,2020-21
2021-02-26,20.30  SV Werder Bremen,(0-1)  Eintracht Frankfurt,2,1,1,3,2020-21
2021-02-27,15.30  Borussia Dortmund,(0-0)  Arminia Bielefeld,3,0,0,3,2020-21
2021-02-27,VfB Stuttgart,(3-1)  FC Schalke 04,5,1,1,6,2020-21
2021-02-27,FC Bayern München,(2-0)  1. FC Köln,5,1,1,6,2020-21
2021-02-27,VfL Wolfsburg,(1-0)  Hertha BSC,2,0,0,2,2020-21
2021-02-27,18.30  RB Leipzig,(0-2)  Borussia Mönchengladbach,3,2,1,5,2020-21
2021-02-28,15.30  1. FSV Mainz 05,(0-1)  FC Augsburg,0,1,0,1,2020-21
2021-02-28,13.30  1. FC Union Berlin,(1-1)  TSG 1899 Hoffenheim,1,1,1,2,2020-21
2021-02-28,18.00  Bayer 04 Leverkusen,(0-0)  SC Freiburg,1,2,1,3,2020-21
2021-03-05,20.30  FC Schalke 04,1. FSV Mainz 05,0,0,0,0,2020-21
2021-03-06,15.30  Eintracht Frankfurt,(0-0)  VfB Stuttgart,1,1,1,2,2020-21
2021-03-06,Hertha BSC,(0-1)  FC Augsburg,2,1,1,3,2020-21
2021-03-06,Borussia Mönchengladbach,(0-0)  Bayer 04 Leverkusen,0,1,0,1,2020-21
2021-03-06,SC Freiburg,(0-1)  RB Leipzig,0,3,0,3,2020-21
2021-03-06,TSG 1899 Hoffenheim,(2-1)  VfL Wolfsburg,2,1,1,3,2020-21
2021-03-06,18.30  FC Bayern München,(2-2)  Borussia Dortmund,4,2,1,6,2020-21
2021-03-07,15.30  1. FC Köln,(0-0)  SV Werder Bremen,1,1,1,2,2020-21
2021-03-07,18.00  Arminia Bielefeld,1. FC Union Berlin,0,0,0,0,2020-21
2021-03-10,18.30  Arminia Bielefeld,(0-0)  SV Werder Bremen,0,2,0,2,2020-21
2021-03-12,20.30  FC Augsburg,(0-0)  Borussia Mönchengladbach,3,1,1,4,2020-21
2021-03-13,15.30  SV Werder Bremen,(0-2)  FC Bayern München,1,3,1,4,2020-21
2021-03-13,VfL Wolfsburg,(1-0)  FC Schalke 04,5,0,0,5,2020-21
2021-03-13,1. FSV Mainz 05,(0-0)  SC Freiburg,1,0,0,1,2020-21
2021-03-13,1. FC Union Berlin,(0-1)  1. FC Köln,2,1,1,3,2020-21
2021-03-13,18.30  Borussia Dortmund,(0-0)  Hertha BSC,2,0,0,2,2020-21
2021-03-14,13.30  Bayer 04 Leverkusen,(0-1)  Arminia Bielefeld,1,2,1,3,2020-21
2021-03-14,15.30  RB Leipzig,(0-0)  Eintracht Frankfurt,1,1,1,2,2020-21
2021-03-14,18.00  VfB Stuttgart,(1-0)  TSG 1899 Hoffenheim,2,0,0,2,2020-21
2021-03-19,20.30  Arminia Bielefeld,(0-0)  RB Leipzig,0,1,0,1,2020-21
2021-03-20,15.30  1. FC Köln,(1-1)  Borussia Dortmund,2,2,1,4,2020-21
2021-03-20,Eintracht Frankfurt,(4-2)  1. FC Union Berlin,5,2,1,7,2020-21
2021-03-20,SV Werder Bremen,(1-2)  VfL Wolfsburg,1,2,1,3,2020-21
2021-03-20,FC Bayern München,(4-0)  VfB Stuttgart,4,0,0,4,2020-21
2021-03-20,18.30  FC Schalke 04,(0-1)  Borussia Mönchengladbach,0,3,0,3,2020-21
2021-03-21,13.30  TSG 1899 Hoffenheim,(1-2)  1. FSV Mainz 05,1,2,1,3,2020-21
2021-03-21,15.30  Hertha BSC,(3-0)  Bayer 04 Leverkusen,3,0,0,3,2020-21
2021-03-21,18.00  SC Freiburg,(0-0)  FC Augsburg,2,0,0,2,2020-21
2021-04-03,20.30  Borussia Mönchengladbach,(0-1)  SC Freiburg,2,1,1,3,2020-21
2021-04-03,18.30  RB Leipzig,(0-1)  FC Bayern München,0,1,0,1,2020-21
2021-04-03,FC Augsburg,(2-0)  TSG 1899 Hoffenheim,2,1,1,3,2020-21
2021-04-03,15.30  Borussia Dortmund,(1-1)  Eintracht Frankfurt,1,2,1,3,2020-21
2021-04-03,VfL Wolfsburg,(0-0)  1. FC Köln,1,0,0,1,2020-21
2021-04-03,Bayer 04 Leverkusen,(1-0)  FC Schalke 04,2,1,1,3,2020-21
2021-04-03,1. FSV Mainz 05,(0-0)  Arminia Bielefeld,1,1,1,2,2020-21
2021-04-04,15.30  VfB Stuttgart,(0-0)  SV Werder Bremen,1,0,0,1,2020-21
2021-04-04,18.00  1. FC Union Berlin,(1-1)  Hertha BSC,1,1,1,2,2020-21
2021-04-09,20.30  Arminia Bielefeld,(0-0)  SC Freiburg,1,0,0,1,2020-21
2021-04-10,15.30  Eintracht Frankfurt,(2-1)  VfL Wolfsburg,4,3,1,7,2020-21
2021-04-10,SV Werder Bremen,(0-3)  RB Leipzig,1,4,1,5,2020-21
2021-04-10,Hertha BSC,(1-2)  Borussia Mönchengladbach,2,2,1,4,2020-21
2021-04-10,FC Bayern München,(0-0)  1. FC Union Berlin,1,1,1,2,2020-21
2021-04-10,18.30  VfB Stuttgart,(1-0)  Borussia Dortmund,2,3,1,5,2020-21
2021-04-11,15.30  FC Schalke 04,(1-0)  FC Augsburg,1,0,0,1,2020-21
2021-04-11,18.00  1. FC Köln,(1-1)  1. FSV Mainz 05,2,3,1,5,2020-21
2021-04-12,20.30  TSG 1899 Hoffenheim,Bayer 04 Leverkusen,0,0,0,0,2020-21
2021-04-16,20.30  RB Leipzig,TSG 1899 Hoffenheim,0,0,0,0,2020-21
2021-04-17,15.30  Borussia Mönchengladbach,(1-0)  Eintracht Frankfurt,4,0,0,4,2020-21
2021-04-17,SC Freiburg,(2-0)  FC Schalke 04,4,0,0,4,2020-21
2021-04-17,VfL Wolfsburg,(1-3)  FC Bayern München,2,3,1,5,2020-21
2021-04-17,FC Augsburg,Arminia Bielefeld,0,0,0,0,2020-21
2021-04-17,1. FC Union Berlin,(2-0)  VfB Stuttgart,2,1,1,3,2020-21
2021-04-17,18.30  Bayer 04 Leverkusen,(1-0)  1. FC Köln,3,0,0,3,2020-21
2021-04-18,15.30  Borussia Dortmund,(3-1)  SV Werder Bremen,4,1,1,5,2020-21
2021-04-20,FC Bayern München,(2-0)  Bayer 04 Leverkusen,2,0,0,2,2020-21
2021-04-20,Arminia Bielefeld,(0-0)  FC Schalke 04,1,0,0,1,2020-21
2021-04-20,18.30  1. FC Köln,(0-0)  RB Leipzig,2,1,1,3,2020-21
2021-04-20,20.30  Eintracht Frankfurt,(1-0)  FC Augsburg,2,0,0,2,2020-21
2021-04-21,20.30  Borussia Dortmund,(1-0)  1. FC Union Berlin,2,0,0,2,2020-21
2021-04-21,VfB Stuttgart,(0-2)  VfL Wolfsburg,1,3,1,4,2020-21
2021-04-21,SV Werder Bremen,(0-1)  1. FSV Mainz 05,0,1,0,1,2020-21
2021-04-21,TSG 1899 Hoffenheim,(0-2)  Borussia Mönchengladbach,3,2,1,5,2020-21
2021-04-23,20.30  FC Augsburg,(0-3)  1. FC Köln,2,3,1,5,2020-21
2021-04-24,18.30  Bayer 04 Leverkusen,(0-0)  Eintracht Frankfurt,3,1,1,4,2020-21
2021-04-24,1. FC Union Berlin,(0-0)  SV Werder Bremen,3,1,1,4,2020-21
2021-04-24,15.30  SC Freiburg,(0-1)  TSG 1899 Hoffenheim,1,1,1,2,2020-21
2021-04-24,VfL Wolfsburg,(0-1)  Borussia Dortmund,0,2,0,2,2020-21
2021-04-24,1. FSV Mainz 05,(2-0)  FC Bayern München,2,1,1,3,2020-21
2021-04-25,15.30  RB Leipzig,(0-0)  VfB Stuttgart,2,0,0,2,2020-21
2021-04-25,18.00  Borussia Mönchengladbach,(3-0)  Arminia Bielefeld,5,0,0,5,2020-21
2021-05-03,18.00  1. FSV Mainz 05,(1-1)  Hertha BSC,1,1,1,2,2020-21
2021-05-06,18.30  Hertha BSC,(2-0)  SC Freiburg,3,0,0,3,2020-21
2021-05-07,20.30  VfB Stuttgart,(1-0)  FC Augsburg,2,1,1,3,2020-21
2021-05-08,TSG 1899 Hoffenheim,(0-2)  FC Schalke 04,4,2,1,6,2020-21
2021-05-08,18.30  FC Bayern München,(4-0)  Borussia Mönchengladbach,6,0,0,6,2020-21
2021-05-08,VfL Wolfsburg,(1-0)  1. FC Union Berlin,3,0,0,3,2020-21
2021-05-08,15.30  Borussia Dortmund,(1-0)  RB Leipzig,3,2,1,5,2020-21
2021-05-08,SV Werder Bremen,Bayer 04 Leverkusen,0,0,0,0,2020-21
2021-05-09,13.30  1. FC Köln,(0-2)  SC Freiburg,1,4,1,5,2020-21
2021-05-09,15.30  Eintracht Frankfurt,(0-1)  1. FSV Mainz 05,1,1,1,2,2020-21
2021-05-09,18.00  Hertha BSC,Arminia Bielefeld,0,0,0,0,2020-21
2021-05-12,18.00  FC Schalke 04,(1-1)  Hertha BSC,1,2,1,3,2020-21
2021-05-15,FC Augsburg,(0-0)  SV Werder Bremen,2,0,0,2,2020-21
2021-05-15,SC Freiburg,(1-1)  FC Bayern München,2,2,1,4,2020-21
2021-05-15,Bayer 04 Leverkusen,(1-0)  1. FC Union Berlin,1,1,1,2,2020-21
2021-05-15,Arminia Bielefeld,(1-1)  TSG 1899 Hoffenheim,1,1,1,2,2020-21
2021-05-15,Hertha BSC,1. FC Köln,0,0,0,0,2020-21
2021-05-15,15.30  FC Schalke 04,(1-1)  Eintracht Frankfurt,4,3,1,7,2020-21
2021-05-15,Borussia Mönchengladbach,(1-0)  VfB Stuttgart,1,2,1,3,2020-21
2021-05-16,18.00  1. FSV Mainz 05,(0-2)  Borussia Dortmund,1,3,1,4,2020-21
2021-05-16,20.30  RB Leipzig,(0-2)  VfL Wolfsburg,2,2,1,4,2020-21
2021-05-22,VfL Wolfsburg,(0-1)  1. FSV Mainz 05,2,3,1,5,2020-21
2021-05-22,15.35  FC Bayern München,(4-0)  FC Augsburg,5,2,1,7,2020-21
2021-05-22,1. FC Union Berlin,(0-0)  RB Leipzig,2,1,1,3,2020-21
2021-05-22,SV Werder Bremen,(0-1)  Borussia Mönchengladbach,2,4,1,6,2020-21
2021-05-22,TSG 1899 Hoffenheim,(0-1)  Hertha BSC,2,1,1,3,2020-21
2021-05-22,Borussia Dortmund,(1-0)  Bayer 04 Leverkusen,3,1,1,4,2020-21
2021-05-22,15.30  1. FC Köln,(0-0)  FC Schalke 04,1,0,0,1,2020-21
2021-05-22,VfB Stuttgart,(0-0)  Arminia Bielefeld,0,2,0,2,2020-21
2021-05-22,Eintracht Frankfurt,(0-0)  SC Freiburg,3,1,1,4,2020-21
2021-08-13,20.30  Borussia Mönchengladbach,(1-1)  FC Bayern München,1,1,1,2,2021-22
2021-08-14,15.30  VfL Wolfsburg,(1-0)  VfL Bochum 1848,1,0,0,1,2021-22
2021-08-14,1. FC Union Berlin,(1-1)  Bayer 04 Leverkusen,1,1,1,2,2021-22
2021-08-14,VfB Stuttgart,(2-0)  SpVgg Greuther Fürth 1903,5,1,1,6,2021-22
2021-08-14,FC Augsburg,(0-1)  TSG 1899 Hoffenheim,0,4,0,4,2021-22
2021-08-14,Arminia Bielefeld,SC Freiburg,0,0,0,0,2021-22
2021-08-14,18.30  Borussia Dortmund,(3-1)  Eintracht Frankfurt,5,2,1,7,2021-22
2021-08-15,17.30  1. FC Köln,(1-1)  Hertha BSC,3,1,1,4,2021-22
2021-08-15,15.30  1. FSV Mainz 05,(1-0)  RB Leipzig,1,0,0,1,2021-22
2021-08-20,20.30  RB Leipzig,(1-0)  VfB Stuttgart,4,0,0,4,2021-22
2021-08-21,15.30  Eintracht Frankfurt,FC Augsburg,0,0,0,0,2021-22
2021-08-21,SC Freiburg,(1-0)  Borussia Dortmund,2,1,1,3,2021-22
2021-08-21,VfL Bochum 1848,(1-0)  1. FSV Mainz 05,2,0,0,2,2021-22
2021-08-21,SpVgg Greuther Fürth 1903,(0-1)  Arminia Bielefeld,1,1,1,2,2021-22
2021-08-21,15.35  Hertha BSC,(0-0)  VfL Wolfsburg,1,2,1,3,2021-22
2021-08-21,18.30  Bayer 04 Leverkusen,(2-0)  Borussia Mönchengladbach,4,0,0,4,2021-22
2021-08-22,17.30  FC Bayern München,(0-0)  1. FC Köln,3,2,1,5,2021-22
2021-08-22,15.30  TSG 1899 Hoffenheim,(2-1)  1. FC Union Berlin,2,2,1,4,2021-22
2021-08-27,20.30  Borussia Dortmund,(0-0)  TSG 1899 Hoffenheim,3,2,1,5,2021-22
2021-08-28,15.30  VfB Stuttgart,(2-3)  SC Freiburg,2,3,1,5,2021-22
2021-08-28,1. FSV Mainz 05,(2-0)  SpVgg Greuther Fürth 1903,3,0,0,3,2021-22
2021-08-28,FC Augsburg,(1-2)  Bayer 04 Leverkusen,1,4,1,5,2021-22
2021-08-28,Arminia Bielefeld,(0-1)  Eintracht Frankfurt,1,1,1,2,2021-22
2021-08-28,1. FC Köln,(0-0)  VfL Bochum 1848,2,1,1,3,2021-22
2021-08-28,18.30  FC Bayern München,(2-0)  Hertha BSC,5,0,0,5,2021-22
2021-08-29,15.30  1. FC Union Berlin,(2-0)  Borussia Mönchengladbach,2,1,1,3,2021-22
2021-08-29,17.30  VfL Wolfsburg,(0-0)  RB Leipzig,1,0,0,1,2021-22
2021-09-11,15.30  Bayer 04 Leverkusen,(2-1)  Borussia Dortmund,3,4,1,7,2021-22
2021-09-11,1. FC Union Berlin,FC Augsburg,0,0,0,0,2021-22
2021-09-11,SC Freiburg,(0-1)  1. FC Köln,1,1,1,2,2021-22
2021-09-11,TSG 1899 Hoffenheim,(0-1)  1. FSV Mainz 05,0,2,0,2,2021-22
2021-09-11,SpVgg Greuther Fürth 1903,(0-1)  VfL Wolfsburg,0,2,0,2,2021-22
2021-09-11,18.30  RB Leipzig,(0-1)  FC Bayern München,1,4,1,5,2021-22
2021-09-12,17.30  VfL Bochum 1848,(0-2)  Hertha BSC,1,3,1,4,2021-22
2021-09-12,19.30  Borussia Mönchengladbach,(1-1)  Arminia Bielefeld,3,1,1,4,2021-22
2021-09-12,15.30  Eintracht Frankfurt,(0-0)  VfB Stuttgart,1,1,1,2,2021-22
2021-09-17,20.30  Hertha BSC,(0-0)  SpVgg Greuther Fürth 1903,2,1,1,3,2021-22
2021-09-18,15.30  FC Bayern München,(4-0)  VfL Bochum 1848,7,0,0,7,2021-22
2021-09-18,1. FSV Mainz 05,SC Freiburg,0,0,0,0,2021-22
2021-09-18,FC Augsburg,(0-0)  Borussia Mönchengladbach,1,0,0,1,2021-22
2021-09-18,Arminia Bielefeld,TSG 1899 Hoffenheim,0,0,0,0,2021-22
2021-09-18,18.30  1. FC Köln,(0-0)  RB Leipzig,1,1,1,2,2021-22
2021-09-19,19.30  VfL Wolfsburg,(0-1)  Eintracht Frankfurt,1,1,1,2,2021-22
2021-09-19,17.30  Borussia Dortmund,(2-0)  1. FC Union Berlin,4,2,1,6,2021-22
2021-09-19,15.30  VfB Stuttgart,(1-2)  Bayer 04 Leverkusen,1,3,1,4,2021-22
2021-09-24,20.30  SpVgg Greuther Fürth 1903,(0-2)  FC Bayern München,1,3,1,4,2021-22
2021-09-25,15.30  RB Leipzig,(3-0)  Hertha BSC,6,0,0,6,2021-22
2021-09-25,Eintracht Frankfurt,(1-1)  1. FC Köln,1,1,1,2,2021-22
2021-09-25,Bayer 04 Leverkusen,(0-0)  1. FSV Mainz 05,1,0,0,1,2021-22
2021-09-25,1. FC Union Berlin,(0-0)  Arminia Bielefeld,1,0,0,1,2021-22
2021-09-25,TSG 1899 Hoffenheim,(1-1)  VfL Wolfsburg,3,1,1,4,2021-22
2021-09-25,18.30  Borussia Mönchengladbach,(1-0)  Borussia Dortmund,1,0,0,1,2021-22
2021-09-26,17.30  SC Freiburg,(3-0)  FC Augsburg,3,0,0,3,2021-22
2021-09-26,15.30  VfL Bochum 1848,VfB Stuttgart,0,0,0,0,2021-22
2021-10-01,20.30  1. FC Köln,(0-1)  SpVgg Greuther Fürth 1903,3,1,1,4,2021-22
2021-10-02,15.30  Borussia Dortmund,(1-1)  FC Augsburg,2,1,1,3,2021-22
2021-10-02,VfL Wolfsburg,(1-2)  Borussia Mönchengladbach,1,3,1,4,2021-22
2021-10-02,VfB Stuttgart,(1-0)  TSG 1899 Hoffenheim,3,1,1,4,2021-22
2021-10-02,Hertha BSC,(0-1)  SC Freiburg,1,2,1,3,2021-22
2021-10-02,18.30  RB Leipzig,(0-0)  VfL Bochum 1848,3,0,0,3,2021-22
2021-10-03,15.30  1. FSV Mainz 05,(1-0)  1. FC Union Berlin,1,2,1,3,2021-22
2021-10-03,17.30  FC Bayern München,(1-1)  Eintracht Frankfurt,1,2,1,3,2021-22
2021-10-03,19.30  Arminia Bielefeld,(0-2)  Bayer 04 Leverkusen,0,4,0,4,2021-22
2021-10-15,20.30  TSG 1899 Hoffenheim,(1-0)  1. FC Köln,5,0,0,5,2021-22
2021-10-16,15.30  Borussia Dortmund,(1-0)  1. FSV Mainz 05,3,1,1,4,2021-22
2021-10-16,Eintracht Frankfurt,(0-1)  Hertha BSC,1,2,1,3,2021-22
2021-10-16,1. FC Union Berlin,(0-0)  VfL Wolfsburg,2,0,0,2,2021-22
2021-10-16,SC Freiburg,(0-1)  RB Leipzig,1,1,1,2,2021-22
2021-10-16,SpVgg Greuther Fürth 1903,(0-0)  VfL Bochum 1848,0,1,0,1,2021-22
2021-10-16,18.30  Borussia Mönchengladbach,(1-1)  VfB Stuttgart,1,1,1,2,2021-22
2021-10-17,15.30  Bayer 04 Leverkusen,(0-5)  FC Bayern München,1,5,1,6,2021-22
2021-10-17,17.30  FC Augsburg,(1-0)  Arminia Bielefeld,1,1,1,2,2021-22
2021-10-22,20.30  1. FSV Mainz 05,(3-0)  FC Augsburg,4,1,1,5,2021-22
2021-10-23,15.30  FC Bayern München,(2-0)  TSG 1899 Hoffenheim,4,0,0,4,2021-22
2021-10-23,RB Leipzig,(0-1)  SpVgg Greuther Fürth 1903,4,1,1,5,2021-22
2021-10-23,VfL Wolfsburg,(0-1)  SC Freiburg,0,2,0,2,2021-22
2021-10-23,Arminia Bielefeld,(0-2)  Borussia Dortmund,1,3,1,4,2021-22
2021-10-23,18.30  Hertha BSC,(1-0)  Borussia Mönchengladbach,1,0,0,1,2021-22
2021-10-24,15.30  1. FC Köln,(0-2)  Bayer 04 Leverkusen,2,2,1,4,2021-22
2021-10-24,17.30  VfB Stuttgart,(0-1)  1. FC Union Berlin,1,1,1,2,2021-22
2021-10-24,19.30  VfL Bochum 1848,(1-0)  Eintracht Frankfurt,2,0,0,2,2021-22
2021-10-29,20.30  TSG 1899 Hoffenheim,(2-0)  Hertha BSC,2,0,0,2,2021-22
2021-10-30,18.30  Eintracht Frankfurt,(0-1)  RB Leipzig,1,1,1,2,2021-22
2021-10-30,Arminia Bielefeld,(1-1)  1. FSV Mainz 05,1,2,1,3,2021-22
2021-10-30,SC Freiburg,(2-0)  SpVgg Greuther Fürth 1903,3,1,1,4,2021-22
2021-10-30,15.30  Borussia Dortmund,(1-0)  1. FC Köln,2,0,0,2,2021-22
2021-10-30,Bayer 04 Leverkusen,(0-0)  VfL Wolfsburg,0,2,0,2,2021-22
2021-10-30,1. FC Union Berlin,(1-3)  FC Bayern München,2,5,1,7,2021-22
2021-10-31,15.30  FC Augsburg,(1-1)  VfB Stuttgart,4,1,1,5,2021-22
2021-10-31,17.30  Borussia Mönchengladbach,(2-0)  VfL Bochum 1848,2,1,1,3,2021-22
2021-11-05,20.30  1. FSV Mainz 05,(0-1)  Borussia Mönchengladbach,1,1,1,2,2021-22
2021-11-06,18.30  RB Leipzig,(1-0)  Borussia Dortmund,2,1,1,3,2021-22
2021-11-06,VfL Bochum 1848,(0-0)  TSG 1899 Hoffenheim,2,0,0,2,2021-22
2021-11-06,VfL Wolfsburg,(1-0)  FC Augsburg,1,0,0,1,2021-22
2021-11-06,15.30  FC Bayern München,(1-0)  SC Freiburg,2,1,1,3,2021-22
2021-11-06,VfB Stuttgart,(0-1)  Arminia Bielefeld,0,1,0,1,2021-22
2021-11-07,15.30  Hertha BSC,(1-0)  Bayer 04 Leverkusen,1,1,1,2,2021-22
2021-11-07,17.30  1. FC Köln,(1-2)  1. FC Union Berlin,2,2,1,4,2021-22
2021-11-07,19.30  SpVgg Greuther Fürth 1903,(0-0)  Eintracht Frankfurt,1,2,1,3,2021-22
2021-11-19,20.30  FC Augsburg,(2-1)  FC Bayern München,2,1,1,3,2021-22
2021-11-20,Borussia Mönchengladbach,(3-0)  SpVgg Greuther Fürth 1903,4,0,0,4,2021-22
2021-11-20,15.30  Borussia Dortmund,(0-0)  VfB Stuttgart,2,1,1,3,2021-22
2021-11-20,Bayer 04 Leverkusen,(1-0)  VfL Bochum 1848,1,0,0,1,2021-22
2021-11-20,TSG 1899 Hoffenheim,(1-0)  RB Leipzig,2,0,0,2,2021-22
2021-11-20,Arminia Bielefeld,(1-0)  VfL Wolfsburg,2,2,1,4,2021-22
2021-11-20,18.30  1. FC Union Berlin,(2-0)  Hertha BSC,2,0,0,2,2021-22
2021-11-21,15.30  SC Freiburg,(0-2)  Eintracht Frankfurt,0,2,0,2,2021-22
2021-11-21,17.30  1. FSV Mainz 05,(1-0)  1. FC Köln,1,1,1,2,2021-22
2021-11-26,20.30  VfB Stuttgart,(1-1)  1. FSV Mainz 05,2,1,1,3,2021-22
2021-11-27,SpVgg Greuther Fürth 1903,(1-2)  TSG 1899 Hoffenheim,3,6,1,9,2021-22
2021-11-27,18.30  FC Bayern München,(0-0)  Arminia Bielefeld,1,0,0,1,2021-22
2021-11-27,VfL Bochum 1848,(0-0)  SC Freiburg,2,1,1,3,2021-22
2021-11-27,15.30  VfL Wolfsburg,(1-1)  Borussia Dortmund,1,3,1,4,2021-22
2021-11-27,Hertha BSC,(1-0)  FC Augsburg,1,1,1,2,2021-22
2021-11-27,1. FC Köln,(0-0)  Borussia Mönchengladbach,4,1,1,5,2021-22
2021-11-28,15.30  Eintracht Frankfurt,(1-0)  1. FC Union Berlin,2,1,1,3,2021-22
2021-11-28,17.30  RB Leipzig,(0-2)  Bayer 04 Leverkusen,1,3,1,4,2021-22
2021-12-03,20.30  1. FC Union Berlin,(1-1)  RB Leipzig,2,1,1,3,2021-22
2021-12-04,15.30  Bayer 04 Leverkusen,(3-1)  SpVgg Greuther Fürth 1903,7,1,1,8,2021-22
2021-12-04,TSG 1899 Hoffenheim,(2-1)  Eintracht Frankfurt,3,2,1,5,2021-22
2021-12-04,1. FSV Mainz 05,(2-0)  VfL Wolfsburg,3,0,0,3,2021-22
2021-12-04,Arminia Bielefeld,(0-1)  1. FC Köln,1,1,1,2,2021-22
2021-12-04,18.30  Borussia Dortmund,(1-2)  FC Bayern München,2,3,1,5,2021-22
2021-12-04,FC Augsburg,(0-3)  VfL Bochum 1848,2,3,1,5,2021-22
2021-12-05,15.30  VfB Stuttgart,(2-1)  Hertha BSC,2,2,1,4,2021-22
2021-12-05,17.30  Borussia Mönchengladbach,(0-6)  SC Freiburg,0,6,0,6,2021-22
2021-12-10,20.30  1. FC Köln,(0-0)  FC Augsburg,0,2,0,2,2021-22
2021-12-11,Hertha BSC,(0-0)  Arminia Bielefeld,2,0,0,2,2021-22
2021-12-11,VfL Bochum 1848,(1-0)  Borussia Dortmund,1,1,1,2,2021-22
2021-12-11,18.30  VfL Wolfsburg,(0-1)  VfB Stuttgart,0,2,0,2,2021-22
2021-12-11,SC Freiburg,(1-1)  TSG 1899 Hoffenheim,1,2,1,3,2021-22
2021-12-11,15.30  FC Bayern München,(0-1)  1. FSV Mainz 05,2,1,1,3,2021-22
2021-12-11,RB Leipzig,(2-0)  Borussia Mönchengladbach,4,1,1,5,2021-22
2021-12-12,15.30  SpVgg Greuther Fürth 1903,(0-0)  1. FC Union Berlin,1,0,0,1,2021-22
2021-12-12,17.30  Eintracht Frankfurt,(2-2)  Bayer 04 Leverkusen,5,2,1,7,2021-22
2021-12-14,18.30  VfB Stuttgart,(0-1)  FC Bayern München,0,5,0,5,2021-22
2021-12-14,20.30  VfL Wolfsburg,(1-1)  1. FC Köln,2,3,1,5,2021-22
2021-12-14,1. FSV Mainz 05,(2-0)  Hertha BSC,4,0,0,4,2021-22
2021-12-14,Arminia Bielefeld,(0-0)  VfL Bochum 1848,2,0,0,2,2021-22
2021-12-15,18.30  Borussia Mönchengladbach,(1-1)  Eintracht Frankfurt,2,3,1,5,2021-22
2021-12-15,20.30  Borussia Dortmund,(1-0)  SpVgg Greuther Fürth 1903,3,0,0,3,2021-22
2021-12-15,Bayer 04 Leverkusen,(1-0)  TSG 1899 Hoffenheim,2,2,1,4,2021-22
2021-12-15,1. FC Union Berlin,SC Freiburg,0,0,0,0,2021-22
2021-12-15,FC Augsburg,(0-1)  RB Leipzig,1,1,1,2,2021-22
2021-12-17,20.30  FC Bayern München,(1-0)  VfL Wolfsburg,4,0,0,4,2021-22
2021-12-18,SpVgg Greuther Fürth 1903,FC Augsburg,0,0,0,0,2021-22
2021-12-18,18.30  Hertha BSC,(0-1)  Borussia Dortmund,3,2,1,5,2021-22
2021-12-18,VfL Bochum 1848,(0-1)  1. FC Union Berlin,0,1,0,1,2021-22
2021-12-18,Eintracht Frankfurt,(1-0)  1. FSV Mainz 05,1,0,0,1,2021-22
2021-12-18,15.30  RB Leipzig,(0-0)  Arminia Bielefeld,0,2,0,2,2021-22
2021-12-18,TSG 1899 Hoffenheim,(0-1)  Borussia Mönchengladbach,1,1,1,2,2021-22
2021-12-19,15.30  SC Freiburg,(1-1)  Bayer 04 Leverkusen,2,1,1,3,2021-22
2021-12-19,17.30  1. FC Köln,(0-0)  VfB Stuttgart,1,0,0,1,2021-22
2022-01-07,20.30  FC Bayern München,(1-2)  Borussia Mönchengladbach,1,2,1,3,2021-22
2022-01-08,18.30  Eintracht Frankfurt,(2-0)  Borussia Dortmund,2,3,1,5,2021-22
2022-01-08,SpVgg Greuther Fürth 1903,VfB Stuttgart,0,0,0,0,2021-22
2022-01-08,TSG 1899 Hoffenheim,(2-1)  FC Augsburg,3,1,1,4,2021-22
2022-01-08,SC Freiburg,(1-0)  Arminia Bielefeld,2,2,1,4,2021-22
2022-01-08,Bayer 04 Leverkusen,(1-1)  1. FC Union Berlin,2,2,1,4,2021-22
2022-01-08,15.30  RB Leipzig,(1-0)  1. FSV Mainz 05,4,1,1,5,2021-22
2022-01-09,15.30  Hertha BSC,(0-2)  1. FC Köln,1,3,1,4,2021-22
2022-01-09,17.30  VfL Bochum 1848,(0-0)  VfL Wolfsburg,1,0,0,1,2021-22
2022-01-14,20.30  Borussia Dortmund,(3-0)  SC Freiburg,5,1,1,6,2021-22
2022-01-15,18.30  Borussia Mönchengladbach,(0-0)  Bayer 04 Leverkusen,1,2,1,3,2021-22
2022-01-15,1. FC Köln,(0-2)  FC Bayern München,0,4,0,4,2021-22
2022-01-15,1. FSV Mainz 05,(0-0)  VfL Bochum 1848,1,0,0,1,2021-22
2022-01-15,VfB Stuttgart,(0-1)  RB Leipzig,0,2,0,2,2021-22
2022-01-15,1. FC Union Berlin,(1-1)  TSG 1899 Hoffenheim,2,1,1,3,2021-22
2022-01-15,15.30  VfL Wolfsburg,Hertha BSC,0,0,0,0,2021-22
2022-01-16,15.30  FC Augsburg,(1-1)  Eintracht Frankfurt,1,1,1,2,2021-22
2022-01-16,17.30  Arminia Bielefeld,(1-1)  SpVgg Greuther Fürth 1903,2,2,1,4,2021-22
2022-01-21,20.30  Eintracht Frankfurt,(0-2)  Arminia Bielefeld,0,2,0,2,2021-22
2022-01-22,15.30  Bayer 04 Leverkusen,(2-0)  FC Augsburg,5,1,1,6,2021-22
2022-01-22,Borussia Mönchengladbach,(1-1)  1. FC Union Berlin,1,2,1,3,2021-22
2022-01-22,SC Freiburg,(1-0)  VfB Stuttgart,2,0,0,2,2021-22
2022-01-22,TSG 1899 Hoffenheim,(1-1)  Borussia Dortmund,2,3,1,5,2021-22
2022-01-22,SpVgg Greuther Fürth 1903,(1-0)  1. FSV Mainz 05,2,1,1,3,2021-22
2022-01-22,18.30  VfL Bochum 1848,(1-2)  1. FC Köln,2,2,1,4,2021-22
2022-01-23,15.30  RB Leipzig,(0-0)  VfL Wolfsburg,2,0,0,2,2021-22
2022-01-23,17.30  Hertha BSC,(0-2)  FC Bayern München,1,4,1,5,2021-22
2022-02-04,20.30  Hertha BSC,(1-0)  VfL Bochum 1848,1,1,1,2,2021-22
2022-02-05,1. FC Köln,(1-0)  SC Freiburg,1,0,0,1,2021-22
2022-02-05,Arminia Bielefeld,(1-1)  Borussia Mönchengladbach,1,1,1,2,2021-22
2022-02-05,18.30  FC Bayern München,(2-1)  RB Leipzig,3,2,1,5,2021-22
2022-02-05,1. FSV Mainz 05,(0-0)  TSG 1899 Hoffenheim,2,0,0,2,2021-22
2022-02-05,FC Augsburg,(1-0)  1. FC Union Berlin,2,0,0,2,2021-22
2022-02-05,15.30  VfB Stuttgart,(1-1)  Eintracht Frankfurt,2,3,1,5,2021-22
2022-02-06,15.30  Borussia Dortmund,(1-3)  Bayer 04 Leverkusen,2,5,1,7,2021-22
2022-02-06,17.30  VfL Wolfsburg,(1-1)  SpVgg Greuther Fürth 1903,4,1,1,5,2021-22
2022-02-11,20.30  RB Leipzig,(1-0)  1. FC Köln,3,1,1,4,2021-22
2022-02-12,18.30  Bayer 04 Leverkusen,(1-0)  VfB Stuttgart,4,2,1,6,2021-22
2022-02-12,VfL Bochum 1848,(4-1)  FC Bayern München,4,2,1,6,2021-22
2022-02-12,SpVgg Greuther Fürth 1903,(1-0)  Hertha BSC,2,1,1,3,2021-22
2022-02-12,Borussia Mönchengladbach,(1-0)  FC Augsburg,3,2,1,5,2021-22
2022-02-12,15.30  Eintracht Frankfurt,(0-1)  VfL Wolfsburg,0,2,0,2,2021-22
2022-02-12,SC Freiburg,(0-1)  1. FSV Mainz 05,1,1,1,2,2021-22
2022-02-13,15.30  1. FC Union Berlin,(0-2)  Borussia Dortmund,0,3,0,3,2021-22
2022-02-13,17.30  TSG 1899 Hoffenheim,(1-0)  Arminia Bielefeld,2,0,0,2,2021-22
2022-02-18,20.30  1. FSV Mainz 05,(0-1)  Bayer 04 Leverkusen,3,2,1,5,2021-22
2022-02-19,18.30  1. FC Köln,(0-0)  Eintracht Frankfurt,1,0,0,1,2021-22
2022-02-19,15.30  VfL Wolfsburg,(1-0)  TSG 1899 Hoffenheim,1,2,1,3,2021-22
2022-02-19,VfB Stuttgart,(0-0)  VfL Bochum 1848,1,1,1,2,2021-22
2022-02-19,FC Augsburg,(1-2)  SC Freiburg,1,2,1,3,2021-22
2022-02-19,Arminia Bielefeld,(0-0)  1. FC Union Berlin,1,0,0,1,2021-22
2022-02-20,19.30  Hertha BSC,(0-1)  RB Leipzig,1,6,1,7,2021-22
2022-02-20,15.30  FC Bayern München,(0-1)  SpVgg Greuther Fürth 1903,4,1,1,5,2021-22
2022-02-20,17.30  Borussia Dortmund,(2-0)  Borussia Mönchengladbach,6,0,0,6,2021-22
2022-02-25,20.30  TSG 1899 Hoffenheim,(0-0)  VfB Stuttgart,2,1,1,3,2021-22
2022-02-26,15.30  Bayer 04 Leverkusen,(1-0)  Arminia Bielefeld,3,0,0,3,2021-22
2022-02-26,1. FC Union Berlin,(1-0)  1. FSV Mainz 05,3,1,1,4,2021-22
2022-02-26,Borussia Mönchengladbach,(1-2)  VfL Wolfsburg,2,2,1,4,2021-22
2022-02-26,SC Freiburg,(1-0)  Hertha BSC,3,0,0,3,2021-22
2022-02-26,SpVgg Greuther Fürth 1903,(0-0)  1. FC Köln,1,1,1,2,2021-22
2022-02-26,18.30  Eintracht Frankfurt,(0-0)  FC Bayern München,0,1,0,1,2021-22
2022-02-27,17.30  FC Augsburg,(0-1)  Borussia Dortmund,1,1,1,2,2021-22
2022-02-27,15.30  VfL Bochum 1848,(0-0)  RB Leipzig,0,1,0,1,2021-22
2022-03-04,20.30  Arminia Bielefeld,(0-0)  FC Augsburg,0,1,0,1,2021-22
2022-03-05,15.30  FC Bayern München,(1-1)  Bayer 04 Leverkusen,1,1,1,2,2021-22
2022-03-05,RB Leipzig,(0-1)  SC Freiburg,1,1,1,2,2021-22
2022-03-05,VfL Wolfsburg,(1-0)  1. FC Union Berlin,1,0,0,1,2021-22
2022-03-05,Hertha BSC,(0-1)  Eintracht Frankfurt,1,4,1,5,2021-22
2022-03-05,VfL Bochum 1848,(1-0)  SpVgg Greuther Fürth 1903,2,1,1,3,2021-22
2022-03-05,18.30  VfB Stuttgart,(1-2)  Borussia Mönchengladbach,3,2,1,5,2021-22
2022-03-06,17.30  1. FC Köln,(0-0)  TSG 1899 Hoffenheim,0,1,0,1,2021-22
2022-03-12,18.30  Borussia Mönchengladbach,(1-0)  Hertha BSC,2,0,0,2,2021-22
2022-03-12,TSG 1899 Hoffenheim,(1-1)  FC Bayern München,1,1,1,2,2021-22
2022-03-12,15.30  1. FC Union Berlin,(1-0)  VfB Stuttgart,1,1,1,2,2021-22
2022-03-12,SC Freiburg,(2-0)  VfL Wolfsburg,3,2,1,5,2021-22
2022-03-13,15.30  Bayer 04 Leverkusen,(0-0)  1. FC Köln,0,1,0,1,2021-22
2022-03-13,17.30  Borussia Dortmund,(1-0)  Arminia Bielefeld,1,0,0,1,2021-22
2022-03-13,Eintracht Frankfurt,(0-1)  VfL Bochum 1848,2,1,1,3,2021-22
2022-03-13,19.30  SpVgg Greuther Fürth 1903,(1-4)  RB Leipzig,1,6,1,7,2021-22
2022-03-16,18.30  1. FSV Mainz 05,(0-0)  Borussia Dortmund,0,1,0,1,2021-22
2022-03-18,20.30  VfL Bochum 1848,(0-0)  Borussia Mönchengladbach,0,2,0,2,2021-22
2022-03-19,18.30  FC Bayern München,(3-0)  1. FC Union Berlin,4,0,0,4,2021-22
2022-03-19,SpVgg Greuther Fürth 1903,SC Freiburg,0,0,0,0,2021-22
2022-03-19,Hertha BSC,(1-0)  TSG 1899 Hoffenheim,3,0,0,3,2021-22
2022-03-19,1. FSV Mainz 05,(1-0)  Arminia Bielefeld,4,0,0,4,2021-22
2022-03-19,15.30  VfB Stuttgart,(1-2)  FC Augsburg,3,2,1,5,2021-22
2022-03-20,15.30  RB Leipzig,Eintracht Frankfurt,0,0,0,0,2021-22
2022-03-20,17.30  VfL Wolfsburg,(0-0)  Bayer 04 Leverkusen,0,2,0,2,2021-22
2022-03-20,19.30  1. FC Köln,(1-1)  Borussia Dortmund,1,1,1,2,2021-22
2022-04-01,20.30  1. FC Union Berlin,(0-0)  1. FC Köln,1,0,0,1,2021-22
2022-04-02,18.30  Borussia Dortmund,(0-2)  RB Leipzig,1,4,1,5,2021-22
2022-04-02,Arminia Bielefeld,(0-1)  VfB Stuttgart,1,1,1,2,2021-22
2022-04-02,TSG 1899 Hoffenheim,(0-1)  VfL Bochum 1848,1,2,1,3,2021-22
2022-04-02,SC Freiburg,(0-0)  FC Bayern München,1,4,1,5,2021-22
2022-04-02,Bayer 04 Leverkusen,(2-1)  Hertha BSC,2,1,1,3,2021-22
2022-04-02,15.30  Eintracht Frankfurt,SpVgg Greuther Fürth 1903,0,0,0,0,2021-22
2022-04-03,15.30  FC Augsburg,(1-0)  VfL Wolfsburg,3,0,0,3,2021-22
2022-04-03,17.30  Borussia Mönchengladbach,(1-0)  1. FSV Mainz 05,1,1,1,2,2021-22
2022-04-06,18.30  FC Augsburg,(1-0)  1. FSV Mainz 05,2,1,1,3,2021-22
2022-04-08,20.30  VfB Stuttgart,(0-1)  Borussia Dortmund,0,2,0,2,2021-22
2022-04-09,18.30  Hertha BSC,(0-1)  1. FC Union Berlin,1,4,1,5,2021-22
2022-04-09,SpVgg Greuther Fürth 1903,(0-2)  Borussia Mönchengladbach,0,2,0,2,2021-22
2022-04-09,1. FC Köln,(0-1)  1. FSV Mainz 05,3,2,1,5,2021-22
2022-04-09,VfL Wolfsburg,(2-0)  Arminia Bielefeld,4,0,0,4,2021-22
2022-04-09,15.30  FC Bayern München,(0-0)  FC Augsburg,1,0,0,1,2021-22
2022-04-10,15.30  VfL Bochum 1848,Bayer 04 Leverkusen,0,0,0,0,2021-22
2022-04-10,17.30  Eintracht Frankfurt,(0-1)  SC Freiburg,1,2,1,3,2021-22
2022-04-10,19.30  RB Leipzig,(3-0)  TSG 1899 Hoffenheim,3,0,0,3,2021-22
2022-04-16,18.30  Borussia Mönchengladbach,(0-3)  1. FC Köln,1,3,1,4,2021-22
2022-04-16,FC Augsburg,(0-0)  Hertha BSC,0,1,0,1,2021-22
2022-04-16,1. FSV Mainz 05,VfB Stuttgart,0,0,0,0,2021-22
2022-04-16,SC Freiburg,(2-0)  VfL Bochum 1848,3,0,0,3,2021-22
2022-04-16,15.30  Borussia Dortmund,(5-0)  VfL Wolfsburg,6,1,1,7,2021-22
2022-04-17,15.30  Arminia Bielefeld,(0-2)  FC Bayern München,0,3,0,3,2021-22
2022-04-17,17.30  1. FC Union Berlin,(2-0)  Eintracht Frankfurt,2,0,0,2,2021-22
2022-04-17,TSG 1899 Hoffenheim,SpVgg Greuther Fürth 1903,0,0,0,0,2021-22
2022-04-17,19.30  Bayer 04 Leverkusen,(0-0)  RB Leipzig,0,1,0,1,2021-22
2022-04-22,20.30  VfL Wolfsburg,(5-0)  1. FSV Mainz 05,5,0,0,5,2021-22
2022-04-23,18.30  FC Bayern München,(2-0)  Borussia Dortmund,3,1,1,4,2021-22
2022-04-23,SpVgg Greuther Fürth 1903,(1-2)  Bayer 04 Leverkusen,1,4,1,5,2021-22
2022-04-23,1. FC Köln,(2-1)  Arminia Bielefeld,3,1,1,4,2021-22
2022-04-23,SC Freiburg,(0-2)  Borussia Mönchengladbach,3,3,1,6,2021-22
2022-04-23,Eintracht Frankfurt,(1-1)  TSG 1899 Hoffenheim,2,2,1,4,2021-22
2022-04-23,15.30  RB Leipzig,(0-0)  1. FC Union Berlin,1,2,1,3,2021-22
2022-04-24,15.30  VfL Bochum 1848,(0-2)  FC Augsburg,0,2,0,2,2021-22
2022-04-24,17.30  Hertha BSC,(1-0)  VfB Stuttgart,2,0,0,2,2021-22
2022-04-29,20.30  1. FC Union Berlin,(0-1)  SpVgg Greuther Fürth 1903,1,1,1,2,2021-22
2022-04-30,18.30  TSG 1899 Hoffenheim,(1-1)  SC Freiburg,3,4,1,7,2021-22
2022-04-30,Arminia Bielefeld,(0-0)  Hertha BSC,1,1,1,2,2021-22
2022-04-30,FC Augsburg,(0-2)  1. FC Köln,1,4,1,5,2021-22
2022-04-30,VfB Stuttgart,(0-1)  VfL Wolfsburg,1,1,1,2,2021-22
2022-04-30,15.30  Borussia Dortmund,(2-2)  VfL Bochum 1848,3,4,1,7,2021-22
2022-04-30,1. FSV Mainz 05,(2-1)  FC Bayern München,3,1,1,4,2021-22
2022-05-02,20.30  Bayer 04 Leverkusen,(1-0)  Eintracht Frankfurt,2,0,0,2,2021-22
2022-05-02,Borussia Mönchengladbach,(2-1)  RB Leipzig,3,1,1,4,2021-22
2022-05-06,20.30  VfL Bochum 1848,(1-1)  Arminia Bielefeld,2,1,1,3,2021-22
2022-05-07,15.30  SC Freiburg,(0-3)  1. FC Union Berlin,1,4,1,5,2021-22
2022-05-07,TSG 1899 Hoffenheim,(2-1)  Bayer 04 Leverkusen,2,4,1,6,2021-22
2022-05-07,1. FC Köln,(0-1)  VfL Wolfsburg,0,1,0,1,2021-22
2022-05-07,SpVgg Greuther Fürth 1903,(0-1)  Borussia Dortmund,1,3,1,4,2021-22
2022-05-07,18.30  Hertha BSC,(1-1)  1. FSV Mainz 05,1,2,1,3,2021-22
2022-05-08,19.30  RB Leipzig,(1-0)  FC Augsburg,4,0,0,4,2021-22
2022-05-08,15.30  Eintracht Frankfurt,(0-1)  Borussia Mönchengladbach,1,1,1,2,2021-22
2022-05-08,17.30  FC Bayern München,(2-1)  VfB Stuttgart,2,2,1,4,2021-22
2022-05-14,FC Augsburg,(1-1)  SpVgg Greuther Fürth 1903,2,1,1,3,2021-22
2022-05-14,1. FSV Mainz 05,(1-2)  Eintracht Frankfurt,2,2,1,4,2021-22
2022-05-14,Arminia Bielefeld,(0-0)  RB Leipzig,1,1,1,2,2021-22
2022-05-14,VfB Stuttgart,(1-0)  1. FC Köln,2,1,1,3,2021-22
2022-05-14,15.35  VfL Wolfsburg,(1-2)  FC Bayern München,2,2,1,4,2021-22
2022-05-14,1. FC Union Berlin,(2-0)  VfL Bochum 1848,3,2,1,5,2021-22
2022-05-14,Bayer 04 Leverkusen,(0-0)  SC Freiburg,2,1,1,3,2021-22
2022-05-14,15.30  Borussia Dortmund,(0-1)  Hertha BSC,2,1,1,3,2021-22
2022-05-14,Borussia Mönchengladbach,(3-1)  TSG 1899 Hoffenheim,5,1,1,6,2021-22
2022-08-05,20.35  Eintracht Frankfurt,(0-5)  FC Bayern München,1,6,1,7,2022-23
2022-08-06,18.30  Borussia Dortmund,(1-0)  Bayer 04 Leverkusen,1,0,0,1,2022-23
2022-08-06,1. FC Union Berlin,(1-0)  Hertha BSC,3,1,1,4,2022-23
2022-08-06,Borussia Mönchengladbach,(1-1)  TSG 1899 Hoffenheim,3,1,1,4,2022-23
2022-08-06,VfL Bochum 1848,(1-1)  1. FSV Mainz 05,1,2,1,3,2022-23
2022-08-06,15.30  FC Augsburg,(0-0)  SC Freiburg,0,4,0,4,2022-23
2022-08-06,VfL Wolfsburg,(1-2)  SV Werder Bremen,2,2,1,4,2022-23
2022-08-07,15.30  VfB Stuttgart,(1-1)  RB Leipzig,1,1,1,2,2022-23
2022-08-07,17.30  1. FC Köln,(0-0)  FC Schalke 04,3,1,1,4,2022-23
2022-08-12,20.30  SC Freiburg,(1-0)  Borussia Dortmund,1,3,1,4,2022-23
2022-08-13,Bayer 04 Leverkusen,(1-1)  FC Augsburg,1,2,1,3,2022-23
2022-08-13,18.30  FC Schalke 04,(1-0)  Borussia Mönchengladbach,2,2,1,4,2022-23
2022-08-13,RB Leipzig,(1-1)  1. FC Köln,2,2,1,4,2022-23
2022-08-13,TSG 1899 Hoffenheim,(2-2)  VfL Bochum 1848,3,2,1,5,2022-23
2022-08-13,Hertha BSC,(1-0)  Eintracht Frankfurt,1,1,1,2,2022-23
2022-08-13,15.30  SV Werder Bremen,(1-1)  VfB Stuttgart,2,2,1,4,2022-23
2022-08-14,15.30  1. FSV Mainz 05,1. FC Union Berlin,0,0,0,0,2022-23
2022-08-14,17.30  FC Bayern München,(2-0)  VfL Wolfsburg,2,0,0,2,2022-23
2022-08-19,20.30  Borussia Mönchengladbach,(1-0)  Hertha BSC,1,0,0,1,2022-23
2022-08-20,15.30  VfB Stuttgart,(0-1)  SC Freiburg,0,1,0,1,2022-23
2022-08-20,FC Augsburg,(1-1)  1. FSV Mainz 05,1,2,1,3,2022-23
2022-08-20,VfL Wolfsburg,FC Schalke 04,0,0,0,0,2022-23
2022-08-20,Bayer 04 Leverkusen,(0-2)  TSG 1899 Hoffenheim,0,3,0,3,2022-23
2022-08-20,Borussia Dortmund,(1-0)  SV Werder Bremen,2,3,1,5,2022-23
2022-08-20,18.30  1. FC Union Berlin,(2-0)  RB Leipzig,2,1,1,3,2022-23
2022-08-21,15.30  Eintracht Frankfurt,(0-0)  1. FC Köln,1,1,1,2,2022-23
2022-08-21,17.30  VfL Bochum 1848,(0-4)  FC Bayern München,0,7,0,7,2022-23
2022-08-26,20.30  SC Freiburg,(0-0)  VfL Bochum 1848,1,0,0,1,2022-23
2022-08-27,RB Leipzig,(1-0)  VfL Wolfsburg,2,0,0,2,2022-23
2022-08-27,1. FSV Mainz 05,(0-3)  Bayer 04 Leverkusen,0,3,0,3,2022-23
2022-08-27,18.30  FC Bayern München,(0-1)  Borussia Mönchengladbach,1,1,1,2,2022-23
2022-08-27,Hertha BSC,(0-1)  Borussia Dortmund,0,1,0,1,2022-23
2022-08-27,15.30  FC Schalke 04,(1-3)  1. FC Union Berlin,1,6,1,7,2022-23
2022-08-27,TSG 1899 Hoffenheim,(1-0)  FC Augsburg,1,0,0,1,2022-23
2022-08-28,15.30  1. FC Köln,VfB Stuttgart,0,0,0,0,2022-23
2022-08-28,17.30  SV Werder Bremen,(2-3)  Eintracht Frankfurt,3,4,1,7,2022-23
2022-09-02,20.30  Borussia Dortmund,(1-0)  TSG 1899 Hoffenheim,1,0,0,1,2022-23
2022-09-03,18.30  Eintracht Frankfurt,(2-0)  RB Leipzig,4,0,0,4,2022-23
2022-09-03,Bayer 04 Leverkusen,(1-0)  SC Freiburg,2,3,1,5,2022-23
2022-09-03,1. FC Union Berlin,(1-1)  FC Bayern München,1,1,1,2,2022-23
2022-09-03,VfL Wolfsburg,(1-3)  1. FC Köln,2,4,1,6,2022-23
2022-09-03,VfL Bochum 1848,(0-0)  SV Werder Bremen,0,2,0,2,2022-23
2022-09-03,15.30  VfB Stuttgart,(1-1)  FC Schalke 04,1,1,1,2,2022-23
2022-09-04,15.30  FC Augsburg,(0-0)  Hertha BSC,0,2,0,2,2022-23
2022-09-04,17.30  Borussia Mönchengladbach,(0-0)  1. FSV Mainz 05,0,1,0,1,2022-23
2022-09-09,20.30  SV Werder Bremen,(0-0)  FC Augsburg,0,1,0,1,2022-23
2022-09-10,FC Bayern München,(1-0)  VfB Stuttgart,2,2,1,4,2022-23
2022-09-10,RB Leipzig,(2-0)  Borussia Dortmund,3,0,0,3,2022-23
2022-09-10,18.30  FC Schalke 04,(1-0)  VfL Bochum 1848,3,1,1,4,2022-23
2022-09-10,Eintracht Frankfurt,(0-0)  VfL Wolfsburg,0,1,0,1,2022-23
2022-09-10,15.30  Hertha BSC,(0-0)  Bayer 04 Leverkusen,2,2,1,4,2022-23
2022-09-10,TSG 1899 Hoffenheim,(0-0)  1. FSV Mainz 05,4,1,1,5,2022-23
2022-09-11,15.30  1. FC Köln,(0-1)  1. FC Union Berlin,0,1,0,1,2022-23
2022-09-11,17.30  SC Freiburg,Borussia Mönchengladbach,0,0,0,0,2022-23
2022-09-16,20.30  1. FSV Mainz 05,(0-1)  Hertha BSC,1,1,1,2,2022-23
2022-09-17,15.30  VfB Stuttgart,(0-1)  Eintracht Frankfurt,1,3,1,4,2022-23
2022-09-17,FC Augsburg,(0-0)  FC Bayern München,1,0,0,1,2022-23
2022-09-17,Bayer 04 Leverkusen,(0-0)  SV Werder Bremen,1,1,1,2,2022-23
2022-09-17,Borussia Dortmund,(0-0)  FC Schalke 04,1,0,0,1,2022-23
2022-09-17,18.30  Borussia Mönchengladbach,(2-0)  RB Leipzig,3,0,0,3,2022-23
2022-09-18,19.30  TSG 1899 Hoffenheim,SC Freiburg,0,0,0,0,2022-23
2022-09-18,15.30  1. FC Union Berlin,(0-0)  VfL Wolfsburg,2,0,0,2,2022-23
2022-09-18,17.30  VfL Bochum 1848,(1-0)  1. FC Köln,1,1,1,2,2022-23
2022-09-30,20.30  FC Bayern München,(3-0)  Bayer 04 Leverkusen,4,0,0,4,2022-23
2022-10-01,15.30  VfL Wolfsburg,(2-2)  VfB Stuttgart,3,2,1,5,2022-23
2022-10-01,Eintracht Frankfurt,(2-0)  1. FC Union Berlin,2,0,0,2,2022-23
2022-10-01,1. FC Köln,(0-1)  Borussia Dortmund,3,2,1,5,2022-23
2022-10-01,SC Freiburg,(2-0)  1. FSV Mainz 05,2,1,1,3,2022-23
2022-10-01,RB Leipzig,(2-0)  VfL Bochum 1848,4,0,0,4,2022-23
2022-10-01,18.30  SV Werder Bremen,(4-0)  Borussia Mönchengladbach,5,1,1,6,2022-23
2022-10-02,15.35  Hertha BSC,(1-1)  TSG 1899 Hoffenheim,1,1,1,2,2022-23
2022-10-02,17.30  FC Schalke 04,(1-2)  FC Augsburg,2,3,1,5,2022-23
2022-10-07,20.30  TSG 1899 Hoffenheim,(1-1)  SV Werder Bremen,1,2,1,3,2022-23
2022-10-08,15.30  FC Augsburg,(0-1)  VfL Wolfsburg,1,1,1,2,2022-23
2022-10-08,VfL Bochum 1848,(0-0)  Eintracht Frankfurt,3,0,0,3,2022-23
2022-10-08,1. FSV Mainz 05,(1-0)  RB Leipzig,1,1,1,2,2022-23
2022-10-08,Bayer 04 Leverkusen,(2-0)  FC Schalke 04,4,0,0,4,2022-23
2022-10-08,18.30  Borussia Dortmund,(0-1)  FC Bayern München,2,2,1,4,2022-23
2022-10-09,15.30  Borussia Mönchengladbach,(2-1)  1. FC Köln,5,2,1,7,2022-23
2022-10-09,17.30  Hertha BSC,(1-1)  SC Freiburg,2,2,1,4,2022-23
2022-10-09,19.30  VfB Stuttgart,(0-0)  1. FC Union Berlin,0,1,0,1,2022-23
2022-10-14,20.30  FC Schalke 04,(0-2)  TSG 1899 Hoffenheim,0,3,0,3,2022-23
2022-10-15,18.30  RB Leipzig,(3-0)  Hertha BSC,3,2,1,5,2022-23
2022-10-15,Eintracht Frankfurt,(1-0)  Bayer 04 Leverkusen,5,1,1,6,2022-23
2022-10-15,VfB Stuttgart,(2-1)  VfL Bochum 1848,4,1,1,5,2022-23
2022-10-15,15.30  SV Werder Bremen,(0-1)  1. FSV Mainz 05,0,2,0,2,2022-23
2022-10-15,VfL Wolfsburg,(1-1)  Borussia Mönchengladbach,2,2,1,4,2022-23
2022-10-16,15.30  1. FC Köln,(0-1)  FC Augsburg,3,2,1,5,2022-23
2022-10-16,17.30  1. FC Union Berlin,(2-0)  Borussia Dortmund,2,0,0,2,2022-23
2022-10-16,19.30  FC Bayern München,(2-0)  SC Freiburg,5,0,0,5,2022-23
2022-10-21,20.30  1. FSV Mainz 05,(3-0)  1. FC Köln,5,0,0,5,2022-23
2022-10-22,Borussia Dortmund,(3-0)  VfB Stuttgart,5,0,0,5,2022-23
2022-10-22,18.30  Borussia Mönchengladbach,(0-3)  Eintracht Frankfurt,1,3,1,4,2022-23
2022-10-22,Bayer 04 Leverkusen,(1-1)  VfL Wolfsburg,2,2,1,4,2022-23
2022-10-22,TSG 1899 Hoffenheim,(0-2)  FC Bayern München,0,2,0,2,2022-23
2022-10-22,15.30  FC Augsburg,(1-0)  RB Leipzig,3,3,1,6,2022-23
2022-10-22,SC Freiburg,(0-0)  SV Werder Bremen,2,0,0,2,2022-23
2022-10-23,15.30  VfL Bochum 1848,(1-0)  1. FC Union Berlin,2,1,1,3,2022-23
2022-10-23,17.30  Hertha BSC,(0-0)  FC Schalke 04,2,1,1,3,2022-23
2022-10-28,20.30  SV Werder Bremen,(0-0)  Hertha BSC,1,0,0,1,2022-23
2022-10-29,FC Bayern München,(3-1)  1. FSV Mainz 05,6,2,1,8,2022-23
2022-10-29,15.30  VfB Stuttgart,(1-1)  FC Augsburg,2,1,1,3,2022-23
2022-10-29,VfL Wolfsburg,(2-0)  VfL Bochum 1848,4,0,0,4,2022-23
2022-10-29,RB Leipzig,(1-0)  Bayer 04 Leverkusen,2,0,0,2,2022-23
2022-10-29,18.30  Eintracht Frankfurt,(1-1)  Borussia Dortmund,1,2,1,3,2022-23
2022-10-30,15.30  1. FC Union Berlin,(0-1)  Borussia Mönchengladbach,2,1,1,3,2022-23
2022-10-30,17.30  FC Schalke 04,(0-1)  SC Freiburg,0,2,0,2,2022-23
2022-10-30,19.30  1. FC Köln,(1-1)  TSG 1899 Hoffenheim,1,1,1,2,2022-23
2022-11-04,20.30  Borussia Mönchengladbach,(2-1)  VfB Stuttgart,3,1,1,4,2022-23
2022-11-05,Borussia Dortmund,(3-0)  VfL Bochum 1848,3,0,0,3,2022-23
2022-11-05,18.30  SV Werder Bremen,(1-0)  FC Schalke 04,2,1,1,3,2022-23
2022-11-05,1. FSV Mainz 05,(0-1)  VfL Wolfsburg,0,3,0,3,2022-23
2022-11-05,TSG 1899 Hoffenheim,(0-1)  RB Leipzig,1,3,1,4,2022-23
2022-11-05,FC Augsburg,(1-1)  Eintracht Frankfurt,1,2,1,3,2022-23
2022-11-05,15.30  Hertha BSC,(2-3)  FC Bayern München,2,3,1,5,2022-23
2022-11-06,15.30  Bayer 04 Leverkusen,(0-0)  1. FC Union Berlin,5,0,0,5,2022-23
2022-11-06,17.30  SC Freiburg,(0-0)  1. FC Köln,2,0,0,2,2022-23
2022-11-08,18.30  VfL Wolfsburg,(1-0)  Borussia Dortmund,2,0,0,2,2022-23
2022-11-08,20.30  VfB Stuttgart,(1-1)  Hertha BSC,2,1,1,3,2022-23
2022-11-08,VfL Bochum 1848,(2-0)  Borussia Mönchengladbach,2,1,1,3,2022-23
2022-11-08,FC Bayern München,(4-1)  SV Werder Bremen,6,1,1,7,2022-23
2022-11-09,18.30  1. FC Köln,(1-0)  Bayer 04 Leverkusen,1,2,1,3,2022-23
2022-11-09,20.30  FC Schalke 04,(1-0)  1. FSV Mainz 05,1,0,0,1,2022-23
2022-11-09,Eintracht Frankfurt,(3-1)  TSG 1899 Hoffenheim,4,2,1,6,2022-23
2022-11-09,1. FC Union Berlin,(2-2)  FC Augsburg,2,2,1,4,2022-23
2022-11-09,RB Leipzig,(0-0)  SC Freiburg,3,1,1,4,2022-23
2022-11-11,20.30  Borussia Mönchengladbach,(3-2)  Borussia Dortmund,4,2,1,6,2022-23
2022-11-12,18.30  FC Schalke 04,(0-1)  FC Bayern München,0,2,0,2,2022-23
2022-11-12,TSG 1899 Hoffenheim,(1-1)  VfL Wolfsburg,1,2,1,3,2022-23
2022-11-12,Bayer 04 Leverkusen,(1-0)  VfB Stuttgart,2,0,0,2,2022-23
2022-11-12,Hertha BSC,(1-0)  1. FC Köln,2,0,0,2,2022-23
2022-11-12,15.30  SV Werder Bremen,(0-1)  RB Leipzig,1,2,1,3,2022-23
2022-11-12,FC Augsburg,(0-0)  VfL Bochum 1848,0,1,0,1,2022-23
2022-11-13,15.30  1. FSV Mainz 05,(1-0)  Eintracht Frankfurt,1,1,1,2,2022-23
2022-11-13,17.30  SC Freiburg,(4-0)  1. FC Union Berlin,4,1,1,5,2022-23
2023-01-20,20.30  RB Leipzig,(0-1)  FC Bayern München,1,1,1,2,2022-23
2023-01-21,18.30  1. FC Köln,(5-1)  SV Werder Bremen,7,1,1,8,2022-23
2023-01-21,1. FC Union Berlin,(0-1)  TSG 1899 Hoffenheim,3,1,1,4,2022-23
2023-01-21,Eintracht Frankfurt,(1-0)  FC Schalke 04,3,0,0,3,2022-23
2023-01-21,VfL Bochum 1848,(2-0)  Hertha BSC,3,1,1,4,2022-23
2023-01-21,15.30  VfB Stuttgart,(1-1)  1. FSV Mainz 05,1,1,1,2,2022-23
2023-01-21,VfL Wolfsburg,(3-0)  SC Freiburg,6,0,0,6,2022-23
2023-01-22,15.30  Borussia Dortmund,(2-2)  FC Augsburg,4,3,1,7,2022-23
2023-01-22,17.30  Borussia Mönchengladbach,(0-2)  Bayer 04 Leverkusen,2,3,1,5,2022-23
2023-01-24,18.30  FC Schalke 04,(0-4)  RB Leipzig,1,6,1,7,2022-23
2023-01-24,20.30  Hertha BSC,(0-3)  VfL Wolfsburg,0,5,0,5,2022-23
2023-01-24,TSG 1899 Hoffenheim,(1-1)  VfB Stuttgart,2,2,1,4,2022-23
2023-01-24,FC Bayern München,(0-1)  1. FC Köln,1,1,1,2,2022-23
2023-01-25,Bayer 04 Leverkusen,(1-0)  VfL Bochum 1848,2,0,0,2,2022-23
2023-01-25,SC Freiburg,(0-1)  Eintracht Frankfurt,1,1,1,2,2022-23
2023-01-25,18.30  1. FSV Mainz 05,(1-1)  Borussia Dortmund,1,2,1,3,2022-23
2023-01-25,20.30  SV Werder Bremen,(1-1)  1. FC Union Berlin,1,2,1,3,2022-23
2023-01-25,FC Augsburg,(0-0)  Borussia Mönchengladbach,1,0,0,1,2022-23
2023-01-27,20.30  RB Leipzig,(1-0)  VfB Stuttgart,2,1,1,3,2022-23
2023-01-28,15.30  SV Werder Bremen,(1-0)  VfL Wolfsburg,2,1,1,3,2022-23
2023-01-28,Hertha BSC,(0-1)  1. FC Union Berlin,0,2,0,2,2022-23
2023-01-28,TSG 1899 Hoffenheim,(0-2)  Borussia Mönchengladbach,1,4,1,5,2022-23
2023-01-28,1. FSV Mainz 05,(3-0)  VfL Bochum 1848,5,2,1,7,2022-23
2023-01-28,SC Freiburg,(2-1)  FC Augsburg,3,1,1,4,2022-23
2023-01-28,18.30  FC Bayern München,(1-0)  Eintracht Frankfurt,1,1,1,2,2022-23
2023-01-29,15.30  FC Schalke 04,1. FC Köln,0,0,0,0,2022-23
2023-01-29,17.30  Bayer 04 Leverkusen,(0-1)  Borussia Dortmund,0,2,0,2,2022-23
2023-02-03,20.30  FC Augsburg,(0-0)  Bayer 04 Leverkusen,1,0,0,1,2022-23
2023-02-04,Borussia Dortmund,(1-1)  SC Freiburg,5,1,1,6,2022-23
2023-02-04,1. FC Union Berlin,(1-0)  1. FSV Mainz 05,2,1,1,3,2022-23
2023-02-04,18.30  Borussia Mönchengladbach,FC Schalke 04,0,0,0,0,2022-23
2023-02-04,Eintracht Frankfurt,(2-0)  Hertha BSC,3,0,0,3,2022-23
2023-02-04,15.30  VfL Bochum 1848,(3-0)  TSG 1899 Hoffenheim,5,2,1,7,2022-23
2023-02-04,1. FC Köln,RB Leipzig,0,0,0,0,2022-23
2023-02-05,15.30  VfB Stuttgart,(0-0)  SV Werder Bremen,0,2,0,2,2022-23
2023-02-05,17.30  VfL Wolfsburg,(1-3)  FC Bayern München,2,4,1,6,2022-23
2023-02-10,20.30  FC Schalke 04,VfL Wolfsburg,0,0,0,0,2022-23
2023-02-11,18.30  RB Leipzig,(1-0)  1. FC Union Berlin,1,2,1,3,2022-23
2023-02-11,SC Freiburg,(0-1)  VfB Stuttgart,2,1,1,3,2022-23
2023-02-11,FC Bayern München,(1-0)  VfL Bochum 1848,3,0,0,3,2022-23
2023-02-11,TSG 1899 Hoffenheim,(0-1)  Bayer 04 Leverkusen,1,3,1,4,2022-23
2023-02-11,15.30  SV Werder Bremen,(0-0)  Borussia Dortmund,0,2,0,2,2022-23
2023-02-11,1. FSV Mainz 05,(2-1)  FC Augsburg,3,1,1,4,2022-23
2023-02-12,15.30  Hertha BSC,(1-1)  Borussia Mönchengladbach,4,1,1,5,2022-23
2023-02-12,17.30  1. FC Köln,(0-0)  Eintracht Frankfurt,3,0,0,3,2022-23
2023-02-17,20.30  FC Augsburg,(0-0)  TSG 1899 Hoffenheim,1,0,0,1,2022-23
2023-02-18,18.30  Eintracht Frankfurt,(1-0)  SV Werder Bremen,2,0,0,2,2022-23
2023-02-18,15.30  VfL Bochum 1848,(0-1)  SC Freiburg,0,2,0,2,2022-23
2023-02-18,VfL Wolfsburg,(0-1)  RB Leipzig,0,3,0,3,2022-23
2023-02-18,Borussia Mönchengladbach,(1-1)  FC Bayern München,3,2,1,5,2022-23
2023-02-18,VfB Stuttgart,(1-0)  1. FC Köln,3,0,0,3,2022-23
2023-02-19,19.30  Bayer 04 Leverkusen,(1-2)  1. FSV Mainz 05,2,3,1,5,2022-23
2023-02-19,17.30  Borussia Dortmund,(2-0)  Hertha BSC,4,1,1,5,2022-23
2023-02-19,15.30  1. FC Union Berlin,FC Schalke 04,0,0,0,0,2022-23
2023-02-24,20.30  1. FSV Mainz 05,(1-0)  Borussia Mönchengladbach,4,0,0,4,2022-23
2023-02-25,15.30  SV Werder Bremen,(2-0)  VfL Bochum 1848,3,0,0,3,2022-23
2023-02-25,Hertha BSC,(0-0)  FC Augsburg,2,0,0,2,2022-23
2023-02-25,TSG 1899 Hoffenheim,(0-1)  Borussia Dortmund,0,1,0,1,2022-23
2023-02-25,1. FC Köln,(0-1)  VfL Wolfsburg,0,2,0,2,2022-23
2023-02-25,RB Leipzig,(2-0)  Eintracht Frankfurt,2,1,1,3,2022-23
2023-02-25,18.30  FC Schalke 04,(2-0)  VfB Stuttgart,2,1,1,3,2022-23
2023-02-26,17.30  FC Bayern München,(3-0)  1. FC Union Berlin,3,0,0,3,2022-23
2023-02-26,15.30  SC Freiburg,(1-0)  Bayer 04 Leverkusen,1,1,1,2,2022-23
2023-03-03,20.30  Borussia Dortmund,(2-0)  RB Leipzig,2,1,1,3,2022-23
2023-03-04,15.30  FC Augsburg,(1-1)  SV Werder Bremen,2,1,1,3,2022-23
2023-03-04,VfL Bochum 1848,(0-1)  FC Schalke 04,0,2,0,2,2022-23
2023-03-04,Borussia Mönchengladbach,SC Freiburg,0,0,0,0,2022-23
2023-03-04,1. FSV Mainz 05,(1-0)  TSG 1899 Hoffenheim,1,0,0,1,2022-23
2023-03-04,1. FC Union Berlin,1. FC Köln,0,0,0,0,2022-23
2023-03-04,18.30  VfB Stuttgart,(0-1)  FC Bayern München,1,2,1,3,2022-23
2023-03-05,17.30  VfL Wolfsburg,(2-2)  Eintracht Frankfurt,2,2,1,4,2022-23
2023-03-05,15.30  Bayer 04 Leverkusen,(2-0)  Hertha BSC,4,1,1,5,2022-23
2023-03-10,20.30  1. FC Köln,(0-1)  VfL Bochum 1848,0,2,0,2,2022-23
2023-03-11,15.30  Hertha BSC,(1-0)  1. FSV Mainz 05,1,1,1,2,2022-23
2023-03-11,Eintracht Frankfurt,(0-0)  VfB Stuttgart,1,1,1,2,2022-23
2023-03-11,RB Leipzig,(0-0)  Borussia Mönchengladbach,3,0,0,3,2022-23
2023-03-11,FC Bayern München,(4-1)  FC Augsburg,5,3,1,8,2022-23
2023-03-11,18.30  FC Schalke 04,(0-1)  Borussia Dortmund,2,2,1,4,2022-23
2023-03-12,19.30  VfL Wolfsburg,(0-0)  1. FC Union Berlin,1,1,1,2,2022-23
2023-03-12,15.30  SC Freiburg,(1-0)  TSG 1899 Hoffenheim,2,1,1,3,2022-23
2023-03-12,17.30  SV Werder Bremen,(1-1)  Bayer 04 Leverkusen,2,3,1,5,2022-23
2023-03-17,20.30  Borussia Mönchengladbach,(0-0)  SV Werder Bremen,2,2,1,4,2022-23
2023-03-18,15.30  VfB Stuttgart,(0-0)  VfL Wolfsburg,0,1,0,1,2022-23
2023-03-18,FC Augsburg,(0-0)  FC Schalke 04,1,1,1,2,2022-23
2023-03-18,VfL Bochum 1848,(0-0)  RB Leipzig,1,0,0,1,2022-23
2023-03-18,TSG 1899 Hoffenheim,(2-0)  Hertha BSC,3,1,1,4,2022-23
2023-03-18,18.30  Borussia Dortmund,(4-1)  1. FC Köln,6,1,1,7,2022-23
2023-03-19,17.30  Bayer 04 Leverkusen,(0-1)  FC Bayern München,2,1,1,3,2022-23
2023-03-19,15.30  1. FC Union Berlin,(0-0)  Eintracht Frankfurt,2,0,0,2,2022-23
2023-03-19,19.30  1. FSV Mainz 05,(0-0)  SC Freiburg,1,1,1,2,2022-23
2023-03-31,20.30  Eintracht Frankfurt,(1-1)  VfL Bochum 1848,1,1,1,2,2022-23
2023-04-01,15.30  FC Schalke 04,(0-0)  Bayer 04 Leverkusen,0,3,0,3,2022-23
2023-04-01,VfL Wolfsburg,(0-2)  FC Augsburg,2,2,1,4,2022-23
2023-04-01,SC Freiburg,(0-0)  Hertha BSC,1,1,1,2,2022-23
2023-04-01,1. FC Union Berlin,(0-0)  VfB Stuttgart,3,0,0,3,2022-23
2023-04-01,RB Leipzig,(0-1)  1. FSV Mainz 05,0,3,0,3,2022-23
2023-04-01,18.30  FC Bayern München,(3-0)  Borussia Dortmund,4,2,1,6,2022-23
2023-04-02,15.30  1. FC Köln,Borussia Mönchengladbach,0,0,0,0,2022-23
2023-04-02,17.30  SV Werder Bremen,(0-0)  TSG 1899 Hoffenheim,1,2,1,3,2022-23
2023-04-08,18.30  Hertha BSC,(0-1)  RB Leipzig,0,1,0,1,2022-23
2023-04-08,Borussia Dortmund,(1-0)  1. FC Union Berlin,2,1,1,3,2022-23
2023-04-08,Bayer 04 Leverkusen,(2-0)  Eintracht Frankfurt,3,1,1,4,2022-23
2023-04-08,1. FSV Mainz 05,(0-0)  SV Werder Bremen,2,2,1,4,2022-23
2023-04-08,15.30  FC Augsburg,(1-2)  1. FC Köln,1,3,1,4,2022-23
2023-04-08,SC Freiburg,(0-0)  FC Bayern München,0,1,0,1,2022-23
2023-04-09,15.30  Borussia Mönchengladbach,(1-0)  VfL Wolfsburg,2,0,0,2,2022-23
2023-04-09,17.30  VfL Bochum 1848,(0-1)  VfB Stuttgart,2,3,1,5,2022-23
2023-04-09,19.30  TSG 1899 Hoffenheim,(1-0)  FC Schalke 04,2,0,0,2,2022-23
2023-04-14,20.30  FC Schalke 04,(2-1)  Hertha BSC,5,2,1,7,2022-23
2023-04-15,18.30  Eintracht Frankfurt,(0-1)  Borussia Mönchengladbach,1,1,1,2,2022-23
2023-04-15,FC Bayern München,(1-0)  TSG 1899 Hoffenheim,1,1,1,2,2022-23
2023-04-15,1. FC Köln,(0-1)  1. FSV Mainz 05,1,1,1,2,2022-23
2023-04-15,15.30  VfB Stuttgart,(0-2)  Borussia Dortmund,3,3,1,6,2022-23
2023-04-15,RB Leipzig,(3-1)  FC Augsburg,3,2,1,5,2022-23
2023-04-16,15.30  SV Werder Bremen,(0-0)  SC Freiburg,1,2,1,3,2022-23
2023-04-16,17.30  1. FC Union Berlin,(1-0)  VfL Bochum 1848,1,1,1,2,2022-23
2023-04-16,19.30  VfL Wolfsburg,Bayer 04 Leverkusen,0,0,0,0,2022-23
2023-04-21,20.30  FC Augsburg,(1-0)  VfB Stuttgart,1,1,1,2,2022-23
2023-04-22,TSG 1899 Hoffenheim,(0-2)  1. FC Köln,1,3,1,4,2022-23
2023-04-22,15.30  Hertha BSC,(0-2)  SV Werder Bremen,2,4,1,6,2022-23
2023-04-22,VfL Bochum 1848,(0-3)  VfL Wolfsburg,1,5,1,6,2022-23
2023-04-22,1. FSV Mainz 05,(0-1)  FC Bayern München,3,1,1,4,2022-23
2023-04-22,18.30  Borussia Dortmund,(3-0)  Eintracht Frankfurt,4,0,0,4,2022-23
2023-04-23,15.30  SC Freiburg,(2-0)  FC Schalke 04,4,0,0,4,2022-23
2023-04-23,17.30  Bayer 04 Leverkusen,(1-0)  RB Leipzig,2,0,0,2,2022-23
2023-04-23,19.30  Borussia Mönchengladbach,(0-0)  1. FC Union Berlin,0,1,0,1,2022-23
2023-04-28,20.30  VfL Bochum 1848,(1-1)  Borussia Dortmund,1,1,1,2,2022-23
2023-04-29,RB Leipzig,(1-0)  TSG 1899 Hoffenheim,1,0,0,1,2022-23
2023-04-29,18.30  FC Schalke 04,(0-1)  SV Werder Bremen,2,1,1,3,2022-23
2023-04-29,1. FC Union Berlin,Bayer 04 Leverkusen,0,0,0,0,2022-23
2023-04-29,Eintracht Frankfurt,(1-0)  FC Augsburg,1,1,1,2,2022-23
2023-04-29,1. FC Köln,(0-0)  SC Freiburg,0,1,0,1,2022-23
2023-04-29,15.30  VfB Stuttgart,(1-0)  Borussia Mönchengladbach,2,1,1,3,2022-23
2023-04-30,15.30  FC Bayern München,(0-0)  Hertha BSC,2,0,0,2,2022-23
2023-04-30,17.30  VfL Wolfsburg,(3-0)  1. FSV Mainz 05,3,0,0,3,2022-23
2023-05-05,20.30  1. FSV Mainz 05,(0-1)  FC Schalke 04,2,3,1,5,2022-23
2023-05-05,Bayer 04 Leverkusen,(1-2)  1. FC Köln,1,2,1,3,2022-23
2023-05-06,18.30  SV Werder Bremen,(0-0)  FC Bayern München,1,2,1,3,2022-23
2023-05-06,SC Freiburg,(0-0)  RB Leipzig,0,1,0,1,2022-23
2023-05-06,TSG 1899 Hoffenheim,(3-0)  Eintracht Frankfurt,3,1,1,4,2022-23
2023-05-06,Borussia Mönchengladbach,(1-0)  VfL Bochum 1848,2,0,0,2,2022-23
2023-05-06,FC Augsburg,(0-0)  1. FC Union Berlin,1,0,0,1,2022-23
2023-05-06,15.30  Hertha BSC,(2-1)  VfB Stuttgart,2,1,1,3,2022-23
2023-05-07,17.30  Borussia Dortmund,(3-0)  VfL Wolfsburg,6,0,0,6,2022-23
2023-05-12,20.30  1. FC Köln,(3-2)  Hertha BSC,5,2,1,7,2022-23
2023-05-13,18.30  Borussia Dortmund,(4-0)  Borussia Mönchengladbach,5,2,1,7,2022-23
2023-05-13,FC Bayern München,(2-0)  FC Schalke 04,6,0,0,6,2022-23
2023-05-13,1. FC Union Berlin,(3-0)  SC Freiburg,4,2,1,6,2022-23
2023-05-13,VfL Wolfsburg,(1-0)  TSG 1899 Hoffenheim,2,1,1,3,2022-23
2023-05-13,15.30  VfL Bochum 1848,(1-1)  FC Augsburg,3,2,1,5,2022-23
2023-05-13,Eintracht Frankfurt,(2-0)  1. FSV Mainz 05,3,0,0,3,2022-23
2023-05-14,15.30  VfB Stuttgart,(0-0)  Bayer 04 Leverkusen,1,1,1,2,2022-23
2023-05-14,17.30  RB Leipzig,(0-0)  SV Werder Bremen,2,1,1,3,2022-23
2023-05-19,20.30  SC Freiburg,(0-0)  VfL Wolfsburg,2,0,0,2,2022-23
2023-05-20,15.30  SV Werder Bremen,(0-1)  1. FC Köln,1,1,1,2,2022-23
2023-05-20,FC Schalke 04,(1-1)  Eintracht Frankfurt,2,2,1,4,2022-23
2023-05-20,Hertha BSC,(0-0)  VfL Bochum 1848,1,1,1,2,2022-23
2023-05-20,TSG 1899 Hoffenheim,(2-1)  1. FC Union Berlin,4,2,1,6,2022-23
2023-05-20,18.30  FC Bayern München,(1-0)  RB Leipzig,1,3,1,4,2022-23
2023-05-21,19.30  Bayer 04 Leverkusen,(2-0)  Borussia Mönchengladbach,2,2,1,4,2022-23
2023-05-21,15.30  1. FSV Mainz 05,(1-1)  VfB Stuttgart,1,4,1,5,2022-23
2023-05-21,17.30  FC Augsburg,(0-0)  Borussia Dortmund,0,3,0,3,2022-23
2023-05-27,Borussia Dortmund,(0-2)  1. FSV Mainz 05,2,2,1,4,2022-23
2023-05-27,1. FC Köln,(0-1)  FC Bayern München,1,2,1,3,2022-23
2023-05-27,RB Leipzig,(2-1)  FC Schalke 04,4,2,1,6,2022-23
2023-05-27,Borussia Mönchengladbach,(2-0)  FC Augsburg,2,0,0,2,2022-23
2023-05-27,1. FC Union Berlin,(0-0)  SV Werder Bremen,1,0,0,1,2022-23
2023-05-27,VfL Wolfsburg,(1-0)  Hertha BSC,1,2,1,3,2022-23
2023-05-27,15.30  VfB Stuttgart,(0-0)  TSG 1899 Hoffenheim,1,1,1,2,2022-23
2023-05-27,Eintracht Frankfurt,(0-1)  SC Freiburg,2,1,1,3,2022-23
2023-05-27,VfL Bochum 1848,(2-0)  Bayer 04 Leverkusen,3,0,0,3,2022-23
2023-08-18,20.30  SV Werder Bremen,(0-1)  FC Bayern München,0,4,0,4,2023-24
2023-08-19,15.30  Bayer 04 Leverkusen,(2-1)  RB Leipzig,3,2,1,5,2023-24
2023-08-19,VfL Wolfsburg,(2-0)  1. FC Heidenheim 1846,2,0,0,2,2023-24
2023-08-19,TSG 1899 Hoffenheim,(0-2)  SC Freiburg,1,2,1,3,2023-24
2023-08-19,FC Augsburg,(3-3)  Borussia Mönchengladbach,4,4,1,8,2023-24
2023-08-19,VfB Stuttgart,(2-0)  VfL Bochum 1848,5,0,0,5,2023-24
2023-08-19,18.30  Borussia Dortmund,(0-0)  1. FC Köln,1,0,0,1,2023-24
2023-08-20,15.30  1. FC Union Berlin,(2-0)  1. FSV Mainz 05,4,1,1,5,2023-24
2023-08-20,17.30  Eintracht Frankfurt,(1-0)  SV Darmstadt 98,1,0,0,1,2023-24
2023-08-25,20.30  RB Leipzig,(0-1)  VfB Stuttgart,5,1,1,6,2023-24
2023-08-26,SV Darmstadt 98,(1-3)  1. FC Union Berlin,1,4,1,5,2023-24
2023-08-26,1. FC Heidenheim 1846,(1-0)  TSG 1899 Hoffenheim,2,3,1,5,2023-24
2023-08-26,15.30  SC Freiburg,(0-0)  SV Werder Bremen,1,0,0,1,2023-24
2023-08-26,1. FC Köln,(0-0)  VfL Wolfsburg,1,2,1,3,2023-24
2023-08-26,18.30  Borussia Mönchengladbach,(0-2)  Bayer 04 Leverkusen,0,3,0,3,2023-24
2023-08-26,VfL Bochum 1848,(1-0)  Borussia Dortmund,1,1,1,2,2023-24
2023-08-27,17.30  FC Bayern München,(2-0)  FC Augsburg,3,1,1,4,2023-24
2023-08-27,15.30  1. FSV Mainz 05,(1-0)  Eintracht Frankfurt,1,1,1,2,2023-24
2023-09-01,20.30  Borussia Dortmund,(2-0)  1. FC Heidenheim 1846,2,2,1,4,2023-24
2023-09-02,VfB Stuttgart,(3-0)  SC Freiburg,5,0,0,5,2023-24
2023-09-02,18.30  Borussia Mönchengladbach,(1-0)  FC Bayern München,1,2,1,3,2023-24
2023-09-02,FC Augsburg,(1-1)  VfL Bochum 1848,2,2,1,4,2023-24
2023-09-02,15.30  Bayer 04 Leverkusen,(1-1)  SV Darmstadt 98,5,1,1,6,2023-24
2023-09-02,TSG 1899 Hoffenheim,(1-1)  VfL Wolfsburg,3,1,1,4,2023-24
2023-09-02,SV Werder Bremen,(1-0)  1. FSV Mainz 05,4,0,0,4,2023-24
2023-09-03,15.30  Eintracht Frankfurt,(0-1)  1. FC Köln,1,1,1,2,2023-24
2023-09-03,17.30  1. FC Union Berlin,(0-0)  RB Leipzig,0,3,0,3,2023-24
2023-09-15,20.30  FC Bayern München,(1-1)  Bayer 04 Leverkusen,2,2,1,4,2023-24
2023-09-16,1. FC Köln,(0-2)  TSG 1899 Hoffenheim,1,3,1,4,2023-24
2023-09-16,15.30  RB Leipzig,(3-0)  FC Augsburg,3,0,0,3,2023-24
2023-09-16,SC Freiburg,(2-1)  Borussia Dortmund,2,4,1,6,2023-24
2023-09-16,VfL Wolfsburg,(2-1)  1. FC Union Berlin,2,1,1,3,2023-24
2023-09-16,1. FSV Mainz 05,(0-0)  VfB Stuttgart,1,3,1,4,2023-24
2023-09-16,18.30  VfL Bochum 1848,(0-0)  Eintracht Frankfurt,1,1,1,2,2023-24
2023-09-17,17.30  SV Darmstadt 98,(3-0)  Borussia Mönchengladbach,3,3,1,6,2023-24
2023-09-17,15.30  1. FC Heidenheim 1846,(2-0)  SV Werder Bremen,4,2,1,6,2023-24
2023-09-22,20.30  VfB Stuttgart,(2-1)  SV Darmstadt 98,3,1,1,4,2023-24
2023-09-23,18.30  SV Werder Bremen,(1-1)  1. FC Köln,2,1,1,3,2023-24
2023-09-23,FC Augsburg,(2-1)  1. FSV Mainz 05,2,1,1,3,2023-24
2023-09-23,Borussia Mönchengladbach,(0-0)  RB Leipzig,0,1,0,1,2023-24
2023-09-23,15.30  FC Bayern München,(4-0)  VfL Bochum 1848,7,0,0,7,2023-24
2023-09-23,Borussia Dortmund,(0-0)  VfL Wolfsburg,1,0,0,1,2023-24
2023-09-23,1. FC Union Berlin,(0-2)  TSG 1899 Hoffenheim,0,2,0,2,2023-24
2023-09-24,15.30  Bayer 04 Leverkusen,(1-0)  1. FC Heidenheim 1846,4,1,1,5,2023-24
2023-09-24,17.30  Eintracht Frankfurt,SC Freiburg,0,0,0,0,2023-24
2023-09-29,20.30  TSG 1899 Hoffenheim,(1-2)  Borussia Dortmund,1,3,1,4,2023-24
2023-09-30,15.30  VfL Wolfsburg,(1-0)  Eintracht Frankfurt,2,0,0,2,2023-24
2023-09-30,1. FSV Mainz 05,(0-1)  Bayer 04 Leverkusen,0,3,0,3,2023-24
2023-09-30,1. FC Köln,(0-0)  VfB Stuttgart,0,2,0,2,2023-24
2023-09-30,VfL Bochum 1848,(0-3)  Borussia Mönchengladbach,1,3,1,4,2023-24
2023-09-30,1. FC Heidenheim 1846,(0-0)  1. FC Union Berlin,1,0,0,1,2023-24
2023-09-30,18.30  RB Leipzig,(2-0)  FC Bayern München,2,2,1,4,2023-24
2023-10-01,15.30  SV Darmstadt 98,(2-0)  SV Werder Bremen,4,2,1,6,2023-24
2023-10-01,17.30  SC Freiburg,(1-0)  FC Augsburg,2,0,0,2,2023-24
2023-10-06,20.30  Borussia Mönchengladbach,(1-1)  1. FSV Mainz 05,2,2,1,4,2023-24
2023-10-07,18.30  SV Werder Bremen,(1-2)  TSG 1899 Hoffenheim,2,3,1,5,2023-24
2023-10-07,VfB Stuttgart,(0-1)  VfL Wolfsburg,3,1,1,4,2023-24
2023-10-07,RB Leipzig,VfL Bochum 1848,0,0,0,0,2023-24
2023-10-07,15.30  Borussia Dortmund,(1-2)  1. FC Union Berlin,4,2,1,6,2023-24
2023-10-07,FC Augsburg,(0-0)  SV Darmstadt 98,1,2,1,3,2023-24
2023-10-08,15.30  Bayer 04 Leverkusen,(2-0)  1. FC Köln,3,0,0,3,2023-24
2023-10-08,17.30  FC Bayern München,(2-0)  SC Freiburg,3,0,0,3,2023-24
2023-10-08,19.30  Eintracht Frankfurt,(1-0)  1. FC Heidenheim 1846,2,0,0,2,2023-24
2023-10-20,20.30  Borussia Dortmund,(0-0)  SV Werder Bremen,1,0,0,1,2023-24
2023-10-21,15.30  TSG 1899 Hoffenheim,(1-3)  Eintracht Frankfurt,1,3,1,4,2023-24
2023-10-21,SV Darmstadt 98,(1-2)  RB Leipzig,1,3,1,4,2023-24
2023-10-21,1. FC Union Berlin,(0-1)  VfB Stuttgart,0,3,0,3,2023-24
2023-10-21,SC Freiburg,(2-1)  VfL Bochum 1848,2,1,1,3,2023-24
2023-10-21,VfL Wolfsburg,(1-1)  Bayer 04 Leverkusen,1,2,1,3,2023-24
2023-10-21,18.30  1. FSV Mainz 05,(1-2)  FC Bayern München,1,3,1,4,2023-24
2023-10-22,17.30  1. FC Heidenheim 1846,(2-3)  FC Augsburg,2,5,1,7,2023-24
2023-10-22,15.30  1. FC Köln,(1-0)  Borussia Mönchengladbach,3,1,1,4,2023-24
2023-10-27,20.30  VfL Bochum 1848,(1-0)  1. FSV Mainz 05,2,2,1,4,2023-24
2023-10-28,Borussia Mönchengladbach,(1-1)  1. FC Heidenheim 1846,2,1,1,3,2023-24
2023-10-28,18.30  RB Leipzig,(4-0)  1. FC Köln,6,0,0,6,2023-24
2023-10-28,VfB Stuttgart,(0-2)  TSG 1899 Hoffenheim,2,3,1,5,2023-24
2023-10-28,15.30  FC Bayern München,(0-0)  SV Darmstadt 98,8,0,0,8,2023-24
2023-10-28,SV Werder Bremen,(1-0)  1. FC Union Berlin,2,0,0,2,2023-24
2023-10-28,FC Augsburg,(1-2)  VfL Wolfsburg,3,2,1,5,2023-24
2023-10-29,15.30  Eintracht Frankfurt,(2-1)  Borussia Dortmund,3,3,1,6,2023-24
2023-10-29,17.30  Bayer 04 Leverkusen,(1-0)  SC Freiburg,2,1,1,3,2023-24
2023-11-03,20.30  SV Darmstadt 98,(1-1)  VfL Bochum 1848,1,2,1,3,2023-24
2023-11-04,15.30  1. FC Union Berlin,(0-2)  Eintracht Frankfurt,0,3,0,3,2023-24
2023-11-04,SC Freiburg,(1-3)  Borussia Mönchengladbach,3,3,1,6,2023-24
2023-11-04,1. FSV Mainz 05,(0-0)  RB Leipzig,2,0,0,2,2023-24
2023-11-04,1. FC Köln,(1-1)  FC Augsburg,1,1,1,2,2023-24
2023-11-04,TSG 1899 Hoffenheim,(0-2)  Bayer 04 Leverkusen,2,3,1,5,2023-24
2023-11-04,18.30  Borussia Dortmund,(0-2)  FC Bayern München,0,4,0,4,2023-24
2023-11-05,15.30  VfL Wolfsburg,(1-1)  SV Werder Bremen,2,2,1,4,2023-24
2023-11-05,17.30  1. FC Heidenheim 1846,(0-0)  VfB Stuttgart,2,0,0,2,2023-24
2023-11-10,20.30  Borussia Mönchengladbach,(2-0)  VfL Wolfsburg,4,0,0,4,2023-24
2023-11-11,SV Darmstadt 98,1. FSV Mainz 05,0,0,0,0,2023-24
2023-11-11,VfB Stuttgart,(1-1)  Borussia Dortmund,2,1,1,3,2023-24
2023-11-11,18.30  VfL Bochum 1848,(1-0)  1. FC Köln,1,1,1,2,2023-24
2023-11-11,15.30  FC Bayern München,(2-0)  1. FC Heidenheim 1846,4,2,1,6,2023-24
2023-11-11,FC Augsburg,(0-1)  TSG 1899 Hoffenheim,1,1,1,2,2023-24
2023-11-12,19.30  RB Leipzig,(1-1)  SC Freiburg,3,1,1,4,2023-24
2023-11-12,15.30  Bayer 04 Leverkusen,(1-0)  1. FC Union Berlin,4,0,0,4,2023-24
2023-11-12,17.30  SV Werder Bremen,(1-0)  Eintracht Frankfurt,2,2,1,4,2023-24
2023-11-24,20.30  1. FC Köln,(0-1)  FC Bayern München,0,1,0,1,2023-24
2023-11-25,15.30  Borussia Dortmund,(3-2)  Borussia Mönchengladbach,4,2,1,6,2023-24
2023-11-25,1. FC Union Berlin,(0-1)  FC Augsburg,1,1,1,2,2023-24
2023-11-25,SC Freiburg,(1-1)  SV Darmstadt 98,1,1,1,2,2023-24
2023-11-25,SV Werder Bremen,(0-2)  Bayer 04 Leverkusen,0,3,0,3,2023-24
2023-11-25,18.30  Eintracht Frankfurt,(1-2)  VfB Stuttgart,1,2,1,3,2023-24
2023-11-25,VfL Wolfsburg,(1-0)  RB Leipzig,2,1,1,3,2023-24
2023-11-26,15.30  1. FC Heidenheim 1846,VfL Bochum 1848,0,0,0,0,2023-24
2023-11-26,17.30  TSG 1899 Hoffenheim,(0-1)  1. FSV Mainz 05,1,1,1,2,2023-24
2023-12-01,20.30  SV Darmstadt 98,(0-0)  1. FC Köln,0,1,0,1,2023-24
2023-12-02,18.30  VfB Stuttgart,(1-0)  SV Werder Bremen,2,0,0,2,2023-24
2023-12-02,15.30  RB Leipzig,(2-1)  1. FC Heidenheim 1846,2,1,1,3,2023-24
2023-12-02,Borussia Mönchengladbach,(0-0)  TSG 1899 Hoffenheim,2,1,1,3,2023-24
2023-12-02,VfL Bochum 1848,(2-1)  VfL Wolfsburg,3,1,1,4,2023-24
2023-12-03,19.30  FC Augsburg,(1-0)  Eintracht Frankfurt,2,1,1,3,2023-24
2023-12-03,15.30  1. FSV Mainz 05,(0-0)  SC Freiburg,0,1,0,1,2023-24
2023-12-03,17.30  Bayer 04 Leverkusen,(0-1)  Borussia Dortmund,1,1,1,2,2023-24
2023-12-08,20.30  TSG 1899 Hoffenheim,(2-0)  VfL Bochum 1848,3,1,1,4,2023-24
2023-12-09,15.30  1. FC Union Berlin,(1-0)  Borussia Mönchengladbach,3,1,1,4,2023-24
2023-12-09,Eintracht Frankfurt,(3-1)  FC Bayern München,5,1,1,6,2023-24
2023-12-09,VfL Wolfsburg,(0-0)  SC Freiburg,0,1,0,1,2023-24
2023-12-09,SV Werder Bremen,(1-0)  FC Augsburg,2,0,0,2,2023-24
2023-12-09,1. FC Heidenheim 1846,(1-0)  SV Darmstadt 98,3,2,1,5,2023-24
2023-12-09,18.30  Borussia Dortmund,(1-1)  RB Leipzig,2,3,1,5,2023-24
2023-12-10,17.30  1. FC Köln,1. FSV Mainz 05,0,0,0,0,2023-24
2023-12-10,15.30  VfB Stuttgart,(1-0)  Bayer 04 Leverkusen,1,1,1,2,2023-24
2023-12-15,20.30  Borussia Mönchengladbach,(1-1)  SV Werder Bremen,2,2,1,4,2023-24
2023-12-16,15.30  1. FSV Mainz 05,(0-1)  1. FC Heidenheim 1846,0,1,0,1,2023-24
2023-12-16,VfL Bochum 1848,(1-0)  1. FC Union Berlin,3,0,0,3,2023-24
2023-12-16,FC Augsburg,(1-1)  Borussia Dortmund,1,1,1,2,2023-24
2023-12-16,SV Darmstadt 98,(0-0)  VfL Wolfsburg,0,1,0,1,2023-24
2023-12-16,18.30  RB Leipzig,(1-1)  TSG 1899 Hoffenheim,3,1,1,4,2023-24
2023-12-17,19.30  FC Bayern München,(1-0)  VfB Stuttgart,3,0,0,3,2023-24
2023-12-17,17.30  Bayer 04 Leverkusen,(1-0)  Eintracht Frankfurt,3,0,0,3,2023-24
2023-12-17,15.30  SC Freiburg,(0-0)  1. FC Köln,2,0,0,2,2023-24
2023-12-19,18.30  SV Werder Bremen,(0-0)  RB Leipzig,1,1,1,2,2023-24
2023-12-19,20.30  Borussia Dortmund,(1-1)  1. FSV Mainz 05,1,1,1,2,2023-24
2023-12-19,TSG 1899 Hoffenheim,(2-1)  SV Darmstadt 98,3,3,1,6,2023-24
2023-12-20,18.30  1. FC Union Berlin,(0-0)  1. FC Köln,2,0,0,2,2023-24
2023-12-20,20.30  Bayer 04 Leverkusen,(3-0)  VfL Bochum 1848,4,0,0,4,2023-24
2023-12-20,Eintracht Frankfurt,(0-1)  Borussia Mönchengladbach,2,1,1,3,2023-24
2023-12-20,VfL Wolfsburg,(1-2)  FC Bayern München,1,2,1,3,2023-24
2023-12-20,VfB Stuttgart,(2-0)  FC Augsburg,3,0,0,3,2023-24
2023-12-20,1. FC Heidenheim 1846,(0-1)  SC Freiburg,3,2,1,5,2023-24
2024-01-12,20.30  FC Bayern München,(1-0)  TSG 1899 Hoffenheim,3,0,0,3,2023-24
2024-01-13,FC Augsburg,(0-0)  Bayer 04 Leverkusen,0,1,0,1,2023-24
2024-01-13,1. FC Köln,(1-0)  1. FC Heidenheim 1846,1,1,1,2,2023-24
2024-01-13,18.30  SV Darmstadt 98,(0-1)  Borussia Dortmund,0,3,0,3,2023-24
2024-01-13,SC Freiburg,1. FC Union Berlin,0,0,0,0,2023-24
2024-01-13,15.30  RB Leipzig,(0-1)  Eintracht Frankfurt,0,1,0,1,2023-24
2024-01-13,1. FSV Mainz 05,(0-1)  VfL Wolfsburg,1,1,1,2,2023-24
2024-01-14,17.30  Borussia Mönchengladbach,(2-0)  VfB Stuttgart,3,1,1,4,2023-24
2024-01-14,15.30  VfL Bochum 1848,(0-0)  SV Werder Bremen,1,1,1,2,2023-24
2024-01-20,15.30  1. FC Köln,(0-1)  Borussia Dortmund,0,4,0,4,2023-24
2024-01-20,SV Darmstadt 98,(0-1)  Eintracht Frankfurt,2,2,1,4,2023-24
2024-01-20,1. FC Heidenheim 1846,(1-1)  VfL Wolfsburg,1,1,1,2,2023-24
2024-01-20,SC Freiburg,(1-0)  TSG 1899 Hoffenheim,3,2,1,5,2023-24
2024-01-20,VfL Bochum 1848,(0-0)  VfB Stuttgart,1,0,0,1,2023-24
2024-01-20,18.30  RB Leipzig,(1-0)  Bayer 04 Leverkusen,2,3,1,5,2023-24
2024-01-21,15.30  FC Bayern München,(0-0)  SV Werder Bremen,0,1,0,1,2023-24
2024-01-21,17.30  Borussia Mönchengladbach,(1-0)  FC Augsburg,1,2,1,3,2023-24
2024-01-24,20.30  FC Bayern München,(0-0)  1. FC Union Berlin,1,0,0,1,2023-24
2024-01-26,20.30  Eintracht Frankfurt,(0-0)  1. FSV Mainz 05,1,0,0,1,2023-24
2024-01-27,18.30  Bayer 04 Leverkusen,Borussia Mönchengladbach,0,0,0,0,2023-24
2024-01-27,TSG 1899 Hoffenheim,(1-1)  1. FC Heidenheim 1846,1,1,1,2,2023-24
2024-01-27,VfL Wolfsburg,(1-1)  1. FC Köln,1,1,1,2,2023-24
2024-01-27,15.30  FC Augsburg,(0-2)  FC Bayern München,2,3,1,5,2023-24
2024-01-27,VfB Stuttgart,(2-1)  RB Leipzig,5,2,1,7,2023-24
2024-01-27,SV Werder Bremen,(1-1)  SC Freiburg,3,1,1,4,2023-24
2024-01-28,15.30  1. FC Union Berlin,(0-0)  SV Darmstadt 98,1,0,0,1,2023-24
2024-01-28,17.30  Borussia Dortmund,(1-1)  VfL Bochum 1848,3,1,1,4,2023-24
2024-02-02,20.30  1. FC Heidenheim 1846,Borussia Dortmund,0,0,0,0,2023-24
2024-02-03,SC Freiburg,(1-2)  VfB Stuttgart,1,3,1,4,2023-24
2024-02-03,18.30  1. FC Köln,(0-0)  Eintracht Frankfurt,2,0,0,2,2023-24
2024-02-03,VfL Bochum 1848,(1-0)  FC Augsburg,1,1,1,2,2023-24
2024-02-03,FC Bayern München,(1-1)  Borussia Mönchengladbach,3,1,1,4,2023-24
2024-02-03,15.30  SV Darmstadt 98,(0-1)  Bayer 04 Leverkusen,0,2,0,2,2023-24
2024-02-03,1. FSV Mainz 05,(0-1)  SV Werder Bremen,0,1,0,1,2023-24
2024-02-04,15.30  VfL Wolfsburg,(0-1)  TSG 1899 Hoffenheim,2,2,1,4,2023-24
2024-02-04,17.30  RB Leipzig,(1-0)  1. FC Union Berlin,2,0,0,2,2023-24
2024-02-07,18.30  1. FSV Mainz 05,(1-1)  1. FC Union Berlin,1,1,1,2,2023-24
2024-02-09,20.30  Borussia Dortmund,(2-0)  SC Freiburg,3,0,0,3,2023-24
2024-02-10,Eintracht Frankfurt,(1-1)  VfL Bochum 1848,1,1,1,2,2023-24
2024-02-10,15.30  FC Augsburg,(1-1)  RB Leipzig,2,2,1,4,2023-24
2024-02-10,1. FC Union Berlin,(1-0)  VfL Wolfsburg,1,0,0,1,2023-24
2024-02-10,SV Werder Bremen,(1-2)  1. FC Heidenheim 1846,1,2,1,3,2023-24
2024-02-10,Borussia Mönchengladbach,SV Darmstadt 98,0,0,0,0,2023-24
2024-02-10,18.30  Bayer 04 Leverkusen,(1-0)  FC Bayern München,3,0,0,3,2023-24
2024-02-11,15.30  VfB Stuttgart,(2-0)  1. FSV Mainz 05,3,1,1,4,2023-24
2024-02-11,17.30  TSG 1899 Hoffenheim,(0-0)  1. FC Köln,1,1,1,2,2023-24
2024-02-16,20.30  1. FC Köln,(0-0)  SV Werder Bremen,0,1,0,1,2023-24
2024-02-17,SV Darmstadt 98,(0-1)  VfB Stuttgart,1,2,1,3,2023-24
2024-02-17,18.30  RB Leipzig,(1-0)  Borussia Mönchengladbach,2,0,0,2,2023-24
2024-02-17,1. FSV Mainz 05,(1-0)  FC Augsburg,1,0,0,1,2023-24
2024-02-17,15.30  VfL Wolfsburg,(0-1)  Borussia Dortmund,1,1,1,2,2023-24
2024-02-17,TSG 1899 Hoffenheim,(0-0)  1. FC Union Berlin,0,1,0,1,2023-24
2024-02-17,1. FC Heidenheim 1846,(0-1)  Bayer 04 Leverkusen,1,2,1,3,2023-24
2024-02-18,15.30  SC Freiburg,(2-2)  Eintracht Frankfurt,3,3,1,6,2023-24
2024-02-18,17.30  VfL Bochum 1848,(2-1)  FC Bayern München,3,2,1,5,2023-24
2024-02-23,20.30  Bayer 04 Leverkusen,(1-1)  1. FSV Mainz 05,2,1,1,3,2023-24
2024-02-24,15.30  VfB Stuttgart,(0-0)  1. FC Köln,1,1,1,2,2023-24
2024-02-24,1. FC Union Berlin,(2-1)  1. FC Heidenheim 1846,2,2,1,4,2023-24
2024-02-24,SV Werder Bremen,(1-1)  SV Darmstadt 98,1,1,1,2,2023-24
2024-02-24,15.40  Borussia Mönchengladbach,(2-0)  VfL Bochum 1848,5,2,1,7,2023-24
2024-02-24,18.30  FC Bayern München,(0-0)  RB Leipzig,2,1,1,3,2023-24
2024-02-25,15.30  Eintracht Frankfurt,(1-2)  VfL Wolfsburg,2,2,1,4,2023-24
2024-02-25,17.30  Borussia Dortmund,(2-1)  TSG 1899 Hoffenheim,2,3,1,5,2023-24
2024-02-25,19.30  FC Augsburg,(0-1)  SC Freiburg,2,1,1,3,2023-24
2024-03-01,20.30  SC Freiburg,(1-1)  FC Bayern München,2,2,1,4,2023-24
2024-03-02,18.30  VfL Wolfsburg,(0-1)  VfB Stuttgart,2,3,1,5,2023-24
2024-03-02,SV Darmstadt 98,(0-5)  FC Augsburg,0,6,0,6,2023-24
2024-03-02,1. FSV Mainz 05,(1-0)  Borussia Mönchengladbach,1,1,1,2,2023-24
2024-03-02,VfL Bochum 1848,(1-1)  RB Leipzig,1,4,1,5,2023-24
2024-03-02,15.30  1. FC Union Berlin,(0-1)  Borussia Dortmund,0,2,0,2,2023-24
2024-03-02,1. FC Heidenheim 1846,(0-1)  Eintracht Frankfurt,1,2,1,3,2023-24
2024-03-03,15.30  1. FC Köln,(0-1)  Bayer 04 Leverkusen,0,2,0,2,2023-24
2024-03-03,17.30  TSG 1899 Hoffenheim,(2-0)  SV Werder Bremen,2,1,1,3,2023-24
2024-03-08,20.30  VfB Stuttgart,(1-0)  1. FC Union Berlin,2,0,0,2,2023-24
2024-03-09,18.30  SV Werder Bremen,(0-2)  Borussia Dortmund,1,2,1,3,2023-24
2024-03-09,RB Leipzig,(1-0)  SV Darmstadt 98,2,0,0,2,2023-24
2024-03-09,FC Augsburg,(1-0)  1. FC Heidenheim 1846,1,0,0,1,2023-24
2024-03-09,15.30  FC Bayern München,(3-1)  1. FSV Mainz 05,8,1,1,9,2023-24
2024-03-09,Borussia Mönchengladbach,(1-1)  1. FC Köln,3,3,1,6,2023-24
2024-03-10,15.30  VfL Bochum 1848,(0-1)  SC Freiburg,1,2,1,3,2023-24
2024-03-10,17.30  Eintracht Frankfurt,(1-1)  TSG 1899 Hoffenheim,3,1,1,4,2023-24
2024-03-10,19.30  Bayer 04 Leverkusen,(1-0)  VfL Wolfsburg,2,0,0,2,2023-24
2024-03-15,20.30  1. FC Köln,(1-1)  RB Leipzig,1,5,1,6,2023-24
2024-03-16,VfL Wolfsburg,(1-1)  FC Augsburg,1,3,1,4,2023-24
2024-03-16,18.30  TSG 1899 Hoffenheim,(0-2)  VfB Stuttgart,0,3,0,3,2023-24
2024-03-16,1. FSV Mainz 05,(1-0)  VfL Bochum 1848,2,0,0,2,2023-24
2024-03-16,1. FC Union Berlin,(0-0)  SV Werder Bremen,2,1,1,3,2023-24
2024-03-16,1. FC Heidenheim 1846,(0-1)  Borussia Mönchengladbach,1,1,1,2,2023-24
2024-03-16,15.30  SV Darmstadt 98,(1-2)  FC Bayern München,2,5,1,7,2023-24
2024-03-17,15.30  SC Freiburg,(1-2)  Bayer 04 Leverkusen,2,3,1,5,2023-24
2024-03-17,17.30  Borussia Dortmund,(1-1)  Eintracht Frankfurt,3,1,1,4,2023-24
2024-03-30,15.30  Eintracht Frankfurt,1. FC Union Berlin,0,0,0,0,2023-24
2024-03-30,Borussia Mönchengladbach,(0-1)  SC Freiburg,0,3,0,3,2023-24
2024-03-30,SV Werder Bremen,(0-1)  VfL Wolfsburg,0,2,0,2,2023-24
2024-03-30,RB Leipzig,1. FSV Mainz 05,0,0,0,0,2023-24
2024-03-30,Bayer 04 Leverkusen,(0-1)  TSG 1899 Hoffenheim,2,1,1,3,2023-24
2024-03-30,18.30  FC Bayern München,(0-1)  Borussia Dortmund,0,2,0,2,2023-24
2024-03-31,15.30  FC Augsburg,(1-1)  1. FC Köln,1,1,1,2,2023-24
2024-03-31,17.30  VfB Stuttgart,(1-0)  1. FC Heidenheim 1846,3,3,1,6,2023-24
2024-03-31,19.30  VfL Bochum 1848,(1-0)  SV Darmstadt 98,2,2,1,4,2023-24
2024-04-05,20.30  Eintracht Frankfurt,(0-0)  SV Werder Bremen,1,1,1,2,2023-24
2024-04-06,18.30  Borussia Dortmund,(0-0)  VfB Stuttgart,0,1,0,1,2023-24
2024-04-06,1. FC Köln,(0-0)  VfL Bochum 1848,2,1,1,3,2023-24
2024-04-06,1. FSV Mainz 05,(1-0)  SV Darmstadt 98,4,0,0,4,2023-24
2024-04-06,SC Freiburg,(0-3)  RB Leipzig,1,4,1,5,2023-24
2024-04-06,15.30  1. FC Heidenheim 1846,(0-2)  FC Bayern München,3,2,1,5,2023-24
2024-04-06,1. FC Union Berlin,(0-1)  Bayer 04 Leverkusen,0,1,0,1,2023-24
2024-04-07,15.30  TSG 1899 Hoffenheim,(2-0)  FC Augsburg,3,1,1,4,2023-24
2024-04-07,17.30  VfL Wolfsburg,(1-0)  Borussia Mönchengladbach,1,3,1,4,2023-24
2024-04-12,20.30  FC Augsburg,(0-0)  1. FC Union Berlin,2,0,0,2,2023-24
2024-04-13,18.30  VfB Stuttgart,(3-0)  Eintracht Frankfurt,3,0,0,3,2023-24
2024-04-13,1. FSV Mainz 05,(0-1)  TSG 1899 Hoffenheim,4,1,1,5,2023-24
2024-04-13,VfL Bochum 1848,(0-0)  1. FC Heidenheim 1846,1,1,1,2,2023-24
2024-04-13,RB Leipzig,(1-0)  VfL Wolfsburg,3,0,0,3,2023-24
2024-04-13,15.30  Borussia Mönchengladbach,(1-2)  Borussia Dortmund,1,2,1,3,2023-24
2024-04-13,FC Bayern München,(0-0)  1. FC Köln,2,0,0,2,2023-24
2024-04-14,15.30  SV Darmstadt 98,(0-1)  SC Freiburg,0,1,0,1,2023-24
2024-04-14,17.30  Bayer 04 Leverkusen,(1-0)  SV Werder Bremen,5,0,0,5,2023-24
2024-04-19,20.30  Eintracht Frankfurt,(0-1)  FC Augsburg,3,1,1,4,2023-24
2024-04-20,18.30  1. FC Union Berlin,(0-2)  FC Bayern München,1,5,1,6,2023-24
2024-04-20,15.30  1. FC Heidenheim 1846,(0-1)  RB Leipzig,1,2,1,3,2023-24
2024-04-20,TSG 1899 Hoffenheim,(1-1)  Borussia Mönchengladbach,4,3,1,7,2023-24
2024-04-20,VfL Wolfsburg,(1-0)  VfL Bochum 1848,1,0,0,1,2023-24
2024-04-20,1. FC Köln,(0-0)  SV Darmstadt 98,0,2,0,2,2023-24
2024-04-21,19.30  SC Freiburg,(1-1)  1. FSV Mainz 05,1,1,1,2,2023-24
2024-04-21,15.30  SV Werder Bremen,(1-0)  VfB Stuttgart,2,1,1,3,2023-24
2024-04-21,17.30  Borussia Dortmund,(0-0)  Bayer 04 Leverkusen,1,1,1,2,2023-24
2024-04-26,20.30  VfL Bochum 1848,(2-0)  TSG 1899 Hoffenheim,3,2,1,5,2023-24
2024-04-27,15.30  RB Leipzig,(2-1)  Borussia Dortmund,4,1,1,5,2023-24
2024-04-27,FC Bayern München,(1-1)  Eintracht Frankfurt,2,1,1,3,2023-24
2024-04-27,SC Freiburg,(1-0)  VfL Wolfsburg,1,2,1,3,2023-24
2024-04-27,FC Augsburg,(0-0)  SV Werder Bremen,0,3,0,3,2023-24
2024-04-27,18.30  Bayer 04 Leverkusen,(0-0)  VfB Stuttgart,2,2,1,4,2023-24
2024-04-28,17.30  1. FSV Mainz 05,(1-0)  1. FC Köln,1,1,1,2,2023-24
2024-04-28,15.30  Borussia Mönchengladbach,1. FC Union Berlin,0,0,0,0,2023-24
2024-04-28,19.30  SV Darmstadt 98,(0-0)  1. FC Heidenheim 1846,0,1,0,1,2023-24
2024-05-03,20.30  TSG 1899 Hoffenheim,(0-1)  RB Leipzig,1,1,1,2,2023-24
2024-05-04,VfL Wolfsburg,(2-0)  SV Darmstadt 98,3,0,0,3,2023-24
2024-05-04,Borussia Dortmund,(4-1)  FC Augsburg,5,1,1,6,2023-24
2024-05-04,18.30  1. FC Köln,SC Freiburg,0,0,0,0,2023-24
2024-05-04,15.30  VfB Stuttgart,(1-1)  FC Bayern München,3,1,1,4,2023-24
2024-05-04,SV Werder Bremen,(1-1)  Borussia Mönchengladbach,2,2,1,4,2023-24
2024-05-05,17.30  Eintracht Frankfurt,(1-2)  Bayer 04 Leverkusen,1,5,1,6,2023-24
2024-05-05,19.30  1. FC Heidenheim 1846,(0-1)  1. FSV Mainz 05,1,1,1,2,2023-24
2024-05-05,15.30  1. FC Union Berlin,(0-3)  VfL Bochum 1848,3,4,1,7,2023-24
2024-05-10,20.30  FC Augsburg,(0-0)  VfB Stuttgart,0,1,0,1,2023-24
2024-05-11,15.30  1. FC Köln,(1-2)  1. FC Union Berlin,3,2,1,5,2023-24
2024-05-11,Borussia Mönchengladbach,(1-1)  Eintracht Frankfurt,1,1,1,2,2023-24
2024-05-11,RB Leipzig,(0-1)  SV Werder Bremen,1,1,1,2,2023-24
2024-05-11,SC Freiburg,(1-1)  1. FC Heidenheim 1846,1,1,1,2,2023-24
2024-05-11,18.30  1. FSV Mainz 05,(3-0)  Borussia Dortmund,3,0,0,3,2023-24
2024-05-12,15.30  SV Darmstadt 98,(0-5)  TSG 1899 Hoffenheim,0,6,0,6,2023-24
2024-05-12,17.30  FC Bayern München,(2-0)  VfL Wolfsburg,2,0,0,2,2023-24
2024-05-12,19.30  VfL Bochum 1848,(0-2)  Bayer 04 Leverkusen,0,5,0,5,2023-24
2024-05-18,1. FC Heidenheim 1846,(3-0)  1. FC Köln,4,1,1,5,2023-24
2024-05-18,SV Werder Bremen,(1-0)  VfL Bochum 1848,4,1,1,5,2023-24
2024-05-18,VfB Stuttgart,(2-0)  Borussia Mönchengladbach,4,0,0,4,2023-24
2024-05-18,Bayer 04 Leverkusen,(2-0)  FC Augsburg,2,1,1,3,2023-24
2024-05-18,1. FC Union Berlin,(0-0)  SC Freiburg,2,1,1,3,2023-24
2024-05-18,Eintracht Frankfurt,(0-1)  RB Leipzig,2,2,1,4,2023-24
2024-05-18,15.30  TSG 1899 Hoffenheim,(1-2)  FC Bayern München,4,2,1,6,2023-24
2024-05-18,VfL Wolfsburg,(1-1)  1. FSV Mainz 05,1,3,1,4,2023-24
2024-05-18,Borussia Dortmund,(2-0)  SV Darmstadt 98,4,0,0,4,2023-24
