date,home,away,btts_yes_odds,btts_no_odds,bookmaker,season
2023-08-18 18:30:00+00:00,bremen,bayern,1.57,2.3,williamhill,2023-24
2023-08-19 13:30:00+00:00,stuttgart,vfl,1.62,2.2,williamhill,2023-24
2023-08-19 13:30:00+00:00,hoffenheim,sc,1.57,2.3,williamhill,2023-24
2023-08-19 13:30:00+00:00,wolfsburg,fc,1.62,2.2,williamhill,2023-24
2023-08-19 13:30:00+00:00,leverkusen,leipzig,1.53,2.38,williamhill,2023-24
2023-08-19 13:30:00+00:00,augsburg,monchengladbach,1.53,2.38,williamhill,2023-24
2023-08-19 16:30:00+00:00,dortmund,fc,1.62,2.2,williamhill,2023-24
2023-08-20 13:30:00+00:00,union,mainz,1.91,1.8,williamhill,2023-24
2023-08-20 15:30:00+00:00,frankfurt,sv,1.73,2.0,williamhill,2023-24
2023-08-25 18:30:00+00:00,leipzig,stuttgart,1.6,2.25,williamhill,2023-24
2023-08-26 13:30:00+00:00,sv,union,1.91,1.8,williamhill,2023-24
2023-08-26 13:30:00+00:00,sc,bremen,1.62,2.2,williamhill,2023-24
2023-08-26 13:30:00+00:00,fc,wolfsburg,1.6,2.25,williamhill,2023-24
2023-08-26 13:30:00+00:00,fc,hoffenheim,1.5,2.5,williamhill,2023-24
2023-08-26 13:30:00+00:00,vfl,dortmund,1.53,2.38,williamhill,2023-24
2023-08-26 16:30:00+00:00,monchengladbach,leverkusen,1.6,2.25,williamhill,2023-24
2023-08-27 13:30:00+00:00,mainz,frankfurt,1.7,2.05,williamhill,2023-24
2023-08-27 15:30:00+00:00,bayern,augsburg,1.8,1.91,williamhill,2023-24
2023-09-01 18:30:00+00:00,dortmund,fc,1.62,2.2,williamhill,2023-24
2023-09-02 13:30:00+00:00,stuttgart,sc,1.6,2.25,williamhill,2023-24
2023-09-02 13:30:00+00:00,hoffenheim,wolfsburg,1.44,2.62,williamhill,2023-24
2023-09-02 13:30:00+00:00,augsburg,vfl,1.67,2.1,williamhill,2023-24
2023-09-02 13:30:00+00:00,bremen,mainz,1.62,2.2,williamhill,2023-24
2023-09-02 13:30:00+00:00,leverkusen,sv,2.0,1.73,williamhill,2023-24
2023-09-02 16:30:00+00:00,monchengladbach,bayern,1.5,2.5,williamhill,2023-24
2023-09-03 13:30:00+00:00,frankfurt,fc,1.85,1.85,williamhill,2023-24
2023-09-03 15:30:00+00:00,union,leipzig,1.7,2.05,williamhill,2023-24
2023-09-15 18:30:00+00:00,bayern,leverkusen,1.4,2.75,williamhill,2023-24
2023-09-16 13:30:00+00:00,fc,hoffenheim,1.53,2.38,williamhill,2023-24
2023-09-16 13:30:00+00:00,sc,dortmund,1.44,2.62,williamhill,2023-24
2023-09-16 13:30:00+00:00,mainz,stuttgart,1.62,2.2,williamhill,2023-24
2023-09-16 13:30:00+00:00,leipzig,augsburg,1.73,2.0,williamhill,2023-24
2023-09-16 13:30:00+00:00,wolfsburg,union,1.73,2.0,williamhill,2023-24
2023-09-16 16:30:00+00:00,vfl,frankfurt,1.7,2.05,williamhill,2023-24
2023-09-17 13:30:00+00:00,fc,bremen,1.53,2.43,onexbet,2023-24
2023-09-17 15:30:00+00:00,sv,monchengladbach,1.58,2.31,onexbet,2023-24
2023-09-22 18:30:00+00:00,stuttgart,sv,1.8,2.07,pinnacle,2023-24
2023-09-23 13:30:00+00:00,augsburg,mainz,1.63,2.33,pinnacle,2023-24
2023-09-23 13:30:00+00:00,bayern,vfl,1.82,2.03,pinnacle,2023-24
2023-09-23 13:30:00+00:00,dortmund,wolfsburg,1.47,2.74,pinnacle,2023-24
2023-09-23 13:30:00+00:00,union,hoffenheim,1.68,2.24,pinnacle,2023-24
2023-09-23 13:30:00+00:00,monchengladbach,leipzig,1.5,2.64,pinnacle,2023-24
2023-09-23 16:30:00+00:00,bremen,fc,1.56,2.48,pinnacle,2023-24
2023-09-24 13:30:00+00:00,leverkusen,fc,1.88,1.96,pinnacle,2023-24
2023-09-24 15:30:00+00:00,frankfurt,sc,1.71,2.18,pinnacle,2023-24
2023-09-29 18:30:00+00:00,hoffenheim,dortmund,1.36,3.19,pinnacle,2023-24
2023-09-30 13:30:00+00:00,fc,union,1.68,2.24,pinnacle,2023-24
2023-09-30 13:30:00+00:00,fc,stuttgart,1.59,2.41,pinnacle,2023-24
2023-09-30 13:30:00+00:00,vfl,monchengladbach,1.56,2.49,pinnacle,2023-24
2023-09-30 13:30:00+00:00,mainz,leverkusen,1.68,2.24,pinnacle,2023-24
2023-09-30 13:30:00+00:00,wolfsburg,frankfurt,1.75,2.13,pinnacle,2023-24
2023-09-30 16:30:00+00:00,leipzig,bayern,1.41,2.98,pinnacle,2023-24
2023-10-01 13:30:00+00:00,sv,bremen,1.53,2.55,pinnacle,2023-24
2023-10-01 15:30:00+00:00,sc,augsburg,1.72,2.17,pinnacle,2023-24
2023-10-06 18:30:00+00:00,monchengladbach,mainz,1.51,2.61,pinnacle,2023-24
2023-10-07 13:30:00+00:00,leipzig,vfl,1.9,1.97,pinnacle,2023-24
2023-10-07 13:30:00+00:00,augsburg,sv,1.68,2.25,pinnacle,2023-24
2023-10-07 13:30:00+00:00,stuttgart,wolfsburg,1.63,2.34,pinnacle,2023-24
2023-10-07 13:30:00+00:00,dortmund,union,1.7,2.21,pinnacle,2023-24
2023-10-07 16:30:00+00:00,bremen,hoffenheim,1.47,2.76,pinnacle,2023-24
2023-10-08 13:30:00+00:00,leverkusen,fc,1.96,1.88,pinnacle,2023-24
2023-10-08 15:30:00+00:00,bayern,sc,1.9,1.95,pinnacle,2023-24
2023-10-08 17:30:00+00:00,frankfurt,fc,1.74,2.14,pinnacle,2023-24
2023-10-20 18:30:00+00:00,dortmund,bremen,1.52,2.55,pinnacle,2023-24
2023-10-21 13:30:00+00:00,wolfsburg,leverkusen,1.6,2.39,pinnacle,2023-24
2023-10-21 13:30:00+00:00,hoffenheim,frankfurt,1.64,2.32,pinnacle,2023-24
2023-10-21 13:30:00+00:00,sv,leipzig,1.67,2.26,pinnacle,2023-24
2023-10-21 13:30:00+00:00,union,stuttgart,1.72,2.16,pinnacle,2023-24
2023-10-21 13:30:00+00:00,sc,vfl,1.74,2.15,pinnacle,2023-24
2023-10-21 16:30:00+00:00,mainz,bayern,1.7,2.21,pinnacle,2023-24
2023-10-22 13:30:00+00:00,fc,monchengladbach,1.55,2.51,pinnacle,2023-24
2023-10-22 15:30:00+00:00,fc,augsburg,1.62,2.35,pinnacle,2023-24
2023-10-27 18:30:00+00:00,vfl,mainz,1.58,2.43,pinnacle,2023-24
2023-10-28 13:30:00+00:00,monchengladbach,fc,1.48,2.71,pinnacle,2023-24
2023-10-28 13:30:00+00:00,bremen,union,1.63,2.33,pinnacle,2023-24
2023-10-28 13:30:00+00:00,stuttgart,hoffenheim,1.55,2.5,pinnacle,2023-24
2023-10-28 13:30:00+00:00,augsburg,wolfsburg,1.55,2.52,pinnacle,2023-24
2023-10-28 13:30:00+00:00,bayern,sv,1.89,1.94,pinnacle,2023-24
2023-10-28 16:30:00+00:00,leipzig,fc,1.71,2.19,pinnacle,2023-24
2023-10-29 14:30:00+00:00,frankfurt,dortmund,1.56,2.5,pinnacle,2023-24
2023-10-29 16:30:00+00:00,leverkusen,sc,1.96,1.88,pinnacle,2023-24
2023-11-03 19:30:00+00:00,sv,vfl,1.64,2.36,pinnacle,2023-24
2023-11-04 14:30:00+00:00,hoffenheim,leverkusen,1.47,2.81,pinnacle,2023-24
2023-11-04 14:30:00+00:00,mainz,leipzig,1.68,2.28,pinnacle,2023-24
2023-11-04 14:30:00+00:00,union,frankfurt,1.79,2.1,pinnacle,2023-24
2023-11-04 14:30:00+00:00,sc,monchengladbach,1.56,2.54,pinnacle,2023-24
2023-11-04 14:30:00+00:00,fc,augsburg,1.57,2.51,pinnacle,2023-24
2023-11-04 17:30:00+00:00,dortmund,bayern,1.38,3.22,pinnacle,2023-24
2023-11-05 14:30:00+00:00,wolfsburg,bremen,1.52,2.66,pinnacle,2023-24
2023-11-05 16:30:00+00:00,fc,stuttgart,1.67,2.29,pinnacle,2023-24
2023-11-10 19:30:00+00:00,monchengladbach,wolfsburg,1.45,2.91,pinnacle,2023-24
2023-11-11 14:30:00+00:00,sv,mainz,1.64,2.36,pinnacle,2023-24
2023-11-11 14:30:00+00:00,augsburg,hoffenheim,1.42,3.01,pinnacle,2023-24
2023-11-11 14:30:00+00:00,bayern,fc,1.95,1.88,pinnacle,2023-24
2023-11-11 14:30:00+00:00,stuttgart,dortmund,1.45,2.89,pinnacle,2023-24
2023-11-11 17:30:00+00:00,vfl,fc,1.57,2.5,pinnacle,2023-24
2023-11-12 14:30:00+00:00,leverkusen,union,1.94,1.93,pinnacle,2023-24
2023-11-12 16:30:00+00:00,bremen,frankfurt,1.55,2.57,pinnacle,2023-24
2023-11-12 18:30:00+00:00,leipzig,sc,1.77,2.14,pinnacle,2023-24
2023-11-24 19:30:00+00:00,fc,bayern,1.71,2.2,pinnacle,2023-24
2023-11-25 14:30:00+00:00,union,augsburg,1.87,2.01,pinnacle,2023-24
2023-11-25 14:30:00+00:00,bremen,leverkusen,1.62,2.39,pinnacle,2023-24
2023-11-25 14:30:00+00:00,dortmund,monchengladbach,1.48,2.8,pinnacle,2023-24
2023-11-25 14:30:00+00:00,wolfsburg,leipzig,1.59,2.47,pinnacle,2023-24
2023-11-25 14:30:00+00:00,sc,sv,1.79,2.1,pinnacle,2023-24
2023-11-25 17:30:00+00:00,frankfurt,stuttgart,1.63,2.38,pinnacle,2023-24
2023-11-26 14:30:00+00:00,fc,vfl,1.57,2.52,pinnacle,2023-24
2023-11-26 16:30:00+00:00,hoffenheim,mainz,1.54,2.6,pinnacle,2023-24
2023-12-01 19:30:00+00:00,sv,fc,1.62,2.4,pinnacle,2023-24
2023-12-02 14:30:00+00:00,vfl,wolfsburg,1.61,2.43,pinnacle,2023-24
2023-12-02 14:30:00+00:00,leipzig,fc,1.78,2.1,pinnacle,2023-24
2023-12-02 14:30:00+00:00,monchengladbach,hoffenheim,1.39,3.18,pinnacle,2023-24
2023-12-02 17:30:00+00:00,stuttgart,bremen,1.76,2.15,pinnacle,2023-24
2023-12-03 14:30:00+00:00,mainz,sc,1.74,2.17,pinnacle,2023-24
2023-12-03 16:30:00+00:00,leverkusen,dortmund,1.49,2.75,pinnacle,2023-24
2023-12-03 18:30:00+00:00,augsburg,frankfurt,1.68,2.27,pinnacle,2023-24
2023-12-08 19:30:00+00:00,hoffenheim,vfl,1.5,2.73,pinnacle,2023-24
2023-12-09 14:30:00+00:00,bremen,augsburg,1.56,2.56,pinnacle,2023-24
2023-12-09 14:30:00+00:00,wolfsburg,sc,1.68,2.27,pinnacle,2023-24
2023-12-09 14:30:00+00:00,fc,sv,1.73,2.2,pinnacle,2023-24
2023-12-09 14:30:00+00:00,union,monchengladbach,1.7,2.24,pinnacle,2023-24
2023-12-09 14:30:00+00:00,frankfurt,bayern,1.79,2.11,pinnacle,2023-24
2023-12-09 17:30:00+00:00,dortmund,leipzig,1.41,3.08,pinnacle,2023-24
2023-12-10 14:30:00+00:00,stuttgart,leverkusen,1.55,2.58,pinnacle,2023-24
2023-12-10 16:30:00+00:00,fc,mainz,1.66,2.31,pinnacle,2023-24
2023-12-15 19:30:00+00:00,monchengladbach,bremen,1.53,2.64,pinnacle,2023-24
2023-12-16 14:30:00+00:00,augsburg,dortmund,1.47,2.82,pinnacle,2023-24
2023-12-16 14:30:00+00:00,mainz,fc,1.68,2.27,pinnacle,2023-24
2023-12-16 14:30:00+00:00,sv,wolfsburg,1.69,2.26,pinnacle,2023-24
2023-12-16 14:30:00+00:00,vfl,union,1.78,2.12,pinnacle,2023-24
2023-12-16 17:30:00+00:00,leipzig,hoffenheim,1.56,2.53,pinnacle,2023-24
2023-12-17 14:30:00+00:00,sc,fc,1.81,2.08,pinnacle,2023-24
2023-12-17 16:30:00+00:00,leverkusen,frankfurt,1.96,1.89,pinnacle,2023-24
2023-12-17 18:30:00+00:00,bayern,stuttgart,1.46,2.86,pinnacle,2023-24
2023-12-19 17:30:00+00:00,bremen,leipzig,1.53,2.64,pinnacle,2023-24
2023-12-19 19:30:00+00:00,dortmund,mainz,1.6,2.46,pinnacle,2023-24
2023-12-19 19:30:00+00:00,hoffenheim,sv,1.72,2.21,pinnacle,2023-24
2023-12-20 17:30:00+00:00,union,fc,1.81,2.08,pinnacle,2023-24
2023-12-20 19:30:00+00:00,fc,sc,1.74,2.17,pinnacle,2023-24
2023-12-20 19:30:00+00:00,leverkusen,vfl,1.99,1.87,pinnacle,2023-24
2023-12-20 19:30:00+00:00,wolfsburg,bayern,1.67,2.31,pinnacle,2023-24
2023-12-20 19:30:00+00:00,frankfurt,monchengladbach,1.63,2.37,pinnacle,2023-24
2023-12-20 19:30:00+00:00,stuttgart,augsburg,1.75,2.16,pinnacle,2023-24
2024-01-12 19:30:00+00:00,bayern,hoffenheim,1.72,2.19,pinnacle,2023-24
2024-01-13 14:30:00+00:00,sc,union,1.87,2.01,pinnacle,2023-24
2024-01-13 14:30:00+00:00,augsburg,leverkusen,1.7,2.24,pinnacle,2023-24
2024-01-13 14:30:00+00:00,fc,fc,1.68,2.29,pinnacle,2023-24
2024-01-13 14:30:00+00:00,leipzig,frankfurt,1.78,2.11,pinnacle,2023-24
2024-01-13 14:30:00+00:00,mainz,wolfsburg,1.81,2.08,pinnacle,2023-24
2024-01-13 17:30:00+00:00,sv,dortmund,1.56,2.53,pinnacle,2023-24
2024-01-14 14:30:00+00:00,vfl,bremen,1.61,2.42,pinnacle,2023-24
2024-01-14 16:30:00+00:00,monchengladbach,stuttgart,1.59,2.47,pinnacle,2023-24
2024-01-20 14:30:00+00:00,fc,wolfsburg,1.68,2.27,pinnacle,2023-24
2024-01-20 14:30:00+00:00,fc,dortmund,1.51,2.7,pinnacle,2023-24
2024-01-20 14:30:00+00:00,sv,frankfurt,1.87,2.0,pinnacle,2023-24
2024-01-20 14:30:00+00:00,sc,hoffenheim,1.57,2.5,pinnacle,2023-24
2024-01-20 14:30:00+00:00,vfl,stuttgart,1.64,2.35,pinnacle,2023-24
2024-01-20 17:30:00+00:00,leipzig,leverkusen,1.48,2.81,pinnacle,2023-24
2024-01-21 14:30:00+00:00,bayern,bremen,2.1,1.76,pinnacle,2023-24
2024-01-21 16:30:00+00:00,monchengladbach,augsburg,1.57,2.53,pinnacle,2023-24
2024-01-24 19:30:00+00:00,bayern,union,2.1,1.78,pinnacle,2023-24
2024-01-26 19:30:00+00:00,frankfurt,mainz,1.81,2.07,pinnacle,2023-24
2024-01-27 14:30:00+00:00,bremen,sc,1.65,2.35,pinnacle,2023-24
2024-01-27 14:30:00+00:00,augsburg,bayern,1.64,2.35,pinnacle,2023-24
2024-01-27 14:30:00+00:00,hoffenheim,fc,1.52,2.65,pinnacle,2023-24
2024-01-27 14:30:00+00:00,wolfsburg,fc,1.76,2.15,pinnacle,2023-24
2024-01-27 14:30:00+00:00,stuttgart,leipzig,1.53,2.63,pinnacle,2023-24
2024-01-27 17:30:00+00:00,leverkusen,monchengladbach,1.69,2.23,pinnacle,2023-24
2024-01-28 14:30:00+00:00,union,sv,1.93,1.94,pinnacle,2023-24
2024-01-28 16:30:00+00:00,dortmund,vfl,1.54,2.59,pinnacle,2023-24
2024-02-02 19:30:00+00:00,fc,dortmund,1.41,3.08,pinnacle,2023-24
2024-02-03 14:30:00+00:00,vfl,augsburg,1.61,2.42,pinnacle,2023-24
2024-02-03 14:30:00+00:00,sc,stuttgart,1.71,2.22,pinnacle,2023-24
2024-02-03 14:30:00+00:00,mainz,bremen,1.85,2.03,pinnacle,2023-24
2024-02-03 14:30:00+00:00,bayern,monchengladbach,1.65,2.3,pinnacle,2023-24
2024-02-03 14:30:00+00:00,sv,leverkusen,2.09,1.8,pinnacle,2023-24
2024-02-03 17:30:00+00:00,fc,frankfurt,1.85,2.02,pinnacle,2023-24
2024-02-04 14:30:00+00:00,wolfsburg,hoffenheim,1.53,2.64,pinnacle,2023-24
2024-02-04 16:30:00+00:00,leipzig,union,1.93,1.94,pinnacle,2023-24
2024-02-07 17:30:00+00:00,mainz,union,2.03,1.85,pinnacle,2023-24
2024-02-09 19:30:00+00:00,dortmund,sc,1.61,2.43,pinnacle,2023-24
2024-02-10 14:30:00+00:00,frankfurt,vfl,1.81,2.08,pinnacle,2023-24
2024-02-10 14:30:00+00:00,monchengladbach,sv,1.81,2.08,pinnacle,2023-24
2024-02-10 14:30:00+00:00,augsburg,leipzig,1.56,2.54,pinnacle,2023-24
2024-02-10 14:30:00+00:00,union,wolfsburg,1.88,1.98,pinnacle,2023-24
2024-02-10 14:30:00+00:00,bremen,fc,1.71,2.22,pinnacle,2023-24
2024-02-10 17:30:00+00:00,leverkusen,bayern,1.57,2.52,pinnacle,2023-24
2024-02-11 14:30:00+00:00,stuttgart,mainz,1.89,1.98,pinnacle,2023-24
2024-02-11 16:30:00+00:00,hoffenheim,fc,1.63,2.38,pinnacle,2023-24
2024-02-16 19:30:00+00:00,fc,bremen,1.79,2.1,pinnacle,2023-24
2024-02-17 14:30:00+00:00,mainz,augsburg,1.78,2.12,pinnacle,2023-24
2024-02-17 14:30:00+00:00,fc,leverkusen,1.84,2.04,pinnacle,2023-24
2024-02-17 14:30:00+00:00,sv,stuttgart,1.86,2.02,pinnacle,2023-24
2024-02-17 14:30:00+00:00,hoffenheim,union,1.72,2.2,pinnacle,2023-24
2024-02-17 14:30:00+00:00,wolfsburg,dortmund,1.53,2.62,pinnacle,2023-24
2024-02-17 17:30:00+00:00,leipzig,monchengladbach,1.72,2.21,pinnacle,2023-24
2024-02-18 14:30:00+00:00,sc,frankfurt,1.78,2.12,pinnacle,2023-24
2024-02-18 16:30:00+00:00,vfl,bayern,1.65,2.34,pinnacle,2023-24
2024-02-23 19:30:00+00:00,leverkusen,mainz,1.98,1.89,pinnacle,2023-24
2024-02-24 14:30:00+00:00,union,fc,1.94,1.93,pinnacle,2023-24
2024-02-24 14:30:00+00:00,stuttgart,fc,1.92,1.95,pinnacle,2023-24
2024-02-24 14:30:00+00:00,bremen,sv,1.74,2.19,pinnacle,2023-24
2024-02-24 14:30:00+00:00,monchengladbach,vfl,1.56,2.54,pinnacle,2023-24
2024-02-24 17:30:00+00:00,bayern,leipzig,1.44,2.94,pinnacle,2023-24
2024-02-25 14:30:00+00:00,frankfurt,wolfsburg,1.75,2.16,pinnacle,2023-24
2024-02-25 16:30:00+00:00,dortmund,hoffenheim,1.39,3.16,pinnacle,2023-24
2024-02-25 18:30:00+00:00,augsburg,sc,1.61,2.42,pinnacle,2023-24
2024-03-01 19:30:00+00:00,sc,bayern,1.66,2.31,pinnacle,2023-24
2024-03-02 14:30:00+00:00,sv,augsburg,1.66,2.32,pinnacle,2023-24
2024-03-02 14:30:00+00:00,union,dortmund,1.64,2.36,pinnacle,2023-24
2024-03-02 14:30:00+00:00,mainz,monchengladbach,1.68,2.29,pinnacle,2023-24
2024-03-02 14:30:00+00:00,fc,frankfurt,1.71,2.22,pinnacle,2023-24
2024-03-02 14:30:00+00:00,vfl,leipzig,1.54,2.59,pinnacle,2023-24
2024-03-02 17:30:00+00:00,wolfsburg,stuttgart,1.64,2.36,pinnacle,2023-24
2024-03-03 14:30:00+00:00,fc,leverkusen,1.95,1.92,pinnacle,2023-24
2024-03-03 16:30:00+00:00,hoffenheim,bremen,1.48,2.78,pinnacle,2023-24
2024-03-08 19:30:00+00:00,stuttgart,union,1.91,1.96,pinnacle,2023-24
2024-03-09 14:30:00+00:00,leipzig,sv,2.08,1.79,pinnacle,2023-24
2024-03-09 14:30:00+00:00,monchengladbach,fc,1.79,2.11,pinnacle,2023-24
2024-03-09 14:30:00+00:00,bayern,mainz,1.85,2.01,pinnacle,2023-24
2024-03-09 14:30:00+00:00,augsburg,fc,1.57,2.51,pinnacle,2023-24
2024-03-09 17:30:00+00:00,bremen,dortmund,1.43,2.97,pinnacle,2023-24
2024-03-10 14:30:00+00:00,vfl,sc,1.76,2.15,pinnacle,2023-24
2024-03-10 16:30:00+00:00,frankfurt,hoffenheim,1.58,2.49,pinnacle,2023-24
2024-03-10 18:30:00+00:00,leverkusen,wolfsburg,2.11,1.79,pinnacle,2023-24
2024-03-15 19:30:00+00:00,fc,leipzig,1.7,2.25,pinnacle,2023-24
2024-03-16 14:30:00+00:00,union,bremen,1.79,2.11,pinnacle,2023-24
2024-03-16 14:30:00+00:00,fc,monchengladbach,1.57,2.52,pinnacle,2023-24
2024-03-16 14:30:00+00:00,sv,bayern,1.72,2.18,pinnacle,2023-24
2024-03-16 14:30:00+00:00,wolfsburg,augsburg,1.58,2.48,pinnacle,2023-24
2024-03-16 14:30:00+00:00,mainz,vfl,1.68,2.28,pinnacle,2023-24
2024-03-16 17:30:00+00:00,hoffenheim,stuttgart,1.44,2.96,pinnacle,2023-24
2024-03-17 14:30:00+00:00,sc,leverkusen,1.78,2.11,pinnacle,2023-24
2024-03-17 16:30:00+00:00,dortmund,frankfurt,1.47,2.81,pinnacle,2023-24
2024-03-30 14:30:00+00:00,leverkusen,hoffenheim,1.73,2.17,pinnacle,2023-24
2024-03-30 14:30:00+00:00,monchengladbach,sc,1.62,2.39,pinnacle,2023-24
2024-03-30 14:30:00+00:00,frankfurt,union,1.98,1.89,pinnacle,2023-24
2024-03-30 14:30:00+00:00,bremen,wolfsburg,1.67,2.31,pinnacle,2023-24
2024-03-30 14:30:00+00:00,leipzig,mainz,1.71,2.23,pinnacle,2023-24
2024-03-30 17:30:00+00:00,bayern,dortmund,1.43,2.97,pinnacle,2023-24
2024-03-31 13:30:00+00:00,augsburg,fc,1.7,2.25,pinnacle,2023-24
2024-03-31 15:30:00+00:00,stuttgart,fc,1.75,2.15,pinnacle,2023-24
2024-03-31 17:30:00+00:00,vfl,sv,1.69,2.26,pinnacle,2023-24
2024-04-05 18:30:00+00:00,frankfurt,bremen,1.63,2.38,pinnacle,2023-24
2024-04-06 13:30:00+00:00,fc,bayern,1.61,2.42,pinnacle,2023-24
2024-04-06 13:30:00+00:00,fc,vfl,1.65,2.35,pinnacle,2023-24
2024-04-06 13:30:00+00:00,sc,leipzig,1.54,2.59,pinnacle,2023-24
2024-04-06 13:30:00+00:00,mainz,sv,1.88,1.98,pinnacle,2023-24
2024-04-06 13:30:00+00:00,union,leverkusen,1.93,1.93,pinnacle,2023-24
2024-04-06 16:30:00+00:00,dortmund,stuttgart,1.38,3.26,pinnacle,2023-24
2024-04-07 13:30:00+00:00,hoffenheim,augsburg,1.4,3.1,pinnacle,2023-24
2024-04-07 15:30:00+00:00,wolfsburg,monchengladbach,1.6,2.46,pinnacle,2023-24
2024-04-12 18:30:00+00:00,augsburg,union,1.77,2.14,pinnacle,2023-24
2024-04-13 13:30:00+00:00,bayern,fc,1.81,2.06,pinnacle,2023-24
2024-04-13 13:30:00+00:00,monchengladbach,dortmund,1.44,2.93,pinnacle,2023-24
2024-04-13 13:30:00+00:00,vfl,fc,1.61,2.42,pinnacle,2023-24
2024-04-13 13:30:00+00:00,leipzig,wolfsburg,1.71,2.2,pinnacle,2023-24
2024-04-13 13:30:00+00:00,mainz,hoffenheim,1.53,2.64,pinnacle,2023-24
2024-04-13 16:30:00+00:00,stuttgart,frankfurt,1.61,2.42,pinnacle,2023-24
2024-04-14 13:30:00+00:00,sv,sc,1.62,2.39,pinnacle,2023-24
2024-04-14 15:30:00+00:00,leverkusen,bremen,1.93,1.92,pinnacle,2023-24
2024-04-19 18:30:00+00:00,frankfurt,augsburg,1.53,2.63,pinnacle,2023-24
2024-04-20 13:30:00+00:00,wolfsburg,vfl,1.79,2.09,pinnacle,2023-24
2024-04-20 13:30:00+00:00,fc,sv,1.79,2.11,pinnacle,2023-24
2024-04-20 13:30:00+00:00,fc,leipzig,1.56,2.55,pinnacle,2023-24
2024-04-20 13:30:00+00:00,hoffenheim,monchengladbach,1.44,2.96,pinnacle,2023-24
2024-04-20 16:30:00+00:00,union,bayern,1.76,2.15,pinnacle,2023-24
2024-04-21 13:30:00+00:00,bremen,stuttgart,1.59,2.47,pinnacle,2023-24
2024-04-21 15:30:00+00:00,dortmund,leverkusen,1.52,2.67,pinnacle,2023-24
2024-04-21 17:30:00+00:00,sc,mainz,1.61,2.42,pinnacle,2023-24
2024-04-26 18:30:00+00:00,vfl,hoffenheim,1.42,3.04,pinnacle,2023-24
2024-04-27 13:30:00+00:00,augsburg,bremen,1.51,2.71,pinnacle,2023-24
2024-04-27 13:30:00+00:00,bayern,frankfurt,1.55,2.58,pinnacle,2023-24
2024-04-27 13:30:00+00:00,sc,wolfsburg,1.76,2.15,pinnacle,2023-24
2024-04-27 13:30:00+00:00,leipzig,dortmund,1.47,2.84,pinnacle,2023-24
2024-04-27 16:30:00+00:00,leverkusen,stuttgart,1.58,2.5,pinnacle,2023-24
2024-04-28 13:30:00+00:00,monchengladbach,union,1.71,2.22,pinnacle,2023-24
2024-04-28 15:30:00+00:00,mainz,fc,1.83,2.05,pinnacle,2023-24
2024-04-28 17:30:00+00:00,sv,fc,1.58,2.5,pinnacle,2023-24
2024-05-03 18:30:00+00:00,hoffenheim,leipzig,1.37,3.29,pinnacle,2023-24
2024-05-04 13:30:00+00:00,dortmund,augsburg,1.39,3.2,pinnacle,2023-24
2024-05-04 13:30:00+00:00,bremen,monchengladbach,1.51,2.68,pinnacle,2023-24
2024-05-04 13:30:00+00:00,stuttgart,bayern,1.42,3.02,pinnacle,2023-24
2024-05-04 13:30:00+00:00,wolfsburg,sv,1.83,2.06,pinnacle,2023-24
2024-05-04 16:30:00+00:00,fc,sc,1.61,2.41,pinnacle,2023-24
2024-05-05 13:30:00+00:00,union,vfl,1.79,2.11,pinnacle,2023-24
2024-05-05 15:30:00+00:00,frankfurt,leverkusen,1.65,2.33,pinnacle,2023-24
2024-05-05 17:30:00+00:00,fc,mainz,1.62,2.39,pinnacle,2023-24
2024-05-10 18:30:00+00:00,augsburg,stuttgart,1.35,3.39,pinnacle,2023-24
2024-05-11 13:30:00+00:00,leipzig,bremen,1.6,2.45,pinnacle,2023-24
2024-05-11 13:30:00+00:00,fc,union,1.75,2.17,pinnacle,2023-24
2024-05-11 13:30:00+00:00,sc,fc,1.66,2.32,pinnacle,2023-24
2024-05-11 13:30:00+00:00,monchengladbach,frankfurt,1.49,2.75,pinnacle,2023-24
2024-05-11 16:30:00+00:00,mainz,dortmund,1.43,2.99,pinnacle,2023-24
2024-05-12 13:30:00+00:00,sv,hoffenheim,1.41,3.08,pinnacle,2023-24
2024-05-12 15:30:00+00:00,bayern,wolfsburg,1.68,2.28,pinnacle,2023-24
2024-05-12 17:30:00+00:00,vfl,leverkusen,1.54,2.59,pinnacle,2023-24
2024-05-18 13:30:00+00:00,bremen,vfl,1.46,2.82,pinnacle,2023-24
2024-05-18 13:30:00+00:00,union,sc,1.64,2.36,pinnacle,2023-24
2024-05-18 13:30:00+00:00,wolfsburg,mainz,1.53,2.59,pinnacle,2023-24
2024-05-18 13:30:00+00:00,fc,fc,1.43,2.97,pinnacle,2023-24
2024-05-18 13:30:00+00:00,stuttgart,monchengladbach,1.53,2.55,pinnacle,2023-24
2024-05-18 13:30:00+00:00,dortmund,sv,1.66,2.27,pinnacle,2023-24
2024-05-18 13:30:00+00:00,hoffenheim,bayern,1.33,3.5,pinnacle,2023-24
2024-05-18 13:30:00+00:00,leverkusen,augsburg,1.58,2.44,pinnacle,2023-24
2024-05-18 13:30:00+00:00,frankfurt,leipzig,1.41,3.05,pinnacle,2023-24
2024-05-18 13:30:03+00:00,frankfurt,leipzig,1.41,3.05,pinnacle,2023-24
2024-05-27 18:30:00+00:00,fortuna,vfl,1.54,2.56,pinnacle,2023-24
2024-08-23 18:30:00+00:00,monchengladbach,leverkusen,1.57,2.53,pinnacle,2024-25
2024-08-24 13:30:00+00:00,augsburg,bremen,1.56,2.55,pinnacle,2024-25
2024-08-24 13:30:00+00:00,mainz,union,1.83,2.06,pinnacle,2024-25
2024-08-24 13:30:00+00:00,hoffenheim,holstein,1.52,2.65,pinnacle,2024-25
2024-08-24 13:30:00+00:00,sc,stuttgart,1.51,2.69,pinnacle,2024-25
2024-08-24 13:30:00+00:00,leipzig,vfl,1.81,2.05,pinnacle,2024-25
2024-08-24 16:30:00+00:00,dortmund,frankfurt,1.51,2.68,pinnacle,2024-25
2024-08-25 13:30:00+00:00,wolfsburg,bayern,1.61,2.41,pinnacle,2024-25
2024-08-25 15:30:00+00:00,fc,1.,1.74,2.18,pinnacle,2024-25
2024-08-30 18:30:00+00:00,union,fc,1.83,2.04,pinnacle,2024-25
2024-08-31 13:30:00+00:00,bremen,dortmund,1.51,2.69,pinnacle,2024-25
2024-08-31 13:30:00+00:00,frankfurt,hoffenheim,1.5,2.73,pinnacle,2024-25
2024-08-31 13:30:00+00:00,stuttgart,mainz,1.61,2.41,pinnacle,2024-25
2024-08-31 13:30:00+00:00,vfl,monchengladbach,1.45,2.9,pinnacle,2024-25
2024-08-31 13:30:00+00:00,holstein,wolfsburg,1.55,2.58,pinnacle,2024-25
2024-08-31 16:30:00+00:00,leverkusen,leipzig,1.52,2.66,pinnacle,2024-25
2024-09-01 13:30:00+00:00,1.,augsburg,1.62,2.4,pinnacle,2024-25
2024-09-01 15:30:00+00:00,bayern,sc,1.75,2.15,pinnacle,2024-25
2024-09-13 18:30:00+00:00,dortmund,1.,1.71,2.2,pinnacle,2024-25
2024-09-14 13:30:00+00:00,hoffenheim,leverkusen,1.49,2.77,pinnacle,2024-25
2024-09-14 13:30:00+00:00,monchengladbach,stuttgart,1.42,3.04,pinnacle,2024-25
2024-09-14 13:30:00+00:00,leipzig,union,1.78,2.13,pinnacle,2024-25
2024-09-14 13:30:00+00:00,sc,vfl,1.7,2.24,pinnacle,2024-25
2024-09-14 13:30:00+00:00,wolfsburg,frankfurt,1.65,2.35,pinnacle,2024-25
2024-09-14 16:30:00+00:00,holstein,bayern,1.71,2.21,pinnacle,2024-25
2024-09-15 13:30:00+00:00,augsburg,fc,1.78,2.12,pinnacle,2024-25
2024-09-15 15:30:00+00:00,mainz,bremen,1.64,2.37,pinnacle,2024-25
2024-09-20 18:30:00+00:00,augsburg,mainz,1.57,2.52,pinnacle,2024-25
2024-09-21 13:30:00+00:00,union,hoffenheim,1.55,2.57,pinnacle,2024-25
2024-09-21 13:30:00+00:00,vfl,holstein,1.46,2.88,pinnacle,2024-25
2024-09-21 13:30:00+00:00,1.,sc,1.61,2.43,pinnacle,2024-25
2024-09-21 13:30:00+00:00,bremen,bayern,1.64,2.33,pinnacle,2024-25
2024-09-21 16:30:00+00:00,frankfurt,monchengladbach,1.47,2.82,pinnacle,2024-25
2024-09-22 13:30:00+00:00,leverkusen,wolfsburg,1.86,2.0,pinnacle,2024-25
2024-09-22 15:30:00+00:00,stuttgart,dortmund,1.41,3.08,pinnacle,2024-25
2024-09-22 17:30:00+00:00,fc,leipzig,1.69,2.26,pinnacle,2024-25
2024-09-27 18:30:00+00:00,dortmund,vfl,1.65,2.33,pinnacle,2024-25
2024-09-28 13:30:00+00:00,wolfsburg,stuttgart,1.51,2.68,pinnacle,2024-25
2024-09-28 13:30:00+00:00,sc,fc,1.83,2.04,pinnacle,2024-25
2024-09-28 13:30:00+00:00,monchengladbach,union,1.64,2.36,pinnacle,2024-25
2024-09-28 13:30:00+00:00,leipzig,augsburg,1.65,2.35,pinnacle,2024-25
2024-09-28 13:30:00+00:00,mainz,1.,1.71,2.22,pinnacle,2024-25
2024-09-28 16:30:00+00:00,bayern,leverkusen,1.41,3.07,pinnacle,2024-25
2024-09-29 13:30:00+00:00,holstein,frankfurt,1.55,2.57,pinnacle,2024-25
2024-09-29 15:30:00+00:00,hoffenheim,bremen,1.45,2.92,pinnacle,2024-25
2024-10-04 18:30:00+00:00,augsburg,monchengladbach,1.48,2.8,pinnacle,2024-25
2024-10-05 13:30:00+00:00,leverkusen,holstein,1.98,1.85,pinnacle,2024-25
2024-10-05 13:30:00+00:00,union,dortmund,1.67,2.3,pinnacle,2024-25
2024-10-05 13:30:00+00:00,bremen,sc,1.56,2.56,pinnacle,2024-25
2024-10-05 13:30:00+00:00,vfl,wolfsburg,1.54,2.6,pinnacle,2024-25
2024-10-05 16:30:00+00:00,fc,mainz,1.7,2.24,pinnacle,2024-25
2024-10-06 13:30:00+00:00,1.,leipzig,1.65,2.33,pinnacle,2024-25
2024-10-06 15:30:00+00:00,frankfurt,bayern,1.5,2.72,pinnacle,2024-25
2024-10-06 17:30:00+00:00,stuttgart,hoffenheim,1.49,2.77,pinnacle,2024-25
2024-10-18 18:30:00+00:00,dortmund,fc,1.93,1.93,pinnacle,2024-25
2024-10-19 13:30:00+00:00,mainz,leipzig,1.56,2.55,pinnacle,2024-25
2024-10-19 13:30:00+00:00,hoffenheim,vfl,1.44,2.95,pinnacle,2024-25
2024-10-19 13:30:00+00:00,monchengladbach,1.,1.57,2.5,pinnacle,2024-25
2024-10-19 13:30:00+00:00,sc,augsburg,1.71,2.22,pinnacle,2024-25
2024-10-19 13:30:00+00:00,leverkusen,frankfurt,1.56,2.54,pinnacle,2024-25
2024-10-19 16:30:00+00:00,bayern,stuttgart,1.53,2.6,pinnacle,2024-25
2024-10-20 13:30:00+00:00,holstein,union,1.69,2.26,pinnacle,2024-25
2024-10-20 15:30:00+00:00,wolfsburg,bremen,1.53,2.63,pinnacle,2024-25
2024-10-25 18:30:00+00:00,mainz,monchengladbach,1.48,2.78,pinnacle,2024-25
2024-10-26 13:30:00+00:00,leipzig,sc,1.65,2.34,pinnacle,2024-25
2024-10-26 13:30:00+00:00,stuttgart,holstein,1.7,2.21,pinnacle,2024-25
2024-10-26 13:30:00+00:00,fc,wolfsburg,1.68,2.28,pinnacle,2024-25
2024-10-26 13:30:00+00:00,augsburg,dortmund,1.49,2.75,pinnacle,2024-25
2024-10-26 16:30:00+00:00,bremen,leverkusen,1.58,2.48,pinnacle,2024-25
2024-10-27 14:30:00+00:00,vfl,bayern,1.71,2.21,pinnacle,2024-25
2024-10-27 16:30:00+00:00,union,frankfurt,1.69,2.26,pinnacle,2024-25
2024-10-27 18:30:00+00:00,1.,hoffenheim,1.51,2.7,pinnacle,2024-25
2024-11-01 19:30:00+00:00,leverkusen,stuttgart,1.46,2.86,pinnacle,2024-25
2024-11-02 14:30:00+00:00,holstein,1.,1.68,2.29,pinnacle,2024-25
2024-11-02 14:30:00+00:00,wolfsburg,augsburg,1.63,2.37,pinnacle,2024-25
2024-11-02 14:30:00+00:00,frankfurt,vfl,1.57,2.52,pinnacle,2024-25
2024-11-02 14:30:00+00:00,hoffenheim,fc,1.62,2.4,pinnacle,2024-25
2024-11-02 14:30:00+00:00,bayern,union,2.17,1.74,pinnacle,2024-25
2024-11-02 17:30:00+00:00,dortmund,leipzig,1.43,3.01,pinnacle,2024-25
2024-11-03 14:30:00+00:00,sc,mainz,1.7,2.24,pinnacle,2024-25
2024-11-03 16:30:00+00:00,monchengladbach,bremen,1.46,2.86,pinnacle,2024-25
2024-11-08 19:30:00+00:00,union,sc,2.0,1.88,pinnacle,2024-25
2024-11-09 14:30:00+00:00,vfl,leverkusen,1.69,2.23,pinnacle,2024-25
2024-11-09 14:30:00+00:00,bremen,holstein,1.61,2.42,pinnacle,2024-25
2024-11-09 14:30:00+00:00,mainz,dortmund,1.53,2.63,pinnacle,2024-25
2024-11-09 14:30:00+00:00,fc,bayern,2.14,1.75,pinnacle,2024-25
2024-11-09 17:30:00+00:00,leipzig,monchengladbach,1.51,2.69,pinnacle,2024-25
2024-11-10 14:30:00+00:00,augsburg,hoffenheim,1.6,2.45,pinnacle,2024-25
2024-11-10 16:30:00+00:00,stuttgart,frankfurt,1.54,2.59,pinnacle,2024-25
2024-11-10 18:30:00+00:00,1.,wolfsburg,1.74,2.18,pinnacle,2024-25
2024-11-22 19:30:00+00:00,bayern,augsburg,2.01,1.85,pinnacle,2024-25
2024-11-23 14:30:00+00:00,leverkusen,1.,2.05,1.81,pinnacle,2024-25
2024-11-23 14:30:00+00:00,dortmund,sc,1.69,2.25,pinnacle,2024-25
2024-11-23 14:30:00+00:00,hoffenheim,leipzig,1.49,2.76,pinnacle,2024-25
2024-11-23 14:30:00+00:00,wolfsburg,union,1.89,1.98,pinnacle,2024-25
2024-11-23 14:30:00+00:00,stuttgart,vfl,1.72,2.19,pinnacle,2024-25
2024-11-23 17:30:00+00:00,frankfurt,bremen,1.53,2.64,pinnacle,2024-25
2024-11-24 14:30:00+00:00,holstein,mainz,1.64,2.37,pinnacle,2024-25
2024-11-24 16:30:00+00:00,monchengladbach,fc,1.69,2.25,pinnacle,2024-25
2024-11-29 19:30:00+00:00,fc,holstein,1.96,1.89,pinnacle,2024-25
2024-11-30 14:30:00+00:00,augsburg,vfl,1.77,2.14,pinnacle,2024-25
2024-11-30 14:30:00+00:00,bremen,stuttgart,1.54,2.59,pinnacle,2024-25
2024-11-30 14:30:00+00:00,sc,monchengladbach,1.6,2.46,pinnacle,2024-25
2024-11-30 14:30:00+00:00,union,leverkusen,2.05,1.83,pinnacle,2024-25
2024-11-30 14:30:00+00:00,leipzig,wolfsburg,1.66,2.32,pinnacle,2024-25
2024-11-30 17:30:00+00:00,dortmund,bayern,1.56,2.53,pinnacle,2024-25
2024-12-01 14:30:00+00:00,mainz,hoffenheim,1.62,2.4,pinnacle,2024-25
2024-12-01 16:30:00+00:00,1.,frankfurt,1.62,2.39,pinnacle,2024-25
