model,fold,fixture_id,date,home,away,btts_actual,btts_prob,btts_yes_odds,btts_no_odds,yes_edge,no_edge,vig,yes_edge_raw,no_edge_raw
poisson_leakfree,1,1035451,2024-03-09,manutd,everton,0,0.581705204909733,1.65,2.34,-0.004760960503800815,0.004760960503800871,0.033411033411033575,-0.02435540115087309,-0.009055632260160373
poisson_leakfree,1,1035444,2024-03-09,bournemouth,sheffutd,1,0.5303135246774399,,,,,,,
poisson_leakfree,1,1035453,2024-03-09,wolves,fulham,1,0.5704106909154095,1.7,2.24,0.0018827721336835967,-0.0018827721336836523,0.034663865546218364,-0.017824603202237554,-0.01683926234398092
poisson_leakfree,1,1035449,2024-03-09,crystalpalace,luton,1,0.4995566575511154,,,,,,,
poisson_leakfree,1,1035445,2024-03-09,arsenal,brentford,1,0.6903981012413176,2.02,1.84,0.2137141634174834,-0.2137141634174834,0.038527765820060234,0.19534859629082257,-0.2338763621108828
poisson_leakfree,1,1035446,2024-03-10,astonvilla,tottenham,0,0.7259053757095345,,,,,,,
poisson_leakfree,1,1035452,2024-03-10,westham,burnley,1,0.4532656050138486,1.78,2.12,-0.09032413857589505,0.090324138575895,0.03349586601653587,-0.1085321477951402,0.07503628177860427
poisson_leakfree,1,1035447,2024-03-10,brighton,nottmforest,0,0.6456972090350301,,,,,,,
poisson_leakfree,1,1035450,2024-03-10,liverpool,mancity,1,0.8352659292405992,1.45,2.89,0.16936731172907837,-0.16936731172907837,0.03567593365946786,0.14561075682680602,-0.18128669048627388
poisson_leakfree,1,1035448,2024-03-11,chelsea,newcastle,1,0.6692253847838818,1.46,2.88,0.005630914737798864,-0.005630914737798864,0.03215372907153724,-0.015706122065433203,-0.016447607006104037
poisson_leakfree,1,1035334,2024-03-13,bournemouth,luton,1,0.6636461921577951,1.53,2.61,0.0332114095490994,-0.03321140954909946,0.03673653369393737,0.010051420915965004,-0.04678795460990237
poisson_leakfree,1,1035460,2024-03-16,luton,nottmforest,1,0.6512410084383715,,,,,,,
poisson_leakfree,1,1035459,2024-03-16,fulham,tottenham,0,0.6276157194385963,1.46,2.87,-0.0352018325244523,0.03520183252445219,0.03336356259844386,-0.057315787410718744,0.023952224812274825
poisson_leakfree,1,1035456,2024-03-16,burnley,brentford,1,0.4640937931360112,1.63,2.37,-0.12840620686398885,0.12840620686398885,0.03543786078537958,-0.14940313937932626,0.11396527859394667
poisson_leakfree,1,1035462,2024-03-17,westham,astonvilla,1,0.6450772690237103,,,,,,,
poisson_leakfree,1,1035470,2024-03-30,newcastle,westham,1,0.5921520074982747,1.51,2.69,-0.04832418297791574,0.0483241829779158,0.03399886752504999,-0.07009964813086444,0.03610078060581451
poisson_leakfree,1,1035464,2024-03-30,bournemouth,everton,1,0.6222565072101557,1.6,2.44,0.018296111170551743,-0.018296111170551743,0.0348360655737705,-0.002743492789844315,-0.03209257278392619
poisson_leakfree,1,1035473,2024-03-30,tottenham,luton,1,0.6856606533092804,1.55,2.55,0.06370943379708527,-0.06370943379708532,0.03731815306767872,0.04049936298669976,-0.07781751605437848
poisson_leakfree,1,1035467,2024-03-30,chelsea,burnley,1,0.5737232684482497,1.8,2.07,0.038839547518017215,-0.038839547518017103,0.038647342995169254,0.018167712892694143,-0.056815055887863286
poisson_leakfree,1,1035472,2024-03-30,sheffutd,fulham,1,0.5653613668264065,,,,,,,
poisson_leakfree,1,1035471,2024-03-30,nottmforest,crystalpalace,1,0.4841219719872875,,,,,,,
poisson_leakfree,1,1035465,2024-03-30,astonvilla,wolves,0,0.6716024318118574,,,,,,,
poisson_leakfree,1,1035466,2024-03-30,brentford,manutd,1,0.5762526477677062,1.42,3.05,-0.1060739741562311,0.1060739741562311,0.03209420457169254,-0.12797270434496988,0.09587849977327734
poisson_leakfree,1,1035468,2024-03-31,liverpool,brighton,1,0.7600664653589049,1.54,2.63,0.12937102171382098,-0.12937102171382092,0.029578786232778764,0.11071581600825553,-0.14029460224103418
poisson_leakfree,1,1035469,2024-03-31,mancity,arsenal,0,0.8180977800385835,1.75,2.16,0.2656681125194019,-0.2656681125194018,0.03439153439153442,0.24666920861001207,-0.2810607430015464
poisson_leakfree,1,1035479,2024-04-02,westham,tottenham,1,0.6674352908445963,1.45,2.93,-0.0015144808449014668,0.0015144808449014668,0.03095210074143817,-0.022219881569196853,-0.008732219172241318
poisson_leakfree,1,1035478,2024-04-02,nottmforest,fulham,1,0.6009605839055737,,,,,,,
poisson_leakfree,1,1035481,2024-04-02,newcastle,everton,1,0.6155797262052576,1.61,2.43,0.014094577690406118,-0.014094577690406063,0.03264064616721618,-0.005538286217102617,-0.027102359950113508
poisson_leakfree,1,1035477,2024-04-02,burnley,wolves,1,0.5505698107757147,1.71,2.24,-0.01651879681922208,0.01651879681922208,0.031223893065998265,-0.034225510861712216,0.003001617795713951
poisson_leakfree,1,1035474,2024-04-02,bournemouth,crystalpalace,0,0.5368893762874015,,,,,,,
poisson_leakfree,1,1035475,2024-04-03,arsenal,luton,0,0.7145939278334489,2.07,1.8,0.2494776487636815,-0.2494776487636814,0.038647342995169254,0.23150214039383532,-0.27014948338900446
poisson_leakfree,1,1035476,2024-04-03,brentford,brighton,0,0.5730237314713045,1.48,2.78,-0.07955842815310865,0.0795584281531086,0.03538790589150298,-0.10265194420437118,0.06726403831286815
poisson_leakfree,1,1035483,2024-04-03,mancity,astonvilla,1,0.7179508576816446,,,,,,,
poisson_leakfree,1,1035482,2024-04-04,liverpool,sheffutd,1,0.6413338643933638,,,,,,,
poisson_leakfree,1,1035480,2024-04-04,chelsea,manutd,1,0.6733240216444053,1.45,2.92,0.005131801964771476,-0.005131801964771365,0.03212092583845072,-0.016331150769387848,-0.015789775069062817
poisson_leakfree,1,1035486,2024-04-06,crystalpalace,mancity,1,0.5568244565750384,,,,,,,
poisson_leakfree,1,1035488,2024-04-06,fulham,newcastle,0,0.6918205285031885,1.51,2.68,0.05220239007836747,-0.05220239007836752,0.035385983987348046,0.029568872874049412,-0.06495485686139746
poisson_leakfree,1,1035487,2024-04-06,everton,burnley,0,0.5645746926714957,1.71,2.23,-0.0014151550442402794,0.0014151550442402794,0.03322581491096943,-0.02022062896593113,-0.013005185945038356
poisson_leakfree,1,1035485,2024-04-06,brighton,arsenal,0,0.6288034380014632,1.8,2.09,0.09152837373411105,-0.09152837373411105,0.034024455077086735,0.07324788244590763,-0.10727233752299437
poisson_leakfree,1,1035484,2024-04-06,astonvilla,brentford,1,0.6029490597635048,,,,,,,
poisson_leakfree,1,1035489,2024-04-06,luton,bournemouth,1,0.5925065750688203,1.52,2.65,-0.042985031645808025,0.042985031645807914,0.03525322740814296,-0.06538816177328499,0.03013493436514192
poisson_leakfree,1,1035493,2024-04-06,wolves,westham,1,0.5596965698896599,1.67,2.31,-0.020705440160591393,0.020705440160591393,0.03170282811001379,-0.03910582531992102,0.007402997209907225
poisson_leakfree,1,1035490,2024-04-07,manutd,liverpool,1,0.7266604216756237,1.4,3.12,0.036394934949959934,-0.03639493494995999,0.034798534798534675,0.012374707389909423,-0.04717324218844421
poisson_leakfree,1,1035491,2024-04-07,sheffutd,chelsea,1,0.5913478363494746,,,,,,,
poisson_leakfree,1,1035492,2024-04-07,tottenham,nottmforest,1,0.6320455929360022,,,,,,,
poisson_leakfree,1,1035501,2024-04-13,newcastle,tottenham,0,0.7094127668528408,1.34,3.48,-0.01257893439197244,0.01257893439197244,0.033624978555498286,-0.03685588986357702,0.003230911308078732
poisson_leakfree,1,1035497,2024-04-13,burnley,brighton,1,0.4824051433490986,1.56,2.56,-0.1389540799518722,0.1389540799518723,0.03165064102564097,-0.15862049767654235,0.12696985665090144
poisson_leakfree,1,1035500,2024-04-13,mancity,luton,1,0.6246801554093857,2.05,1.81,0.1557682383109401,-0.1557682383109401,0.04029106589408449,0.13687527736060517,-0.1771663432546896
poisson_leakfree,1,1035496,2024-04-13,brentford,sheffutd,0,0.4956200364879508,,,,,,,
poisson_leakfree,1,1035502,2024-04-13,nottmforest,wolves,1,0.582425022095509,,,,,,,
poisson_leakfree,1,1035494,2024-04-13,bournemouth,manutd,1,0.6404196974647736,1.39,3.17,-0.05475574113171777,0.05475574113171766,0.03488187368086604,-0.07900476296688119,0.0441228892860151
poisson_leakfree,1,1035499,2024-04-14,liverpool,crystalpalace,0,0.6034379206021981,,,,,,,
poisson_leakfree,1,1035503,2024-04-14,westham,fulham,0,0.6081682174828711,1.55,2.58,-0.016529119078872334,0.016529119078872223,0.03275818954738674,-0.03699307283970954,0.004234883292322744
poisson_leakfree,1,1035495,2024-04-14,arsenal,astonvilla,0,0.7187762646828394,,,,,,,
poisson_leakfree,1,1035498,2024-04-15,chelsea,everton,0,0.6487961889474948,1.64,2.35,0.05982375786980065,-0.05982375786980054,0.03528801245459268,0.039040091386519205,-0.07432810384111183
poisson_leakfree,1,1035511,2024-04-20,sheffutd,burnley,1,0.4538831718794624,,,,,,,
poisson_leakfree,1,1035509,2024-04-20,luton,brentford,1,0.48711359407132915,1.55,2.56,-0.13575745215738133,0.13575745215738128,0.035786290322580516,-0.15804769625125148,0.12226140592867085
poisson_leakfree,1,1035513,2024-04-20,wolves,arsenal,0,0.6418951576648355,2.1,1.79,0.1817409160195913,-0.1817409160195913,0.0348496940675711,0.16570468147435935,-0.20055437554193045
poisson_leakfree,1,1035507,2024-04-21,everton,nottmforest,0,0.6115367514430479,,,,,,,
poisson_leakfree,1,1035506,2024-04-21,crystalpalace,westham,1,0.5041382876058594,,,,,,,
poisson_leakfree,1,1035504,2024-04-21,astonvilla,bournemouth,1,0.6289556907416378,,,,,,,
poisson_leakfree,1,1035508,2024-04-21,fulham,liverpool,1,0.7741867123224633,1.53,2.63,0.14197517386092484,-0.14197517386092484,0.03382290812395938,0.1205919410806332,-0.15441484920459259
poisson_leakfree,1,1035454,2024-04-23,arsenal,chelsea,0,0.7382839660996915,1.8,2.09,0.20100890183233933,-0.20100890183233933,0.034024455077086735,0.1827284105441359,-0.21675286562122265
poisson_leakfree,1,1035463,2024-04-24,wolves,bournemouth,0,0.530658062595009,1.52,2.66,-0.10570557376862733,0.10570557376862738,0.03383458646616555,-0.12723667424709628,0.09340208778093084
poisson_leakfree,1,1035461,2024-04-24,manutd,sheffutd,1,0.5208328221304637,,,,,,,
poisson_leakfree,1,1035458,2024-04-24,everton,liverpool,0,0.6436335585317452,1.76,2.15,0.09376143576959683,-0.09376143576959683,0.03329809725158572,0.07545174034992697,-0.10874983760151263
poisson_leakfree,1,1035457,2024-04-24,crystalpalace,newcastle,0,0.6258546745764223,,,,,,,
poisson_leakfree,1,1035455,2024-04-25,brighton,mancity,0,0.6279789388350756,1.74,2.18,0.07185648985548376,-0.07185648985548382,0.03342824000843603,0.05326629515691472,-0.0866945351653508
poisson_leakfree,1,1035522,2024-04-27,westham,liverpool,1,0.702546938762761,1.49,2.77,0.05231219697872347,-0.05231219697872336,0.03215176992222535,0.03140599916544551,-0.06355776908767075
poisson_leakfree,1,1035523,2024-04-27,wolves,luton,1,0.39742819833428583,1.6,2.47,-0.20945140854532102,0.20945140854532113,0.029858299595141746,-0.22757180166571417,0.19771350207057253
poisson_leakfree,1,1035517,2024-04-27,fulham,crystalpalace,1,0.6218844253588807,,,,,,,
poisson_leakfree,1,1035515,2024-04-27,astonvilla,chelsea,1,0.68069860160458,,,,,,,
poisson_leakfree,1,1035519,2024-04-27,newcastle,sheffutd,1,0.5282818631090801,,,,,,,
poisson_leakfree,1,1035516,2024-04-27,everton,brentford,0,0.5584740459750815,1.74,2.19,0.0012221375781349408,-0.0012221375781350519,0.031333648244370904,-0.016238597703079338,-0.015095050541291621
poisson_leakfree,1,1035518,2024-04-27,manutd,burnley,1,0.5790351225281719,1.42,3.03,-0.10186375387632252,0.10186375387632246,0.034258355413006036,-0.1251902295845042,0.09093187417149806
poisson_leakfree,1,1035514,2024-04-28,bournemouth,brighton,0,0.5296316267530107,1.41,3.09,-0.15703503991365597,0.15703503991365597,0.0328444536252841,-0.17958823140301772,0.14674377777773362
poisson_leakfree,1,1035521,2024-04-28,tottenham,arsenal,1,0.6960031319976325,1.49,2.75,0.04741822633725512,-0.047418226337255176,0.03477730323367911,0.024862192400317062,-0.059639495633996176
poisson_leakfree,1,1035520,2024-04-28,nottmforest,mancity,0,0.7219538521793843,,,,,,,
poisson_leakfree,1,1035428,2024-05-02,chelsea,tottenham,0,0.7200713666657235,1.31,3.68,-0.017403583234076092,0.017403583234076148,0.03509790906073684,-0.04328741196023067,0.008189502899493939
poisson_leakfree,1,1035531,2024-05-03,luton,everton,1,0.42125531777267344,1.59,2.48,-0.18808129156393594,0.18808129156393583,0.03215662406167574,-0.20767549983738942,0.17551887577571362
poisson_leakfree,1,1035524,2024-05-04,arsenal,bournemouth,0,0.6920748740039456,1.78,2.13,0.14731784075586385,-0.14731784075586374,0.03128132088410629,0.13027712119495682,-0.161558442079063
poisson_leakfree,1,1035525,2024-05-04,brentford,fulham,0,0.6444051661178131,1.52,2.67,0.007173662537860781,-0.007173662537860781,0.032426572048097846,-0.013489570724292244,-0.018937001323805602
poisson_leakfree,1,1035532,2024-05-04,mancity,wolves,1,0.5549154370030144,2.15,1.75,0.10619748828506564,-0.1061974882850657,0.03654485049833878,0.08979915793324694,-0.12634400843158577
poisson_leakfree,1,1035533,2024-05-04,sheffutd,nottmforest,1,0.532508603132926,,,,,,,
poisson_leakfree,1,1035527,2024-05-04,burnley,newcastle,1,0.6508416962994665,1.42,3.04,-0.0307726534763183,0.03077265347631819,0.03317272053372866,-0.053383655813209585,0.020210935279480813
poisson_leakfree,1,1035528,2024-05-05,chelsea,westham,0,0.6731585695464197,1.47,2.81,0.016616513471653382,-0.016616513471653382,0.03614399496453391,-0.007113539297117666,-0.02903045566741619
poisson_leakfree,1,1035526,2024-05-05,brighton,astonvilla,0,0.5057536621567557,,,,,,,
poisson_leakfree,1,1035530,2024-05-05,liverpool,tottenham,1,0.7562400609469826,1.44,2.96,0.08351278821970998,-0.08351278821970981,0.03228228228228236,0.061795616502538175,-0.09407789878482042
poisson_leakfree,1,1035529,2024-05-06,crystalpalace,manutd,0,0.6233926982622382,,,,,,,
poisson_leakfree,2,1208021,2024-08-16,manutd,fulham,0,0.5630707344523131,1.65,2.34,-0.023395430961220653,0.02339543096122071,0.033411033411033575,-0.04298987160829293,0.009578838197259465
poisson_leakfree,2,1208022,2024-08-17,ipswich,liverpool,0,0.0,1.65,2.33,-0.5854271356783919,0.585427135678392,0.03524515541682938,-0.6060606060606061,0.5708154506437768
poisson_leakfree,2,1208025,2024-08-17,newcastle,southampton,0,0.0,1.69,2.26,-0.5721518987341772,0.5721518987341773,0.034193852437555794,-0.591715976331361,0.5575221238938053
poisson_leakfree,2,1208023,2024-08-17,arsenal,wolves,0,0.5238819710162304,2.32,1.65,0.10826484255275426,-0.10826484255275426,0.03709508881922674,0.09284748825760963,-0.12994257707683643
poisson_leakfree,2,1208024,2024-08-17,everton,brighton,0,0.4734391937747184,1.68,2.28,-0.10231838198285731,0.10231838198285736,0.03383458646616555,-0.12179890146337685,0.08796431499721136
poisson_leakfree,2,1208026,2024-08-17,nottmforest,bournemouth,1,0.588506006664311,,,,,,,
poisson_leakfree,2,1208027,2024-08-17,westham,astonvilla,1,0.531891151894249,,,,,,,
poisson_leakfree,2,1208028,2024-08-18,brentford,crystalpalace,1,0.6052820555773004,,,,,,,
poisson_leakfree,2,1208029,2024-08-18,chelsea,mancity,0,0.7917607855170421,1.53,2.63,0.15954924705550366,-0.15954924705550366,0.03382290812395938,0.13816601427521202,-0.1719889223991714
poisson_leakfree,2,1208030,2024-08-19,leicester,tottenham,1,0.0,1.6,2.44,-0.6039603960396039,0.6039603960396039,0.0348360655737705,-0.625,0.5901639344262295
poisson_leakfree,2,1208038,2024-08-24,southampton,nottmforest,0,0.6432428658369092,,,,,,,
poisson_leakfree,2,1208032,2024-08-24,astonvilla,arsenal,0,0.6609999837509394,,,,,,,
poisson_leakfree,2,1208037,2024-08-24,mancity,ipswich,1,0.329890342090365,2.37,1.62,-0.07612469550362,0.07612469550362,0.039224878887325954,-0.09205058617967715,0.05282570729235114
poisson_leakfree,2,1208035,2024-08-24,fulham,leicester,1,0.4585277164414016,1.79,2.1,-0.08131804191335418,0.08131804191335412,0.0348496940675711,-0.10013150143569333,0.06528180736812217
poisson_leakfree,2,1208039,2024-08-24,tottenham,everton,0,0.5525765907284425,1.61,2.43,-0.04890855778640901,0.04890855778640907,0.03264064616721618,-0.06854142169391775,0.03590077552670162
poisson_leakfree,2,1208033,2024-08-24,brighton,manutd,1,0.5575920094598494,1.44,2.94,-0.11364086725247935,0.1136408672524793,0.03458049886621306,-0.13685243498459498,0.10227193611838187
poisson_leakfree,2,1208034,2024-08-24,crystalpalace,westham,0,0.593042888564179,,,,,,,
poisson_leakfree,2,1208031,2024-08-25,bournemouth,newcastle,1,0.6564462661236807,1.47,2.82,-0.0008963912189766665,0.0008963912189765555,0.034882037921551534,-0.02382584271985666,-0.01105619520169493
poisson_leakfree,2,1208040,2024-08-25,wolves,chelsea,1,0.4712027022624543,1.59,2.47,-0.13717168197399887,0.13717168197399887,0.0337891172052045,-0.15772811534760856,0.123938998142404
poisson_leakfree,2,1208036,2024-08-25,liverpool,brentford,0,0.7147759058233514,1.75,2.14,0.1646473711189812,-0.1646473711189812,0.03871829105473967,0.14334733439477998,-0.1820656254495196
poisson_leakfree,2,1208041,2024-08-31,arsenal,brighton,1,0.6482985473889016,1.85,2.03,0.12510267110024187,-0.1251026711002418,0.03315137797896428,0.10775800684836112,-0.1409093848273253
poisson_leakfree,2,1208044,2024-08-31,everton,bournemouth,1,0.5064983810261697,1.67,2.29,-0.07178444725665867,0.0717844472566585,0.035483617917004384,-0.09230401418341116,0.05682039626640667
poisson_leakfree,2,1208046,2024-08-31,leicester,astonvilla,1,0.43060209918354886,,,,,,,
poisson_leakfree,2,1208042,2024-08-31,brentford,southampton,1,0.42915418575591485,1.75,2.17,-0.12441724281551375,0.12441724281551364,0.032258064516129004,-0.14227438567265654,0.11001632115652749
poisson_leakfree,2,1208045,2024-08-31,ipswich,fulham,1,0.22241408987515748,1.69,2.26,-0.34973780885901967,0.34973780885901984,0.034193852437555794,-0.3693018864562035,0.33510803401864786
poisson_leakfree,2,1208049,2024-08-31,nottmforest,wolves,1,0.48934066544242316,,,,,,,
poisson_leakfree,2,1208050,2024-08-31,westham,mancity,1,0.6807548265977442,1.75,2.16,0.12832515907856268,-0.12832515907856257,0.03439153439153442,0.10932625516917283,-0.14371778956070713
poisson_leakfree,2,1208048,2024-09-01,newcastle,tottenham,1,0.7409505194742941,1.36,3.33,0.030929197512673645,-0.0309291975126737,0.03559441794735907,0.005656401827235369,-0.04125081977459444
poisson_leakfree,2,1208043,2024-09-01,chelsea,crystalpalace,1,0.7000715844812976,,,,,,,
poisson_leakfree,2,1208047,2024-09-01,manutd,liverpool,0,0.7232091072446465,1.48,2.8,0.06900349976801101,-0.06900349976801096,0.032818532818532864,0.04753343156897083,-0.08035196438750364
poisson_leakfree,3,1208058,2024-09-14,southampton,manutd,0,0.5441157620322862,1.58,2.48,-0.06672167639135917,0.06672167639135906,0.0361371988566761,-0.08879563037277705,0.05265843151610089
poisson_leakfree,3,1208055,2024-09-14,fulham,westham,1,0.5125770574098873,1.65,2.34,-0.07388910800364645,0.07388910800364651,0.033411033411033575,-0.09348354865071873,0.060072515239685265
poisson_leakfree,3,1208056,2024-09-14,liverpool,nottmforest,0,0.7292263713381516,,,,,,,
poisson_leakfree,3,1208057,2024-09-14,mancity,brentford,1,0.6959326087252669,2.02,1.84,0.21924867090143263,-0.21924867090143263,0.038527765820060234,0.2008831037747718,-0.23941086959483204
poisson_leakfree,3,1208053,2024-09-14,brighton,ipswich,0,0.25305265261754617,1.78,2.13,-0.2917043806305356,0.2917043806305357,0.03128132088410629,-0.30874510019144263,0.27746377930733646
poisson_leakfree,3,1208054,2024-09-14,crystalpalace,leicester,1,0.4060106114460401,,,,,,,
poisson_leakfree,3,1208052,2024-09-14,astonvilla,everton,1,0.5397701178575544,,,,,,,
poisson_leakfree,3,1208051,2024-09-14,bournemouth,chelsea,0,0.686867592141861,1.44,2.96,0.014140319414588376,-0.01414031941458821,0.03228228228228236,-0.007576852302583426,-0.024705429979698823
poisson_leakfree,3,1208059,2024-09-15,tottenham,arsenal,0,0.7215830576233812,1.49,2.75,0.07299815196300374,-0.0729981519630038,0.03477730323367911,0.050442118026065685,-0.0852194212597448
poisson_leakfree,3,1208060,2024-09-15,wolves,newcastle,1,0.5104691459745438,1.54,2.6,-0.11755017769695375,0.11755017769695375,0.033966033966033926,-0.1388815033761055,0.10491546941007157
poisson_leakfree,3,1208070,2024-09-21,westham,chelsea,0,0.599589289791702,1.49,2.77,-0.0506454519923355,0.05064545199233561,0.03215176992222535,-0.07155164980561346,0.03939987988338822
poisson_leakfree,3,1208064,2024-09-21,fulham,newcastle,1,0.6182263904141518,1.56,2.55,-0.002211565790227743,0.002211565790227632,0.03318250377073895,-0.02279925061148913,-0.010383253159249928
poisson_leakfree,3,1208066,2024-09-21,liverpool,bournemouth,0,0.7274655757601509,1.64,2.34,0.1395258772676886,-0.13952587726768867,0.03710652491140287,0.11770947819917532,-0.1548160031105783
poisson_leakfree,3,1208068,2024-09-21,southampton,ipswich,1,0.21836828558610116,1.68,2.28,-0.3573892901714745,0.3573892901714747,0.03383458646616555,-0.37686980965199407,0.3430352231858287
poisson_leakfree,3,1208065,2024-09-21,leicester,everton,1,0.380669859671576,1.67,2.3,-0.1986752284896331,0.19867522848963293,0.033585003905233,-0.21813253553800488,0.1845475316327717
poisson_leakfree,3,1208069,2024-09-21,tottenham,brentford,1,0.6245173409451735,1.56,2.56,0.003158117644202707,-0.0031581176442026515,0.03165064102564097,-0.016508300080467442,-0.015142340945173527
poisson_leakfree,3,1208061,2024-09-21,astonvilla,wolves,1,0.46236341747009924,,,,,,,
poisson_leakfree,3,1208063,2024-09-21,crystalpalace,manutd,0,0.6679704152993078,,,,,,,
poisson_leakfree,3,1208062,2024-09-22,brighton,nottmforest,1,0.6114615664212629,,,,,,,
poisson_leakfree,3,1208067,2024-09-22,mancity,arsenal,1,0.7584650410521544,1.93,1.93,0.2584650410521544,-0.2584650410521544,0.0362694300518136,0.2403303260262476,-0.2765997560780612
poisson_leakfree,3,1208078,2024-09-28,newcastle,mancity,1,0.8014182061508558,1.65,2.35,0.21391820615085577,-0.21391820615085577,0.03159252095422316,0.19535760009024972,-0.22695012104447282
poisson_leakfree,3,1208072,2024-09-28,arsenal,leicester,1,0.45928089546110834,2.44,1.59,0.06473995253306869,-0.06473995253306852,0.03876688318383348,0.04944482988733784,-0.08821171307117115
poisson_leakfree,3,1208075,2024-09-28,everton,crystalpalace,1,0.5487276646114907,,,,,,,
poisson_leakfree,3,1208074,2024-09-28,chelsea,brighton,1,0.6746038389602248,1.52,2.67,0.037372335380272514,-0.037372335380272514,0.032426572048097846,0.01670910211811949,-0.049135674166217336
poisson_leakfree,3,1208073,2024-09-28,brentford,westham,1,0.5272057081894412,1.52,2.67,-0.11002579539051105,0.11002579539051105,0.032426572048097846,-0.13068902865266407,0.09826245660456623
poisson_leakfree,3,1208079,2024-09-28,nottmforest,fulham,0,0.5191114457594779,,,,,,,
poisson_leakfree,3,1208080,2024-09-28,wolves,liverpool,1,0.5420129085835956,1.71,2.23,-0.023976939132140385,0.023976939132140385,0.03322581491096943,-0.042782413053831236,0.00955659814286175
poisson_leakfree,3,1208076,2024-09-29,ipswich,astonvilla,1,0.38529144466247334,,,,,,,
poisson_leakfree,3,1208077,2024-09-29,manutd,tottenham,0,0.682700326367712,1.41,3.05,-0.0011561758744403905,0.0011561758744403905,0.03708871061504482,-0.02651953178831634,-0.010569178826728476
poisson_leakfree,3,1208071,2024-09-30,bournemouth,southampton,1,0.6044981703919535,1.68,2.29,0.027671973918401926,-0.027671973918401926,0.03191931794551883,0.009260075153858294,-0.041179393099377126
poisson_leakfree,3,1208086,2024-10-05,crystalpalace,liverpool,0,0.719262961010284,,,,,,,
poisson_leakfree,3,1208081,2024-10-05,arsenal,southampton,1,0.6160885715369304,2.13,1.76,0.16364641215389703,-0.16364641215389697,0.03766538625693561,0.14660500346181304,-0.18427038971874865
poisson_leakfree,3,1208088,2024-10-05,leicester,bournemouth,0,0.4032171273678154,1.56,2.54,-0.21629506775413582,0.21629506775413587,0.03472642842721574,-0.23780851365782557,0.2030820852306099
poisson_leakfree,3,1208090,2024-10-05,westham,ipswich,1,0.36820563717528887,1.68,2.27,-0.20647790712850855,0.2064779071285086,0.035766729599328695,-0.22703245806280636,0.19126572846347767
poisson_leakfree,3,1208089,2024-10-05,mancity,fulham,1,0.6330354453116493,1.95,1.9,0.1395289518051558,-0.1395289518051558,0.03913630229419707,0.12021493249113646,-0.15935123478533353
poisson_leakfree,3,1208083,2024-10-05,brentford,wolves,1,0.3918955035803109,1.63,2.36,-0.19958319316154371,0.19958319316154371,0.03722574607465945,-0.22160142893502655,0.18437568286036704
poisson_leakfree,3,1208087,2024-10-05,everton,newcastle,0,0.5918740507588368,1.57,2.52,-0.024262868556566564,0.02426286855656662,0.0337680719846325,-0.04506862440039883,0.011300552415766385
poisson_leakfree,3,1208085,2024-10-06,chelsea,nottmforest,1,0.6626205587936932,,,,,,,
poisson_leakfree,3,1208082,2024-10-06,astonvilla,manutd,0,0.5864505216133091,,,,,,,
poisson_leakfree,3,1208084,2024-10-06,brighton,tottenham,1,0.7167747122215079,1.38,3.24,0.015476010922806593,-0.015476010922806538,0.03327965646806241,-0.007862968937912496,-0.025416687530149862
poisson_leakfree,3,1208099,2024-10-19,tottenham,westham,1,0.703008606882576,1.53,2.64,0.06991508170271987,-0.06991508170271993,0.03238265002970886,0.04941383564074597,-0.08179648567045483
poisson_leakfree,3,1208095,2024-10-19,manutd,brentford,1,0.573243466276465,1.56,2.53,-0.045338440813999514,0.0453384408139994,0.03628255802168834,-0.06778217474917592,0.03149961672748747
poisson_leakfree,3,1208092,2024-10-19,fulham,astonvilla,1,0.5619053831438668,,,,,,,
poisson_leakfree,3,1208098,2024-10-19,southampton,leicester,1,0.3607017105075627,1.66,2.32,-0.22221286235675897,0.22221286235675886,0.03344412131283758,-0.2417079280466542,0.20826380673381656
poisson_leakfree,3,1208096,2024-10-19,newcastle,brighton,0,0.6617192672562269,1.54,2.61,0.03280360460562459,-0.032803604605624426,0.03249241180275675,0.012368617905577528,-0.044861029708334166
poisson_leakfree,3,1208093,2024-10-19,ipswich,everton,0,0.34938626369572573,1.68,2.28,-0.22637131206184996,0.22637131206185013,0.03383458646616555,-0.2458518315423695,0.21201724507620412
poisson_leakfree,3,1208091,2024-10-19,bournemouth,arsenal,0,0.6899669985956758,1.8,2.09,0.15269193432832362,-0.15269193432832362,0.034024455077086735,0.1344114430401202,-0.16843589811720694
poisson_leakfree,3,1208100,2024-10-20,wolves,mancity,1,0.525557561623672,1.8,2.09,-0.011717502643680211,0.011717502643680211,0.034024455077086735,-0.029997993931883626,-0.0040264611452031085
poisson_leakfree,3,1208094,2024-10-20,liverpool,chelsea,1,0.7712595682986305,1.46,2.87,0.10844201633558193,-0.10844201633558204,0.03336356259844386,0.08632806144931549,-0.1196916240477594
poisson_leakfree,3,1208097,2024-10-21,nottmforest,crystalpalace,0,0.5715323156424209,,,,,,,
poisson_leakfree,3,1208110,2024-10-25,leicester,nottmforest,1,0.47758847878880895,,,,,,,
poisson_leakfree,3,1208111,2024-10-26,mancity,southampton,0,0.6316522817929928,1.94,1.91,0.13554838568909666,-0.13554838568909666,0.03902412694985702,0.11618836426721957,-0.1552124912170766
poisson_leakfree,3,1208106,2024-10-26,brighton,wolves,1,0.48235676618033624,1.71,2.23,-0.08363308153539978,0.08363308153539972,0.03322581491096943,-0.10243855545709063,0.06921274054612109
poisson_leakfree,3,1208105,2024-10-26,brentford,ipswich,1,0.41344737093608525,1.74,2.18,-0.1426750780435066,0.1426750780435065,0.03342824000843603,-0.16126527274207564,0.1278370327336395
poisson_leakfree,3,1208104,2024-10-26,astonvilla,bournemouth,1,0.6483522581467032,,,,,,,
poisson_leakfree,3,1208109,2024-10-26,everton,fulham,1,0.5177387923062919,1.63,2.38,-0.07577741717001729,0.07577741717001729,0.03366499974222825,-0.0957581402090455,0.0620931404668173
poisson_leakfree,3,1208112,2024-10-27,westham,manutd,1,0.6114298190132809,1.57,2.52,-0.004707100302122513,0.004707100302122569,0.0337680719846325,-0.025512856145954776,-0.008255215838677665
poisson_leakfree,3,1208107,2024-10-27,chelsea,newcastle,1,0.7047696657946965,1.5,2.73,0.059379594872710606,-0.05937959487271066,0.03296703296703285,0.038102999128029835,-0.07107003209506274
poisson_leakfree,3,1208108,2024-10-27,crystalpalace,tottenham,0,0.6769739314320772,,,,,,,
poisson_leakfree,3,1208103,2024-10-27,arsenal,liverpool,1,0.7500762722136745,1.68,2.27,0.17539272790987703,-0.17539272790987698,0.035766729599328695,0.15483817697557922,-0.19060490657490792
poisson_leakfree,3,1208118,2024-11-02,newcastle,arsenal,0,0.6879220715160516,1.78,2.12,0.1443323279263079,-0.14433232792630796,0.03349586601653587,0.12612431870706275,-0.15962018472359868
poisson_leakfree,3,1208113,2024-11-02,bournemouth,mancity,1,0.7036181280990458,1.65,2.33,0.1181909924206539,-0.11819099242065378,0.03524515541682938,0.0975575220384397,-0.13280267745526897
poisson_leakfree,3,1208116,2024-11-02,liverpool,brighton,1,0.6902688757081218,1.6,2.44,0.08630847966851785,-0.08630847966851785,0.0348360655737705,0.06526887570812179,-0.10010494128189229
poisson_leakfree,3,1208120,2024-11-02,southampton,everton,0,0.44265396530825496,1.72,2.2,-0.11857052448766348,0.11857052448766342,0.03594080338266381,-0.13874138352895438,0.10280058014629051
poisson_leakfree,3,1208115,2024-11-02,ipswich,leicester,1,0.3625972113770626,1.55,2.58,-0.26210012518468084,0.26210012518468073,0.03275818954738674,-0.28256407894551805,0.24980588939813125
poisson_leakfree,3,1208119,2024-11-02,nottmforest,westham,0,0.5790921820765628,,,,,,,
poisson_leakfree,3,1208122,2024-11-02,wolves,crystalpalace,1,0.43534098152135553,,,,,,,
poisson_leakfree,4,1208121,2024-11-03,tottenham,astonvilla,1,0.671101353750856,,,,,,,
poisson_leakfree,4,1208117,2024-11-03,manutd,chelsea,1,0.6724083729476108,1.42,3.03,-0.008490503456883625,0.008490503456883569,0.034258355413006036,-0.03181697916506532,-0.0024413762479408296
poisson_leakfree,4,1208114,2024-11-04,fulham,brentford,1,0.6388545102446477,1.61,2.42,0.03835823232901503,-0.03835823232901492,0.034341152918228035,0.017736497822287478,-0.05207765074051546
poisson_leakfree,4,1208126,2024-11-09,crystalpalace,fulham,0,0.5589396434416262,,,,,,,
poisson_leakfree,4,1208132,2024-11-09,wolves,southampton,0,0.44179460109169205,1.65,2.35,-0.14570539890830797,0.14570539890830803,0.03159252095422316,-0.16426600496891403,0.13267348401469098
poisson_leakfree,4,1208131,2024-11-09,westham,everton,0,0.518272901720092,1.75,2.17,-0.03529852685133661,0.035298526851336554,0.032258064516129004,-0.0531556697084794,0.0208976051923504
poisson_leakfree,4,1208127,2024-11-09,liverpool,astonvilla,0,0.660861443827025,,,,,,,
poisson_leakfree,4,1208123,2024-11-09,brentford,bournemouth,1,0.6516224480203092,1.5,2.71,0.007916984837411323,-0.007916984837411378,0.035670356703567,-0.01504421864635741,-0.020626138057209586
poisson_leakfree,4,1208124,2024-11-09,brighton,mancity,1,0.6588747391074354,1.49,2.78,0.007820874938817224,-0.007820874938817168,0.0308531698131429,-0.01226620048988003,-0.018586969323262814
poisson_leakfree,4,1208128,2024-11-10,manutd,leicester,0,0.5320959842183138,1.8,2.09,-0.0051790800490383315,0.0051790800490383315,0.034024455077086735,-0.023459571337241747,-0.010564883739844988
poisson_leakfree,4,1208130,2024-11-10,tottenham,ipswich,1,0.5001461411234557,1.72,2.19,-0.05995616066682563,0.059956160666825686,0.03801635340341947,-0.08124920771375366,0.043232854310334246
poisson_leakfree,4,1208129,2024-11-10,nottmforest,newcastle,1,0.5816901098049865,,,,,,,
poisson_leakfree,4,1208125,2024-11-10,chelsea,arsenal,1,0.6655481359568524,1.65,2.34,0.07908197054331856,-0.0790819705433185,0.033411033411033575,0.05948752989624628,-0.09289856330727975
poisson_leakfree,4,1208135,2024-11-23,astonvilla,crystalpalace,1,0.5568904957504565,,,,,,,
poisson_leakfree,4,1208133,2024-11-23,bournemouth,brighton,1,0.647312610700055,1.48,2.8,-0.006892996776580507,0.006892996776580562,0.032818532818532864,-0.02836306497562069,-0.00445546784291212
poisson_leakfree,4,1208140,2024-11-23,mancity,tottenham,0,0.7699792897791711,1.52,2.66,0.13361565341553472,-0.13361565341553466,0.03383458646616555,0.11208455293706576,-0.1459191394032312
poisson_leakfree,4,1208137,2024-11-23,fulham,wolves,1,0.5483323138190132,1.7,2.24,-0.020195604962712776,0.02019560496271272,0.034663865546218364,-0.03990298029863393,0.0052391147524154524
poisson_leakfree,4,1208136,2024-11-23,everton,brentford,0,0.5586017060784327,1.72,2.21,-0.0037392608426868312,0.0037392608426868867,0.033884036620014824,-0.0227936427587766,-0.011090393861238168
poisson_leakfree,4,1208134,2024-11-23,arsenal,nottmforest,0,0.5873827121674575,,,,,,,
poisson_leakfree,4,1208139,2024-11-23,leicester,chelsea,1,0.5429214525765232,1.69,2.26,-0.02923044615765391,0.029230446157654022,0.034193852437555794,-0.048794523754837726,0.014600671317282043
poisson_leakfree,4,1208142,2024-11-24,southampton,liverpool,1,0.535448956184912,1.68,2.28,-0.04030861957266374,0.04030861957266385,0.03383458646616555,-0.05978913905318328,0.025954552587017843
poisson_leakfree,4,1208138,2024-11-24,ipswich,manutd,1,0.48596559934200345,1.67,2.3,-0.09337948881920566,0.09337948881920555,0.033585003905233,-0.11283679586757744,0.07925179196234433
poisson_leakfree,4,1208141,2024-11-25,newcastle,westham,0,0.5897695713626722,1.73,2.19,0.03109610197491708,-0.031096101974917023,0.03465568664713503,0.011734889281747263,-0.04639057592888224
poisson_leakfree,4,1208144,2024-11-29,brighton,southampton,1,0.5146352783953011,1.59,2.43,-0.08984233354499738,0.08984233354499743,0.040453451354918846,-0.11429553921476177,0.07384208785984298
poisson_leakfree,4,1208146,2024-11-30,crystalpalace,newcastle,1,0.5776630630850642,,,,,,,
poisson_leakfree,4,1208143,2024-11-30,brentford,leicester,1,0.5406825992252178,1.68,2.29,-0.036143597248333825,0.036143597248333825,0.03191931794551883,-0.05455549601287746,0.022636178067358625
poisson_leakfree,4,1208149,2024-11-30,nottmforest,ipswich,0,0.4510265236215323,,,,,,,
poisson_leakfree,4,1208151,2024-11-30,westham,arsenal,1,0.5780051721991136,1.93,1.93,0.07800517219911363,-0.07800517219911363,0.0362694300518136,0.059870457173206826,-0.09613988722502043
poisson_leakfree,4,1208152,2024-11-30,wolves,bournemouth,1,0.5345100725178875,1.59,2.48,-0.07482653681872187,0.07482653681872176,0.03215662406167574,-0.09442074509217535,0.06226412103049955
poisson_leakfree,4,1208148,2024-12-01,manutd,everton,0,0.5326122503031864,1.88,1.99,0.018400363998276825,-0.01840036399827677,0.034427456431091574,0.000697356686165107,-0.03512481311725668
poisson_leakfree,4,1208150,2024-12-01,tottenham,fulham,1,0.6958258009065375,1.45,2.9,0.02915913423987082,-0.029159134239870765,0.034482758620689724,0.006170628492744301,-0.040653387113434025
poisson_leakfree,4,1208145,2024-12-01,chelsea,astonvilla,0,0.6990504373104147,,,,,,,
poisson_leakfree,4,1208147,2024-12-01,liverpool,mancity,0,0.7295392252545331,1.49,2.77,0.07930448347049557,-0.07930448347049546,0.03215176992222535,0.05839828565721761,-0.09055005557944285
poisson_leakfree,4,1208158,2024-12-03,ipswich,crystalpalace,0,0.5072404244745623,,,,,,,
poisson_leakfree,4,1208159,2024-12-03,leicester,westham,1,0.5015961300532392,1.63,2.37,-0.0909038699467608,0.0909038699467608,0.03543786078537958,-0.11190080246209821,0.07646294167671863
poisson_leakfree,4,1208161,2024-12-04,newcastle,liverpool,1,0.661034339499306,1.57,2.52,0.04489742018390264,-0.04489742018390258,0.0337680719846325,0.024091664340070373,-0.057859736324702815
poisson_leakfree,4,1208162,2024-12-04,southampton,chelsea,1,0.5674341763013984,1.66,2.32,-0.015480396562923326,0.015480396562923215,0.03344412131283758,-0.03497546225281856,0.0015313409399809186
poisson_leakfree,4,1208156,2024-12-04,everton,wolves,0,0.4193484211045382,1.83,2.05,-0.10900209435937935,0.10900209435937924,0.03425296548047441,-0.12709966632715575,0.09284670084668128
poisson_leakfree,4,1208160,2024-12-04,mancity,nottmforest,0,0.5808034447065041,,,,,,,
poisson_leakfree,4,1208154,2024-12-04,arsenal,manutd,0,0.6304434522909762,1.78,2.11,0.08802699984881679,-0.08802699984881679,0.03573140209808834,0.0686456994819874,-0.10437710158007574
poisson_leakfree,4,1208155,2024-12-04,astonvilla,brentford,1,0.6548902665112646,,,,,,,
poisson_leakfree,4,1208157,2024-12-05,fulham,brighton,1,0.607883417119855,1.57,2.52,-0.008253502195548323,0.008253502195548379,0.0337680719846325,-0.029059258039380587,-0.004708813945251855
poisson_leakfree,4,1208153,2024-12-05,bournemouth,tottenham,0,0.7242849894227524,1.42,3.03,0.04338611301825801,-0.043386113018258066,0.034258355413006036,0.020059637310076317,-0.054317992723082464
poisson_leakfree,4,1208165,2024-12-07,crystalpalace,mancity,1,0.612848743192479,,,,,,,
poisson_leakfree,4,1208164,2024-12-07,brentford,newcastle,1,0.6344820155813428,1.53,2.64,0.0013884904014865862,-0.0013884904014866417,0.03238265002970886,-0.019112755660487313,-0.013269894369221547
poisson_leakfree,4,1208163,2024-12-07,astonvilla,southampton,0,0.5489070368751441,,,,,,,
poisson_leakfree,4,1208170,2024-12-07,manutd,nottmforest,1,0.487891116866776,,,,,,,
poisson_leakfree,4,1208167,2024-12-08,fulham,arsenal,1,0.6770137912044256,1.79,2.11,0.13598815017878463,-0.13598815017878457,0.03259286716619458,0.11835457332733068,-0.15094744049352515
poisson_leakfree,4,1208169,2024-12-08,leicester,brighton,1,0.5081213053833991,1.64,2.36,-0.08187869461660091,0.08187869461660091,0.03348491112029772,-0.10163479217757654,0.06814988105727887
poisson_leakfree,4,1208168,2024-12-08,ipswich,bournemouth,1,0.5872953566907966,1.63,2.38,-0.006220852785512654,0.006220852785512654,0.03366499974222825,-0.026201575824540857,-0.00746342391768734
poisson_leakfree,4,1208171,2024-12-08,tottenham,chelsea,1,0.7887498018672352,1.35,3.4,0.07296032818302478,-0.07296032818302467,0.034858387799564294,0.0480090611264945,-0.08286744892605874
poisson_leakfree,4,1208172,2024-12-09,westham,wolves,1,0.49822644876447014,1.67,2.31,-0.08217556128578113,0.08217556128578118,0.03170282811001379,-0.10057594644511075,0.06887311833509702
poisson_leakfree,4,1208179,2024-12-14,newcastle,leicester,0,0.5438780594417106,1.76,2.13,-0.003679781175255914,0.0036797811752559695,0.03766538625693561,-0.024303758740107595,-0.013361627516828012
poisson_leakfree,4,1208182,2024-12-14,wolves,ipswich,1,0.44103328651793633,1.73,2.19,-0.11764018286981875,0.11764018286981887,0.03465568664713503,-0.13700139556298857,0.10234570891585365
poisson_leakfree,4,1208177,2024-12-14,liverpool,fulham,1,0.6532624951288775,1.72,2.18,0.09428813615451848,-0.09428813615451842,0.04011094516748459,0.07186714629166813,-0.11197809145915266
poisson_leakfree,4,1208174,2024-12-14,arsenal,everton,0,0.5723060567423627,2.28,1.67,0.14952124661578042,-0.14952124661578037,0.0373988864376511,0.13370956551429247,-0.17110845195194357
poisson_leakfree,4,1208180,2024-12-14,nottmforest,astonvilla,1,0.5645176121505149,,,,,,,
poisson_leakfree,4,1208175,2024-12-15,brighton,crystalpalace,1,0.5596694218163518,,,,,,,
poisson_leakfree,4,1208178,2024-12-15,mancity,manutd,1,0.5697458717579248,1.57,2.51,-0.04545020667344779,0.04545020667344768,0.03534904966122765,-0.06719680340131085,0.03184775374008314
poisson_leakfree,4,1208181,2024-12-15,southampton,tottenham,0,0.5167527388443517,1.33,3.52,-0.20902045703193695,0.20902045703193695,0.03597060833902943,-0.23512696040376857,0.1991563520647392
poisson_leakfree,4,1208176,2024-12-15,chelsea,brentford,1,0.753918287988215,1.61,2.42,0.15342201007258238,-0.15342201007258227,0.034341152918228035,0.13280027556585483,-0.1671414284840828
poisson_leakfree,4,1208173,2024-12-16,bournemouth,westham,1,0.7100542053882254,1.56,2.56,0.08869498208725457,-0.08869498208725451,0.03165064102564097,0.06902856436258442,-0.10067920538822539
poisson_leakfree,4,1208183,2024-12-21,astonvilla,mancity,1,0.6737789664038734,,,,,,,
poisson_leakfree,4,1208192,2024-12-21,westham,brighton,1,0.6178962140803516,1.45,2.91,-0.04953497858019884,0.04953497858019895,0.03329778409764206,-0.07175895833344159,0.038461174235799644
poisson_leakfree,4,1208184,2024-12-21,brentford,nottmforest,0,0.6068206935052025,,,,,,,
poisson_leakfree,4,1208188,2024-12-21,ipswich,newcastle,0,0.5473427442561789,1.63,2.37,-0.04515725574382112,0.04515725574382112,0.03543786078537958,-0.06615418825915853,0.030716327473778948
poisson_leakfree,4,1208185,2024-12-21,crystalpalace,arsenal,1,0.6331590825049549,,,,,,,
poisson_leakfree,4,1208191,2024-12-22,tottenham,liverpool,1,0.7268998054060083,1.36,3.35,0.015647151478195176,-0.01564715147819512,0.03380158033362601,-0.008394312241050472,-0.02540726809257543
poisson_leakfree,4,1208187,2024-12-22,fulham,southampton,0,0.45194827809365884,1.74,2.17,-0.103038934182556,0.10303893418255605,0.03554213676571849,-0.12276436558450204,0.08722222881878361
poisson_leakfree,4,1208190,2024-12-22,manutd,bournemouth,0,0.6470559468482378,1.62,2.39,0.05104597178589365,-0.051045971785893596,0.03569399245828819,0.029771996230953834,-0.06546598868924192
poisson_leakfree,4,1208189,2024-12-22,leicester,wolves,0,0.476049580848937,1.55,2.58,-0.14864775571280642,0.1486477557128063,0.03275818954738674,-0.16911170947364362,0.13635351992625683
poisson_leakfree,4,1208186,2024-12-22,everton,chelsea,0,0.5546155908059486,1.66,2.32,-0.028298982058373112,0.028298982058373,0.03344412131283758,-0.04779404774826834,0.014349926435430704
poisson_leakfree,4,1208201,2024-12-26,southampton,westham,0,0.45547153008342806,1.61,2.43,-0.1460136184314234,0.14601361843142352,0.03264064616721618,-0.16564648233893214,0.13300583617171607
poisson_leakfree,4,1208193,2024-12-26,bournemouth,crystalpalace,0,0.7066803949365283,,,,,,,
poisson_leakfree,4,1208199,2024-12-26,newcastle,astonvilla,0,0.6869865729816108,,,,,,,
poisson_leakfree,4,1208198,2024-12-26,mancity,everton,1,0.5121841225247233,1.88,1.98,-0.0007692453509242636,0.0007692453509243746,0.03696539866752646,-0.019730771092297927,-0.017234627575228423
poisson_leakfree,4,1208200,2024-12-26,nottmforest,tottenham,0,0.5929601072338879,,,,,,,
poisson_leakfree,4,1208196,2024-12-26,chelsea,fulham,1,0.6096429645783561,1.65,2.33,0.02421582889996421,-0.024215828899964098,0.03524515541682938,0.0035823585177500172,-0.03882751393457928
poisson_leakfree,4,1208197,2024-12-26,liverpool,leicester,1,0.6363983968327963,2.07,1.79,0.17266782688460974,-0.1726678268846098,0.0417510053167085,0.15330660939318275,-0.19505761470989125
poisson_leakfree,4,1208202,2024-12-26,wolves,manutd,0,0.5231491581160738,1.75,2.16,-0.02928050940310778,0.02928050940310789,0.03439153439153442,-0.04827941331249763,0.013887878920963326
poisson_leakfree,4,1208195,2024-12-27,brighton,brentford,0,0.5733630705772019,1.52,2.65,-0.062128536137426416,0.062128536137426305,0.03525322740814296,-0.08453166626490338,0.04927843885676031
poisson_leakfree,4,1208194,2024-12-27,arsenal,ipswich,0,0.5504110894928794,2.23,1.69,0.11928864051328764,-0.11928864051328758,0.040146469604903645,0.1019805962193368,-0.1421270658242404
poisson_leakfree,4,1208206,2024-12-29,everton,nottmforest,0,0.4361571775640466,,,,,,,
poisson_leakfree,4,1208211,2024-12-29,tottenham,wolves,1,0.5487544890815471,1.47,2.84,-0.11017822553562218,0.11017822553562223,0.03238478489987551,-0.13151761976199028,0.09913283486211483
poisson_leakfree,4,1208205,2024-12-29,crystalpalace,southampton,1,0.4397731618949245,,,,,,,
poisson_leakfree,4,1208212,2024-12-29,westham,liverpool,0,0.7223656772094177,1.69,2.26,0.15021377847524053,-0.15021377847524042,0.034193852437555794,0.13064970087805672,-0.1648435533156124
poisson_leakfree,4,1208209,2024-12-29,leicester,mancity,0,0.4950934867609654,1.68,2.26,-0.07851057415274026,0.07851057415274021,0.037715971344289834,-0.10014460847712986,0.06242863713283997
poisson_leakfree,4,1208207,2024-12-29,fulham,bournemouth,1,0.61471705204519,1.67,2.3,0.035371963883980895,-0.035371963883981006,0.033585003905233,0.01591465683560911,-0.04949966074084222
poisson_leakfree,4,1208203,2024-12-30,astonvilla,brighton,1,0.5988550570717543,,,,,,,
poisson_leakfree,4,1208210,2024-12-30,manutd,newcastle,0,0.6218914456470466,1.56,2.55,0.0014534894426669887,-0.0014534894426670997,0.03318250377073895,-0.0191341953785944,-0.01404830839214466
poisson_leakfree,4,1208208,2024-12-30,ipswich,chelsea,0,0.557291140952278,1.74,2.18,0.0011686919726862088,-0.0011686919726862643,0.03342824000843603,-0.01742150272588283,-0.01600673728255325
poisson_leakfree,4,1208204,2025-01-01,brentford,arsenal,1,0.6602032631438677,1.76,2.15,0.11033114038171932,-0.11033114038171932,0.03329809725158572,0.09202144496204945,-0.12531954221363512
poisson_leakfree,5,1208221,2025-01-04,tottenham,newcastle,1,0.6992814636634448,1.35,3.43,-0.018291758093877508,0.018291758093877397,0.032285930245113725,-0.04145927707729591,0.009173346832182072
poisson_leakfree,5,1208213,2025-01-04,bournemouth,everton,0,0.5339757675425493,1.75,2.16,-0.01845389997663227,0.018453899976632382,0.03439153439153442,-0.037452803886022124,0.003061269494487817
poisson_leakfree,5,1208220,2025-01-04,southampton,brentford,0,0.4070220359993142,1.56,2.54,-0.21249015912263702,0.21249015912263702,0.03472642842721574,-0.23400360502632678,0.19927717659911104
poisson_leakfree,5,1208219,2025-01-04,mancity,westham,1,0.577602876587865,1.72,2.19,0.017500574797583712,-0.017500574797583657,0.03801635340341947,-0.003792472249344314,-0.0342238811540751
poisson_leakfree,5,1208216,2025-01-04,crystalpalace,chelsea,1,0.7156233709207144,,,,,,,
poisson_leakfree,5,1208214,2025-01-04,astonvilla,leicester,1,0.49994546049670535,,,,,,,
poisson_leakfree,5,1208215,2025-01-04,brighton,arsenal,1,0.630473670917359,1.85,2.02,0.10850984662795327,-0.10850984662795338,0.035590045491035394,0.0899331303768185,-0.125523175867854
poisson_leakfree,5,1208217,2025-01-05,fulham,ipswich,1,0.4403959953422304,1.88,2.0,-0.07506792218354275,0.0750679221835428,0.03191489361702127,-0.09151889827479087,0.059604004657769605
poisson_leakfree,5,1208218,2025-01-05,liverpool,manutd,1,0.6505563932916237,1.79,2.11,0.10953075226598274,-0.10953075226598269,0.03259286716619458,0.0918971754145288,-0.12449004258072327
poisson_leakfree,5,1208222,2025-01-06,wolves,nottmforest,0,0.4570052596230155,,,,,,,
poisson_leakfree,5,1208229,2025-01-14,westham,fulham,1,0.539387977788735,1.72,2.2,-0.021836512007183395,0.02183651200718334,0.03594080338266381,-0.042007371048474296,0.0060665676658104295
poisson_leakfree,5,1208230,2025-01-14,chelsea,bournemouth,1,0.8039698122234197,1.56,2.55,0.1835318560190401,-0.1835318560190402,0.03318250377073895,0.1629441711977787,-0.19612667496851777
poisson_leakfree,5,1208224,2025-01-14,brentford,mancity,1,0.6321912657515002,1.51,2.69,-0.008284924724690224,0.008284924724690279,0.03399886752504999,-0.030060389877638927,-0.0039384776474110095
poisson_leakfree,5,1208228,2025-01-14,nottmforest,liverpool,1,0.6495241689071957,,,,,,,
poisson_leakfree,5,1208231,2025-01-15,newcastle,wolves,0,0.5739740437296046,1.76,2.15,0.024101920967456225,-0.024101920967456225,0.03329809725158572,0.005792225547786356,-0.039090322799372024
poisson_leakfree,5,1208225,2025-01-15,everton,astonvilla,0,0.4701840384692355,,,,,,,
poisson_leakfree,5,1208227,2025-01-15,leicester,crystalpalace,0,0.44456829243009827,,,,,,,
poisson_leakfree,5,1208223,2025-01-15,arsenal,tottenham,1,0.688841765631003,1.8,2.09,0.1515667013636508,-0.1515667013636508,0.034024455077086735,0.1332862100754474,-0.16731066515253412
poisson_leakfree,5,1208226,2025-01-16,ipswich,brighton,0,0.49560812055628,1.67,2.3,-0.0837369676049291,0.08373696760492899,0.033585003905233,-0.10319427465330089,0.06960927074806778
poisson_leakfree,5,1208232,2025-01-16,manutd,southampton,1,0.3877707976334008,2.03,1.83,-0.08632246661530396,0.08632246661530385,0.03905892487011764,-0.10484003980502293,0.06578111493490524
poisson_leakfree,5,1208240,2025-01-18,newcastle,bournemouth,1,0.7761716458548555,1.59,2.46,0.16876423844744826,-0.1687642384474481,0.03543488265071337,0.14724082824479268,-0.18267571089550594
poisson_leakfree,5,1208238,2025-01-18,leicester,fulham,0,0.44036232887379423,1.78,2.11,-0.10205412356836518,0.10205412356836518,0.03573140209808834,-0.12143542393519458,0.08570402183710624
poisson_leakfree,5,1208242,2025-01-18,westham,crystalpalace,0,0.5947052869047373,,,,,,,
poisson_leakfree,5,1208234,2025-01-18,brentford,liverpool,0,0.7589214685817117,1.5,2.73,0.11353139765972586,-0.11353139765972592,0.03296703296703285,0.09225480191504509,-0.125221834882078
poisson_leakfree,5,1208233,2025-01-18,arsenal,astonvilla,1,0.6814318621758029,,,,,,,
poisson_leakfree,5,1208239,2025-01-19,manutd,brighton,1,0.5350688883144326,1.65,2.34,-0.051397277099101246,0.0513972770991013,0.033411033411033575,-0.07099171774617352,0.03758068433514006
poisson_leakfree,5,1208236,2025-01-19,everton,tottenham,1,0.4493480770587907,1.7,2.23,-0.11808194838650193,0.11808194838650188,0.03666578739118975,-0.13888721705885637,0.10222142966766662
poisson_leakfree,5,1208241,2025-01-19,nottmforest,southampton,1,0.41658901304248785,,,,,,,
poisson_leakfree,5,1208237,2025-01-19,ipswich,mancity,0,0.49177439903032677,1.79,2.1,-0.04807135932442902,0.048071359324429075,0.0348496940675711,-0.06688481884676817,0.03203512477919712
poisson_leakfree,5,1208235,2025-01-20,chelsea,wolves,1,0.6059030698655551,1.6,2.45,0.0009647982606167949,-0.0009647982606167949,0.03316326530612246,-0.01909693013444491,-0.014066335171677491
poisson_leakfree,5,1208243,2025-01-25,bournemouth,nottmforest,0,0.6558118188409747,,,,,,,
poisson_leakfree,5,1208252,2025-01-25,wolves,arsenal,0,0.5628964077313203,2.02,1.86,0.08351496443235124,-0.08351496443235129,0.03268391355264555,0.06784690278082528,-0.10053081633347083
poisson_leakfree,5,1208248,2025-01-25,liverpool,ipswich,1,0.5430086261787141,2.14,1.75,0.09313716088308432,-0.09313716088308432,0.03871829105473967,0.07571890655254593,-0.11443719760728555
poisson_leakfree,5,1208250,2025-01-25,southampton,newcastle,1,0.5132624397934834,1.65,2.35,-0.07423756020651662,0.07423756020651662,0.03159252095422316,-0.09279816626712267,0.06120564531289957
poisson_leakfree,5,1208245,2025-01-25,brighton,everton,0,0.4465749285873372,1.92,1.95,-0.05730104040491085,0.0573010404049108,0.033653846153846256,-0.07425840474599615,0.04060455859214984
poisson_leakfree,5,1208249,2025-01-25,mancity,chelsea,1,0.7395856165099609,1.41,3.08,0.05361679691085164,-0.053616796910851805,0.033895182831352955,0.030365758353932515,-0.06426094118528558
poisson_leakfree,5,1208251,2025-01-26,tottenham,leicester,1,0.4485362346470863,1.47,2.84,-0.21039647997008298,0.2103964799700831,0.03238478489987551,-0.23173587419645109,0.1993510892965757
poisson_leakfree,5,1208246,2025-01-26,crystalpalace,brentford,1,0.6264498505713564,,,,,,,
poisson_leakfree,5,1208244,2025-01-26,astonvilla,westham,1,0.5617875789490819,,,,,,,
poisson_leakfree,5,1208247,2025-01-26,fulham,manutd,0,0.5718217962209078,1.66,2.31,-0.010042183627958834,0.010042183627958667,0.035310071454649705,-0.030587842333309134,-0.004722229121340682
poisson_leakfree,5,1208260,2025-02-01,newcastle,fulham,1,0.647001287515694,1.68,2.27,0.07231774321189655,-0.07231774321189649,0.035766729599328695,0.051763192277598735,-0.08752992187692743
poisson_leakfree,5,1208253,2025-02-01,bournemouth,liverpool,0,0.8278635161745526,1.49,2.77,0.17762877439051505,-0.17762877439051494,0.03215176992222535,0.1567225765772371,-0.18887434649946233
poisson_leakfree,5,1208261,2025-02-01,nottmforest,brighton,0,0.5090708208206568,,,,,,,
poisson_leakfree,5,1208262,2025-02-01,wolves,astonvilla,0,0.4962259857866639,,,,,,,
poisson_leakfree,5,1208257,2025-02-01,everton,leicester,0,0.3595687394303491,2.07,1.81,-0.10692610593047563,0.10692610593047569,0.03557797528491746,-0.12352304800926445,0.08794507272434704
poisson_leakfree,5,1208258,2025-02-01,ipswich,southampton,1,0.3323021590572014,1.7,2.25,-0.2373180941073556,0.23731809410735555,0.03267973856209139,-0.2559331350604457,0.22325339649835418
poisson_leakfree,5,1208259,2025-02-02,manutd,crystalpalace,0,0.5740963517303825,,,,,,,
poisson_leakfree,5,1208255,2025-02-02,brentford,tottenham,0,0.5973649146479881,1.33,3.56,-0.13065144527021222,0.13065144527021227,0.03277857565261466,-0.15451478460013213,0.12173620894751747
poisson_leakfree,5,1208254,2025-02-02,arsenal,mancity,1,0.6873013113295885,1.61,2.41,0.08779882376739945,-0.08779882376739945,0.036055771758459754,0.0661832989072283,-0.10223907066568805
poisson_leakfree,5,1208256,2025-02-03,chelsea,westham,1,0.6696672887656193,1.67,2.27,0.09352515678592388,-0.09352515678592382,0.03933102957081447,0.07086489355603842,-0.11019592312685278
poisson_leakfree,5,1208166,2025-02-12,everton,liverpool,1,0.6174413781890506,1.93,1.94,0.11614938852496792,-0.11614938852496803,0.03359863255167994,0.09930666316314385,-0.1329052957148239
poisson_leakfree,5,1208264,2025-02-14,brighton,chelsea,0,0.6001505255261593,1.51,2.7,-0.041179640744624435,0.0411796407446246,0.032622025999509585,-0.062101130102979796,0.02947910410347032
poisson_leakfree,5,1208270,2025-02-15,southampton,bournemouth,1,0.47743969209469456,1.59,2.47,-0.13093469214175862,0.13093469214175857,0.0337891172052045,-0.1514911255153683,0.1177020083101637
poisson_leakfree,5,1208267,2025-02-15,leicester,arsenal,0,0.44861314048487344,2.24,1.7,0.017141059266599312,-0.017141059266599368,0.034663865546218364,0.0021845690563020437,-0.03684843460252052
poisson_leakfree,5,1208266,2025-02-15,fulham,nottmforest,1,0.5794925450646042,,,,,,,
poisson_leakfree,5,1208272,2025-02-15,westham,brentford,0,0.5508837797587521,1.49,2.75,-0.09770112590162527,0.09770112590162522,0.03477730323367911,-0.12025715983856333,0.08547985660488422
poisson_leakfree,5,1208263,2025-02-15,astonvilla,ipswich,1,0.41960437799926553,,,,,,,
poisson_leakfree,5,1208265,2025-02-15,crystalpalace,everton,1,0.5192097129059855,,,,,,,
poisson_leakfree,5,1208269,2025-02-15,mancity,newcastle,0,0.7225241111580671,1.41,3.08,0.03655529155895787,-0.036555291558958036,0.033895182831352955,0.013304253002038746,-0.04719943583339181
poisson_leakfree,5,1208268,2025-02-16,liverpool,wolves,1,0.6441752846855066,1.94,1.91,0.1480713885816104,-0.1480713885816104,0.03902412694985702,0.1287113671597333,-0.16773549410959032
poisson_leakfree,5,1208271,2025-02-16,tottenham,manutd,0,0.5880243328511604,1.49,2.76,-0.06138743185472184,0.06138743185472195,0.03345978017702578,-0.08311660674615506,0.0496568265691294
poisson_leakfree,5,1208305,2025-02-19,astonvilla,liverpool,1,0.6380486277854905,,,,,,,
poisson_leakfree,5,1208279,2025-02-21,leicester,brentford,0,0.4204601353024201,1.54,2.59,-0.2066585087653764,0.20665850876537656,0.03545103545103556,-0.22889051404822924,0.1934394785971938
poisson_leakfree,5,1208273,2025-02-22,bournemouth,wolves,0,0.5666213506529938,1.74,2.18,0.01049890167340195,-0.010498901673402006,0.03342824000843603,-0.00809129302516709,-0.025336946983268993
poisson_leakfree,5,1208277,2025-02-22,fulham,crystalpalace,0,0.6325592758646275,,,,,,,
poisson_leakfree,5,1208282,2025-02-22,southampton,brighton,0,0.40362006832567904,1.64,2.36,-0.18637993167432093,0.186379931674321,0.03348491112029772,-0.20613602923529656,0.17265111811499895
poisson_leakfree,5,1208274,2025-02-22,arsenal,westham,0,0.5291064464594321,2.41,1.61,0.1286089340216211,-0.1286089340216211,0.036055771758459754,0.1141686871233325,-0.15022445888179226
poisson_leakfree,5,1208276,2025-02-22,everton,manutd,1,0.5253991134453555,1.96,1.91,0.031859061765768915,-0.031859061765768915,0.03376429105673684,0.01519503181270243,-0.04895932286943927
poisson_leakfree,5,1208278,2025-02-22,ipswich,tottenham,1,0.42864607915687797,1.48,2.79,-0.2247497053864475,0.2247497053864475,0.03409861474377607,-0.2470295965187977,0.21293098177502162
poisson_leakfree,5,1208275,2025-02-22,astonvilla,chelsea,1,0.5761476220395818,,,,,,,
poisson_leakfree,5,1208281,2025-02-23,newcastle,nottmforest,1,0.6666259249641172,,,,,,,
poisson_leakfree,5,1208280,2025-02-23,mancity,liverpool,0,0.7412305154010781,1.5,2.74,0.09500410030673856,-0.09500410030673845,0.031630170316301776,0.07456384873441146,-0.10619401905071313
poisson_leakfree,5,1208288,2025-02-25,wolves,fulham,1,0.5524589193549228,1.88,2.0,0.03699500182914961,-0.036995001829149554,0.03191489361702127,0.020544025737901483,-0.05245891935492275
poisson_leakfree,5,1208284,2025-02-25,brighton,bournemouth,1,0.6076082616632821,1.55,2.56,-0.0152627845654284,0.015262784565428344,0.035786290322580516,-0.03755302865929855,0.0017667383367179212
poisson_leakfree,5,1208289,2025-02-25,crystalpalace,astonvilla,1,0.5572860144156939,,,,,,,
poisson_leakfree,5,1208290,2025-02-25,chelsea,southampton,0,0.4552540019485992,1.92,1.93,-0.046044699350102025,0.046044699350102136,0.03896804835924028,-0.06557933138473415,0.02661128302549398
poisson_leakfree,5,1208292,2025-02-26,manutd,ipswich,1,0.41263355014096953,1.7,2.25,-0.15698670302358747,0.15698670302358747,0.03267973856209139,-0.17560174397667755,0.1429220054145861
poisson_leakfree,5,1208283,2025-02-26,brentford,everton,1,0.5755814367906955,1.67,2.3,-0.0037636513705135988,0.0037636513705134877,0.033585003905233,-0.023220958418885385,-0.010364045486347728
poisson_leakfree,5,1208291,2025-02-26,liverpool,newcastle,0,0.755726694513547,1.72,2.2,0.19450220471762858,-0.19450220471762864,0.03594080338266381,0.17433134567633768,-0.21027214905900155
poisson_leakfree,5,1208285,2025-02-26,nottmforest,arsenal,0,0.5945507891321788,,,,,,,
poisson_leakfree,5,1208286,2025-02-26,tottenham,mancity,0,0.6006009088728175,1.38,3.22,-0.09939909112718259,0.09939909112718254,0.035196687370600444,-0.12403677228660293,0.08884008491600243
poisson_leakfree,5,1208287,2025-02-27,westham,leicester,0,0.3472635809837042,1.83,2.05,-0.18108693448021335,0.1810869344802133,0.03425296548047441,-0.19918450644798974,0.16493154096751533
poisson_leakfree,6,1208297,2025-03-08,liverpool,southampton,1,0.4934406102439902,2.15,1.75,0.044722661526041485,-0.04472266152604154,0.03654485049833878,0.028324331174222783,-0.06486918167256162
poisson_leakfree,6,1208294,2025-03-08,brighton,fulham,1,0.6334399276333103,1.73,2.19,0.07476645824555517,-0.07476645824555511,0.03465568664713503,0.05540524555238535,-0.09006093219952033
poisson_leakfree,6,1208299,2025-03-08,nottmforest,mancity,0,0.6353677777589852,,,,,,,
poisson_leakfree,6,1208302,2025-03-08,wolves,everton,1,0.5295181701566222,2.13,1.78,0.07427520340470406,-0.07427520340470395,0.03128132088410629,0.060034602081504795,-0.09131592296561097
poisson_leakfree,6,1208296,2025-03-08,crystalpalace,ipswich,0,0.497703708419837,,,,,,,
poisson_leakfree,6,1208293,2025-03-08,brentford,astonvilla,0,0.5911847263810641,,,,,,,
poisson_leakfree,6,1208300,2025-03-09,tottenham,bournemouth,1,0.5730172749641294,1.43,2.99,-0.1034533132711648,0.1034533132711648,0.033748859835816436,-0.12628342433657003,0.09253456450075359
poisson_leakfree,6,1208295,2025-03-09,chelsea,leicester,0,0.43596811328812524,2.04,1.83,-0.03690010376613834,0.03690010376613839,0.03664416586306651,-0.05422796514324729,0.017583799280180834
poisson_leakfree,6,1208298,2025-03-09,manutd,arsenal,1,0.49307545907753325,2.02,1.85,0.015039283366938827,-0.015039283366938938,0.035590045491035394,-0.001974045872961794,-0.03361599961807371
poisson_leakfree,6,1208301,2025-03-10,westham,newcastle,0,0.5357371622862468,1.68,2.27,-0.03894638201755063,0.038946382017550685,0.035766729599328695,-0.05950093295184844,0.023734203352519745
poisson_leakfree,6,1208308,2025-03-15,ipswich,nottmforest,1,0.48461576211219953,,,,,,,
poisson_leakfree,6,1208303,2025-03-15,bournemouth,brentford,1,0.6530502399670688,1.51,2.69,0.01257404949087837,-0.012574049490878314,0.03399886752504999,-0.009201415662070334,-0.024797451862979603
poisson_leakfree,6,1208306,2025-03-15,everton,westham,1,0.45555431206010716,2.03,1.85,-0.021249811651233075,0.021249811651233186,0.03315137797896428,-0.03705652537831655,0.0039051473993524377
poisson_leakfree,6,1208310,2025-03-15,mancity,brighton,1,0.6627057959589358,1.5,2.74,0.016479380864596216,-0.016479380864596105,0.031630170316301776,-0.003960870707730879,-0.027669299608570785
poisson_leakfree,6,1208312,2025-03-15,southampton,wolves,1,0.37765877142896837,1.77,2.13,-0.16849507472487785,0.16849507472487785,0.034455319487546765,-0.18731297998346103,0.15285766049591432
poisson_leakfree,6,1208307,2025-03-16,fulham,tottenham,0,0.5751112091290268,1.66,2.32,-0.007803363735294888,0.007803363735294777,0.03344412131283758,-0.02729842942519012,-0.00614569188764752
poisson_leakfree,6,1208304,2025-03-16,arsenal,chelsea,0,0.6191784193768327,2.04,1.84,0.1449516152531214,-0.1449516152531214,0.03367433930093777,0.12898234094546018,-0.1626566802463979
poisson_leakfree,6,1208309,2025-03-16,leicester,manutd,0,0.3565288732724851,1.81,2.07,-0.17697628136669014,0.17697628136669008,0.03557797528491746,-0.19595731457281879,0.16037933928790127
poisson_leakfree,6,1208317,2025-04-01,wolves,westham,0,0.4462034456449208,2.01,1.86,-0.03441670939383895,0.034416709393838785,0.035146846413095734,-0.051308992166024525,0.016162145752928625
poisson_leakfree,6,1208314,2025-04-01,arsenal,fulham,1,0.5267583004253963,2.18,1.74,0.08288074940498807,-0.08288074940498813,0.03342824000843603,0.06804270409512109,-0.10147094410355717
poisson_leakfree,6,1208316,2025-04-01,nottmforest,manutd,0,0.527936007851228,,,,,,,
poisson_leakfree,6,1208320,2025-04-02,newcastle,brentford,1,0.6596038962306929,1.55,2.56,0.03673285000198245,-0.03673285000198251,0.035786290322580516,0.014442605908112305,-0.05022889623069293
poisson_leakfree,6,1208313,2025-04-02,bournemouth,ipswich,1,0.4804221073263727,1.93,1.94,-0.020869882337710033,0.020869882337709922,0.03359863255167994,-0.037712607699534106,0.004113975147854054
poisson_leakfree,6,1208321,2025-04-02,southampton,crystalpalace,1,0.4743311630430827,,,,,,,
poisson_leakfree,6,1208319,2025-04-02,mancity,leicester,0,0.4080793293344403,1.91,1.94,-0.09581677456166354,0.0958167745616636,0.03902412694985702,-0.11548088008964347,0.0764567531397865
poisson_leakfree,6,1208315,2025-04-02,brighton,astonvilla,0,0.582044954991007,,,,,,,
poisson_leakfree,6,1208322,2025-04-02,liverpool,everton,0,0.6632417327566293,1.96,1.91,0.16970168107704275,-0.16970168107704275,0.03376429105673684,0.15303765112397627,-0.1868019421807131
poisson_leakfree,6,1208318,2025-04-03,chelsea,tottenham,0,0.5947275052753042,1.52,2.67,-0.04250399830464813,0.04250399830464813,0.032426572048097846,-0.06316723156680115,0.030740659518703306
poisson_leakfree,6,1208326,2025-04-05,everton,arsenal,1,0.5422536568083425,2.17,1.75,0.09582508537977102,-0.09582508537977108,0.032258064516129004,0.08142416372078487,-0.11368222823691387
poisson_leakfree,6,1208332,2025-04-05,westham,bournemouth,1,0.49718966350196,1.68,2.28,-0.07856791225561571,0.07856791225561588,0.03383458646616555,-0.09804843173613526,0.06421384526996987
poisson_leakfree,6,1208325,2025-04-05,crystalpalace,brighton,1,0.6962361289637903,,,,,,,
poisson_leakfree,6,1208328,2025-04-05,ipswich,wolves,1,0.41159030409103264,1.98,1.88,-0.07545632803331964,0.0754563280333197,0.03696539866752646,-0.09346020095947244,0.056494802291946034
poisson_leakfree,6,1208323,2025-04-05,astonvilla,nottmforest,1,0.48851822524664174,,,,,,,
poisson_leakfree,6,1208327,2025-04-06,fulham,liverpool,1,0.6413646115222444,1.72,2.2,0.08014012172632601,-0.08014012172632606,0.03594080338266381,0.05996926268503511,-0.09591006606769897
poisson_leakfree,6,1208331,2025-04-06,tottenham,southampton,1,0.3933778431873561,1.68,2.27,-0.18130570111644134,0.18130570111644145,0.035766729599328695,-0.20186025205073915,0.1660935224514105
poisson_leakfree,6,1208324,2025-04-06,brentford,chelsea,0,0.6398105037908618,1.53,2.64,0.0067169786110056195,-0.006716978611005675,0.03238265002970886,-0.01378426745096828,-0.01859838257874058
poisson_leakfree,6,1208330,2025-04-06,manutd,mancity,0,0.6029406437821463,1.56,2.55,-0.01749731242223329,0.01749731242223318,0.03318250377073895,-0.03808499724349468,0.00490249347275562
poisson_leakfree,6,1208329,2025-04-07,leicester,newcastle,0,0.37424606483352185,1.9,1.97,-0.1347978628150569,0.134797862815057,0.0339300026716538,-0.15206972464016233,0.11813972196850864
poisson_leakfree,6,1208338,2025-04-12,mancity,crystalpalace,1,0.6826870737920061,,,,,,,
poisson_leakfree,6,1208341,2025-04-12,southampton,astonvilla,0,0.39690459909777226,,,,,,,
poisson_leakfree,6,1208335,2025-04-12,brighton,leicester,1,0.33158497893453076,2.0,1.88,-0.15295110353969604,0.1529511035396961,0.03191489361702127,-0.16841502106546924,0.13650012744844797
poisson_leakfree,6,1208340,2025-04-12,nottmforest,everton,0,0.5275826465801828,,,,,,,
poisson_leakfree,6,1208334,2025-04-12,arsenal,brentford,1,0.5469925236653462,1.79,2.1,0.007146765310590442,-0.007146765310590442,0.0348496940675711,-0.011666694211748707,-0.023182999855822395
poisson_leakfree,6,1208342,2025-04-13,wolves,tottenham,1,0.5440146748036757,1.62,2.39,-0.05199530025866839,0.05199530025866844,0.03569399245828819,-0.0732692758136082,0.03757528335532012
poisson_leakfree,6,1208337,2025-04-13,liverpool,westham,1,0.5223200240254604,1.99,1.87,0.03786406547623761,-0.03786406547623755,0.03727192110284028,0.0198074612113901,-0.057079382314230376
poisson_leakfree,6,1208336,2025-04-13,chelsea,ipswich,1,0.4929354087280517,2.11,1.77,0.03674984171774248,-0.036749841717742426,0.038905400701529036,0.01900175943895216,-0.05790716014048114
poisson_leakfree,6,1208339,2025-04-13,newcastle,manutd,1,0.5182838260700602,1.75,2.17,-0.03528760250136842,0.035287602501368365,0.032258064516129004,-0.053144745358511214,0.02088668084238221
poisson_leakfree,6,1208333,2025-04-14,bournemouth,fulham,0,0.5695352587095953,1.7,2.24,0.0010073399278693884,-0.001007339927869444,0.034663865546218364,-0.018700035408051763,-0.015963830138166712
poisson_leakfree,6,1208311,2025-04-16,newcastle,crystalpalace,0,0.683514696368396,,,,,,,
poisson_leakfree,6,1208346,2025-04-19,everton,mancity,0,0.5998764662841827,1.74,2.18,0.04375401730459083,-0.043754017304590886,0.03342824000843603,0.02516382260602179,-0.058592062614457874
poisson_leakfree,6,1208352,2025-04-19,westham,southampton,1,0.3329694214279047,1.7,2.24,-0.23555849735382123,0.23555849735382123,0.034663865546218364,-0.2552658726897424,0.22060200714352396
poisson_leakfree,6,1208345,2025-04-19,crystalpalace,bournemouth,0,0.6829651274013474,,,,,,,
poisson_leakfree,6,1208344,2025-04-19,brentford,brighton,1,0.615416874618723,1.53,2.63,-0.01679466384281547,0.01679466384281547,0.03382290812395938,-0.03817789662310711,0.004354988499147727
poisson_leakfree,6,1208343,2025-04-19,astonvilla,newcastle,1,0.6495141804931998,,,,,,,
poisson_leakfree,6,1208350,2025-04-20,manutd,wolves,0,0.4730607176545356,1.73,2.2,-0.08673572000449747,0.08673572000449747,0.032580136626379375,-0.10497396442638929,0.07239382780000986
poisson_leakfree,6,1208347,2025-04-20,fulham,chelsea,1,0.5265378245300547,1.66,2.32,-0.05637674833426698,0.05637674833426687,0.03344412131283758,-0.07587181402416221,0.04242769271132457
poisson_leakfree,6,1208348,2025-04-20,ipswich,arsenal,0,0.45957386641403825,2.05,1.83,-0.01207561812204433,0.012075618122044163,0.03425296548047441,-0.028231011634742287,-0.006021953845732231
poisson_leakfree,6,1208349,2025-04-20,leicester,liverpool,0,0.3921152683888994,1.88,1.98,-0.12083809948674823,0.1208380994867484,0.03696539866752646,-0.1397996252281219,0.1028342265605956
poisson_leakfree,6,1208351,2025-04-21,tottenham,nottmforest,1,0.5293851638178496,,,,,,,
poisson_leakfree,6,1208358,2025-04-22,mancity,astonvilla,1,0.6645919000718776,,,,,,,
poisson_leakfree,6,1208354,2025-04-23,arsenal,crystalpalace,1,0.6523731988672994,,,,,,,
poisson_leakfree,6,1208356,2025-04-26,chelsea,everton,0,0.5292317920840317,1.88,1.99,0.015019905779122156,-0.0150199057791221,0.034427456431091574,-0.0026831015329895624,-0.03174435489810201
poisson_leakfree,6,1208359,2025-04-26,newcastle,ipswich,0,0.48230233288884405,2.11,1.77,0.026116765878534842,-0.02611676587853473,0.038905400701529036,0.00836868359974452,-0.047274084301273445
poisson_leakfree,6,1208362,2025-04-26,wolves,leicester,0,0.29602902781923696,1.88,1.99,-0.2181828584856726,0.2181828584856726,0.034427456431091574,-0.2358858657977843,0.20145840936669268
poisson_leakfree,6,1208361,2025-04-26,southampton,fulham,1,0.3245680255689673,1.79,2.11,-0.2164576154566737,0.2164576154566737,0.03259286716619458,-0.23409119230812764,0.2014983251419331
poisson_leakfree,6,1208355,2025-04-26,brighton,westham,1,0.5555589132424528,1.66,2.32,-0.027355659621868922,0.02735565962186881,0.03344412131283758,-0.04685072531176415,0.013406603998926514
poisson_leakfree,6,1208353,2025-04-27,bournemouth,manutd,1,0.5075917217606435,1.63,2.38,-0.08592448771566574,0.08592448771566574,0.03366499974222825,-0.10590521075469395,0.07224021101246575
poisson_leakfree,6,1208357,2025-04-27,liverpool,tottenham,1,0.6671714790907821,1.75,2.14,0.11704294438641194,-0.11704294438641194,0.03871829105473967,0.09574290766221072,-0.13446119871695034
poisson_leakfree,6,1208360,2025-05-01,nottmforest,brentford,0,0.5015291733987289,,,,,,,
poisson_leakfree,7,1208371,2025-05-02,mancity,wolves,0,0.6242837072939623,1.88,2.0,0.10881978976818918,-0.10881978976818912,0.03191489361702127,0.09236881367694105,-0.12428370729396232
poisson_leakfree,7,1208364,2025-05-03,astonvilla,fulham,0,0.5726372375876786,,,,,,,
poisson_leakfree,7,1208369,2025-05-03,everton,ipswich,1,0.37434137425894853,1.96,1.91,-0.11919867742063806,0.11919867742063806,0.03376429105673684,-0.13586270737370454,0.1020984163169677
poisson_leakfree,7,1208370,2025-05-03,leicester,southampton,0,0.21008069471805027,1.65,2.35,-0.3774193052819498,0.3774193052819498,0.03159252095422316,-0.39597991134255583,0.36438739038833273
poisson_leakfree,7,1208363,2025-05-03,arsenal,bournemouth,1,0.5797028977675707,1.73,2.19,0.021029428379815585,-0.02102942837981553,0.03465568664713503,0.0016682156866457687,-0.036323902333780744
poisson_leakfree,7,1208372,2025-05-04,westham,tottenham,1,0.5080469010365166,1.55,2.58,-0.1166504355252268,0.11665043552522669,0.03275818954738674,-0.137114389286064,0.10435619973867721
poisson_leakfree,7,1208366,2025-05-04,brighton,newcastle,1,0.7105498559839131,1.51,2.7,0.0692196897131293,-0.06921968971312914,0.032622025999509585,0.048298200354773946,-0.08092022635428342
poisson_leakfree,7,1208365,2025-05-04,brentford,manutd,1,0.5061795144561553,1.61,2.41,-0.09332297310603377,0.09332297310603377,0.036055771758459754,-0.11493849796620492,0.07888272620774517
poisson_leakfree,7,1208367,2025-05-04,chelsea,liverpool,1,0.6514099951382671,1.49,2.77,0.0011752533542296328,-0.0011752533542295218,0.03215176992222535,-0.019730944459048327,-0.01242082546317691
poisson_leakfree,7,1208368,2025-05-05,crystalpalace,nottmforest,1,0.4862758698560384,,,,,,,
poisson_leakfree,7,1208374,2025-05-10,fulham,everton,1,0.41792068451075715,1.95,1.92,-0.07820334649699479,0.07820334649699479,0.033653846153846256,-0.09489982830975574,0.061245982155909484
poisson_leakfree,7,1208382,2025-05-10,wolves,brighton,0,0.6307134139736551,1.74,2.18,0.07459096499406326,-0.07459096499406331,0.03342824000843603,0.05600077029549422,-0.0894290103039303
poisson_leakfree,7,1208380,2025-05-10,southampton,mancity,0,0.36733767509666365,2.02,1.84,-0.10934626272717057,0.10934626272717052,0.038527765820060234,-0.1277118298538314,0.0891840640337711
poisson_leakfree,7,1208375,2025-05-10,ipswich,brentford,0,0.4354355060216595,1.56,2.55,-0.1850024501827201,0.18500245018272,0.03318250377073895,-0.2055901350039815,0.17240763123324243
poisson_leakfree,7,1208373,2025-05-10,bournemouth,astonvilla,0,0.6067339954429998,,,,,,,
poisson_leakfree,7,1208378,2025-05-11,newcastle,chelsea,0,0.6830140946261195,1.52,2.67,0.04578259104616722,-0.04578259104616722,0.032426572048097846,0.025119357784014196,-0.05754592983211204
poisson_leakfree,7,1208377,2025-05-11,manutd,westham,0,0.456021512463334,1.65,2.34,-0.1304446529501998,0.13044465295019986,0.033411033411033575,-0.15003909359727208,0.11662806018623861
poisson_leakfree,7,1208381,2025-05-11,tottenham,crystalpalace,0,0.6351423862313952,,,,,,,
poisson_leakfree,7,1208379,2025-05-11,nottmforest,leicester,1,0.29806012522210534,,,,,,,
poisson_leakfree,7,1208376,2025-05-11,liverpool,arsenal,1,0.6651269183669246,1.57,2.51,0.04993083993555203,-0.04993083993555214,0.03534904966122765,0.028184243207688975,-0.06353329286891668
poisson_leakfree,7,1208384,2025-05-16,astonvilla,tottenham,0,0.592026691713712,,,,,,,
poisson_leakfree,7,1208387,2025-05-16,chelsea,manutd,0,0.5815407199540449,1.69,2.25,0.010474730106329155,-0.0104747301063291,0.0361604207758055,-0.010175256377316089,-0.025985164398489302
poisson_leakfree,7,1208389,2025-05-18,everton,southampton,0,0.2910478074905031,2.08,1.81,-0.17424782232954833,0.17424782232954827,0.033255418614534626,-0.18972142327872765,0.15646600466419303
poisson_leakfree,7,1208390,2025-05-18,leicester,ipswich,0,0.3005723641265021,1.62,2.39,-0.295437610935842,0.29543761093584203,0.03569399245828819,-0.3167115864907818,0.2810175940324937
poisson_leakfree,7,1208383,2025-05-18,arsenal,newcastle,0,0.6609775820959701,1.72,2.2,0.0997530923000517,-0.09975309230005175,0.03594080338266381,0.07958223325876079,-0.11552303664142466
poisson_leakfree,7,1208385,2025-05-18,brentford,fulham,1,0.49243789683150635,1.58,2.5,-0.12030720120770927,0.12030720120770927,0.032911392405063244,-0.14047349557355687,0.10756210316849357
poisson_leakfree,7,1208392,2025-05-18,westham,nottmforest,1,0.3861502751069822,,,,,,,
poisson_leakfree,7,1208386,2025-05-19,brighton,liverpool,1,0.6979120723707359,1.45,2.89,0.03201345485921514,-0.03201345485921514,0.03567593365946786,0.008256899956942787,-0.04393283361641065
poisson_leakfree,7,1208391,2025-05-20,mancity,bournemouth,1,0.6094919968402202,1.79,2.1,0.06964623848546436,-0.06964623848546436,0.0348496940675711,0.050832778963125214,-0.08568247303069632
poisson_leakfree,7,1208388,2025-05-20,crystalpalace,wolves,1,0.6220680477617465,,,,,,,
poisson_leakfree,7,1208393,2025-05-25,bournemouth,leicester,0,0.4053425026198074,1.71,2.23,-0.1606473450959286,0.1606473450959286,0.03322581491096943,-0.17945281901761945,0.14622700410664996
poisson_leakfree,7,1208397,2025-05-25,manutd,astonvilla,0,0.595123985197418,,,,,,,
poisson_leakfree,7,1208402,2025-05-25,wolves,brentford,1,0.5568746481657538,1.46,2.87,-0.10594290379729476,0.10594290379729465,0.03336356259844386,-0.1280568586835612,0.09469329608511728
poisson_leakfree,7,1208398,2025-05-25,newcastle,everton,0,0.5747583421002742,2.13,1.76,0.12231618271724082,-0.12231618271724076,0.03766538625693561,0.10527477402515684,-0.14294016028209244
poisson_leakfree,7,1208394,2025-05-25,fulham,mancity,0,0.5074773904685715,1.69,2.25,-0.06358859937914418,0.06358859937914424,0.0361604207758055,-0.08423858586278943,0.04807816508698404
poisson_leakfree,7,1208401,2025-05-25,tottenham,brighton,1,0.5643350242299782,1.45,2.89,-0.10156359328154263,0.10156359328154263,0.03567593365946786,-0.12532014818381498,0.08964421452434712
poisson_leakfree,7,1208395,2025-05-25,ipswich,westham,1,0.37893308090152056,1.56,2.53,-0.239648826188944,0.2396488261889439,0.03628255802168834,-0.2620925601241204,0.22581000210243196
poisson_leakfree,7,1208399,2025-05-25,nottmforest,chelsea,0,0.4645567369430537,,,,,,,
poisson_leakfree,7,1208396,2025-05-25,liverpool,crystalpalace,1,0.7375786285970835,,,,,,,
poisson_leakfree,7,1208400,2025-05-25,southampton,arsenal,1,0.3886166703028662,1.88,1.97,-0.12307164138544557,0.12307164138544552,0.03952910681499078,-0.1432982233141551,0.10376911649916432
poisson_leakfree,8,1378991,2025-08-30,chelsea,fulham,0,0.52117423386739,1.83,2.03,-0.004732501883905282,0.004732501883905227,0.03905892487011764,-0.025273853564303894,-0.013785071305813745
poisson_leakfree,8,1378994,2025-08-30,manutd,burnley,1,0.5669406141317578,1.83,2.04,0.03980883118602141,-0.039808831186021354,0.03664416586306651,0.02049252670006385,-0.05713669256313031
poisson_leakfree,8,1378998,2025-08-30,wolves,everton,1,0.4871368191009941,2.08,1.79,0.024604519359392063,-0.02460451935939212,0.039428448646325664,0.006367588331763374,-0.045796036978089094
poisson_leakfree,8,1378997,2025-08-30,tottenham,bournemouth,0,0.535587209449022,1.61,2.37,-0.059890177485651286,0.05989017748565134,0.04305894069240246,-0.08553080297333815,0.0424718622809358
poisson_leakfree,8,1378996,2025-08-30,sunderland,brentford,1,0.42582022508402484,1.85,2.01,-0.09490516351701139,0.09490516351701134,0.0380529783514858,-0.11472031545651562,0.07666733710502982
poisson_leakfree,8,1378992,2025-08-30,leeds,newcastle,0,0.5525165141742269,1.85,2.01,0.03179112557319064,-0.03179112557319069,0.0380529783514858,0.01197597363368641,-0.05002895198517221
poisson_leakfree,8,1378990,2025-08-31,brighton,mancity,1,0.7063691782534702,1.52,2.6,0.07530121708842163,-0.07530121708842163,0.04251012145748989,0.04847444141136492,-0.09098456286885481
poisson_leakfree,8,1378995,2025-08-31,nottmforest,westham,0,0.4395683166526945,,,,,,,
poisson_leakfree,8,1378993,2025-08-31,liverpool,arsenal,0,0.7035734186615985,1.65,2.3,0.12129493764894028,-0.12129493764894028,0.040843214756258295,0.09751281260099243,-0.13835602735725072
poisson_leakfree,8,1378989,2025-08-31,astonvilla,crystalpalace,0,0.6389228287309355,,,,,,,
poisson_leakfree,8,1378999,2025-09-13,arsenal,nottmforest,0,0.5256504219444076,,,,,,,
poisson_leakfree,8,1379007,2025-09-13,newcastle,wolves,0,0.5048022654058368,2.11,1.77,0.048616698395527624,-0.04861669839552751,0.038905400701529036,0.030868616116737302,-0.06977401681826623
poisson_leakfree,8,1379000,2025-09-13,bournemouth,brighton,1,0.5946565385340375,1.49,2.67,-0.04717038454288558,0.04717038454288547,0.04567277480330789,-0.07648440106327792,0.030811626259969915
poisson_leakfree,8,1379005,2025-09-13,fulham,leeds,0,0.42483890452683615,1.9,1.96,-0.08293311619855248,0.08293311619855243,0.036519871106337254,-0.10147688494684803,0.06495701384051078
poisson_leakfree,8,1379004,2025-09-13,everton,astonvilla,0,0.5253670156855357,,,,,,,
poisson_leakfree,8,1379003,2025-09-13,crystalpalace,sunderland,0,0.5333945593835066,,,,,,,
poisson_leakfree,8,1379008,2025-09-13,westham,tottenham,0,0.4960753724186327,1.68,2.25,-0.07644371155083302,0.07644371155083296,0.03968253968253954,-0.09916272281946253,0.05948018313692294
poisson_leakfree,8,1379001,2025-09-13,brentford,chelsea,1,0.6463045864505906,1.73,2.16,0.09103466357141321,-0.09103466357141321,0.04099764504388781,0.06826990436966573,-0.10926754941355354
poisson_leakfree,8,1379002,2025-09-14,burnley,liverpool,0,0.5931759587924511,1.86,2.0,0.07504124376654442,-0.07504124376654436,0.037634408602150504,0.055541550190300604,-0.09317595879245111
poisson_leakfree,8,1379006,2025-09-14,mancity,manutd,0,0.7247670842641616,1.56,2.48,0.11090569812554785,-0.11090569812554774,0.04425144747725396,0.08374144323852062,-0.12799289071577452
poisson_leakfree,8,1379014,2025-09-20,liverpool,everton,1,0.6229480825654576,1.83,2.05,0.0945975671015401,-0.09459756710154021,0.03425296548047441,0.07649999513376371,-0.11075296061423817
poisson_leakfree,8,1379018,2025-09-20,wolves,leeds,1,0.355206788240805,1.95,1.92,-0.14091724276694695,0.14091724276694695,0.033653846153846256,-0.1576137245797079,0.12395987842586165
poisson_leakfree,8,1379012,2025-09-20,burnley,nottmforest,1,0.45050932040482056,,,,,,,
poisson_leakfree,8,1379017,2025-09-20,westham,crystalpalace,1,0.5621172926344127,,,,,,,
poisson_leakfree,8,1379011,2025-09-20,brighton,tottenham,1,0.5489355270462628,1.58,2.49,-0.062858084747349,0.062858084747349,0.034517818107874465,-0.08397586535880042,0.04945804725092601
poisson_leakfree,8,1379015,2025-09-20,manutd,chelsea,1,0.6713051586372809,1.52,2.65,0.035813551922652564,-0.035813551922652676,0.03525322740814296,0.013410421795175598,-0.04866364920331867
poisson_leakfree,8,1379013,2025-09-20,fulham,brentford,1,0.5480345517160825,1.85,2.03,0.024838675427422796,-0.02483867542742274,0.03315137797896428,0.007494011175542048,-0.04064538915450622
poisson_leakfree,8,1379009,2025-09-21,arsenal,mancity,1,0.6945974005830521,1.7,2.23,0.12716737513775944,-0.12716737513775944,0.03666578739118975,0.106362106465405,-0.1430278938565947
poisson_leakfree,8,1379010,2025-09-21,bournemouth,newcastle,0,0.5352664954094071,1.68,2.27,-0.03941704889439035,0.039417048894390405,0.035766729599328695,-0.05997159982868816,0.024204870229359465
poisson_leakfree,8,1379016,2025-09-21,sunderland,astonvilla,1,0.378174560425944,,,,,,,
poisson_leakfree,8,1379020,2025-09-27,brentford,manutd,1,0.6820475792376409,1.55,2.56,0.05917653300893044,-0.0591765330089305,0.035786290322580516,0.036886288915060295,-0.07267257923764092
poisson_leakfree,8,1379021,2025-09-27,chelsea,brighton,1,0.6221788354996124,1.61,2.42,0.021682557583979745,-0.021682557583979634,0.034341152918228035,0.0010608230772521932,-0.03540197599548017
poisson_leakfree,8,1379025,2025-09-27,mancity,burnley,1,0.5582041262909754,2.14,1.75,0.10833266099534555,-0.10833266099534555,0.03871829105473967,0.09091440666480716,-0.12963269771954677
poisson_leakfree,8,1379022,2025-09-27,crystalpalace,liverpool,1,0.7040480139348501,,,,,,,
poisson_leakfree,8,1379024,2025-09-27,leeds,bournemouth,1,0.3924110568378336,1.79,2.11,-0.14861458418780737,0.14861458418780743,0.03259286716619458,-0.16624816103926132,0.13365529387306685
poisson_leakfree,8,1379027,2025-09-27,nottmforest,sunderland,0,0.3909463370936863,,,,,,,
poisson_leakfree,8,1379028,2025-09-27,tottenham,wolves,1,0.4181411526978343,1.9,1.97,-0.09090277495074445,0.09090277495074461,0.0339300026716538,-0.10817463677584988,0.07424463410419624
poisson_leakfree,8,1379019,2025-09-28,astonvilla,fulham,1,0.4167329314133885,,,,,,,
poisson_leakfree,8,1379026,2025-09-28,newcastle,arsenal,1,0.5948166773272434,1.95,1.92,0.09869264631949148,-0.09869264631949148,0.033653846153846256,0.08199616450673053,-0.11565001066057679
poisson_leakfree,8,1379023,2025-09-29,everton,westham,1,0.4885167628162575,1.9,1.97,-0.020527164832321254,0.02052716483232142,0.0339300026716538,-0.03779902665742668,0.0038690239857730457
poisson_leakfree,8,1379031,2025-10-03,bournemouth,fulham,1,0.4440709536242504,1.91,1.96,-0.06238899469616299,0.06238899469616299,0.03376429105673684,-0.07948925579983335,0.04572496474309651
poisson_leakfree,8,1379035,2025-10-04,leeds,tottenham,1,0.4255498440487898,1.74,2.18,-0.13057260493080203,0.13057260493080197,0.03342824000843603,-0.14916279962937107,0.11573455962093498
poisson_leakfree,8,1379036,2025-10-04,manutd,sunderland,0,0.5462245898627013,1.78,2.12,0.002634846272957625,-0.0026348462729576805,0.03349586601653587,-0.015573162946287522,-0.017922703070248402
poisson_leakfree,8,1379029,2025-10-04,arsenal,westham,0,0.537942711782401,2.23,1.69,0.10682026280280926,-0.10682026280280921,0.040146469604903645,0.08951221850885843,-0.12965868811376202
poisson_leakfree,8,1379033,2025-10-04,chelsea,liverpool,1,0.6498090225766832,1.49,2.75,0.0012241169163057508,-0.0012241169163058063,0.03477730323367911,-0.021331917020632307,-0.013445386213046806
poisson_leakfree,8,1379037,2025-10-05,newcastle,nottmforest,0,0.4749450786480259,,,,,,,
poisson_leakfree,8,1379038,2025-10-05,wolves,brighton,1,0.4980947584672812,1.74,2.19,-0.05915714992966542,0.059157149929665254,0.031333648244370904,-0.0766178852108797,0.045284236966508684
poisson_leakfree,8,1379034,2025-10-05,everton,crystalpalace,1,0.6458442902585897,,,,,,,
poisson_leakfree,8,1379030,2025-10-05,astonvilla,burnley,1,0.3560430911794693,,,,,,,
poisson_leakfree,8,1379032,2025-10-05,brentford,mancity,0,0.6788577887559001,1.68,2.27,0.10417424445210266,-0.1041742444521026,0.035766729599328695,0.08361969351780485,-0.11938642311713354
poisson_leakfree,8,1379041,2025-10-18,crystalpalace,bournemouth,1,0.6011560043705205,,,,,,,
poisson_leakfree,8,1379044,2025-10-18,mancity,everton,0,0.6535375324436309,1.92,1.95,0.14966156345138282,-0.14966156345138282,0.033653846153846256,0.13270419911029752,-0.16635804526414377
poisson_leakfree,8,1379046,2025-10-18,sunderland,wolves,0,0.3816251258707535,2.02,1.85,-0.09641104983984095,0.09641104983984083,0.035590045491035394,-0.11342437907974157,0.07783433358870606
poisson_leakfree,8,1379045,2025-10-18,nottmforest,chelsea,0,0.5047883132121356,,,,,,,
poisson_leakfree,8,1379042,2025-10-18,fulham,arsenal,0,0.5336943882781553,2.12,1.78,0.0772841318678989,-0.07728413186789895,0.03349586601653587,0.061996275070608176,-0.0954921410871441
poisson_leakfree,8,1379039,2025-10-18,brighton,newcastle,1,0.6059940948223281,1.65,2.33,0.020566959143936248,-0.020566959143936137,0.03524515541682938,-6.651123827794425e-05,-0.03517864417855132
poisson_leakfree,8,1379040,2025-10-18,burnley,leeds,0,0.36489554741122154,2.03,1.85,-0.11190857630011869,0.11190857630011875,0.03315137797896428,-0.12771529002720217,0.094563912048238
poisson_leakfree,8,1379047,2025-10-19,tottenham,astonvilla,1,0.38766083746962393,,,,,,,
poisson_leakfree,8,1379043,2025-10-19,liverpool,manutd,1,0.7138419898280052,1.53,2.64,0.080748464648149,-0.08074846464814905,0.03238265002970886,0.0602472185861751,-0.09262986861588396
poisson_leakfree,8,1379048,2025-10-20,westham,brentford,0,0.49860837407265907,1.69,2.25,-0.07245761577505666,0.07245761577505677,0.0361604207758055,-0.0931076022587019,0.05694718148289657
poisson_leakfree,8,1379055,2025-10-24,leeds,westham,1,0.4380529506847936,1.9,1.97,-0.07099097696378515,0.0709909769637852,0.0339300026716538,-0.08826283878889057,0.05433283611723683
poisson_leakfree,8,1379057,2025-10-25,newcastle,fulham,1,0.4608214378988668,1.85,2.03,-0.0623744383897929,0.0623744383897929,0.03315137797896428,-0.07971910264167364,0.04656772466270942
poisson_leakfree,8,1379053,2025-10-25,chelsea,sunderland,1,0.46872835111877975,2.02,1.86,-0.010653092180189339,0.010653092180189283,0.03268391355264555,-0.026321153831715294,-0.0063627597209302555
poisson_leakfree,8,1379056,2025-10-25,manutd,brighton,1,0.6858563135864183,1.5,2.74,0.03962989849207876,-0.03962989849207865,0.031630170316301776,0.01918964691975167,-0.05081981723605333
poisson_leakfree,8,1379052,2025-10-25,brentford,liverpool,1,0.6566311986333124,1.54,2.61,0.02771553598271015,-0.027715535982709982,0.03249241180275675,0.007280549282663085,-0.03977296108541972
poisson_leakfree,8,1379051,2025-10-26,bournemouth,nottmforest,0,0.5182249358235034,,,,,,,
poisson_leakfree,8,1379058,2025-10-26,wolves,burnley,1,0.314533240061293,2.08,1.81,-0.15076238975875839,0.15076238975875833,0.033255418614534626,-0.1662359907079377,0.13298057209340308
poisson_leakfree,8,1379049,2025-10-26,arsenal,crystalpalace,0,0.7172181496710603,,,,,,,
poisson_leakfree,8,1379050,2025-10-26,astonvilla,mancity,0,0.47787084473168406,,,,,,,
poisson_leakfree,8,1379054,2025-10-26,everton,tottenham,0,0.5070942626416485,1.75,2.17,-0.04647716592978013,0.04647716592978007,0.032258064516129004,-0.06433430878692292,0.03207624427079392
