week,homeTeam,awayTeam,predictedWinner,confidence,edge,betRecommendation,actualWinner,actualScore,correct
1,KC,BAL,KC,52,8.0,NO BET,KC,27-20,true
1,PHI,GB,PHI,55,18.0,NO BET,PHI,34-29,true
1,PIT,ATL,PIT,53,7.0,NO BET,PIT,18-10,true
1,BUF,ARI,BUF,67,48.0,BET,BUF,34-28,true
1,NO,CAR,NO,65,26.0,BET,NO,47-10,true
1,CHI,TEN,TEN,51,2.0,NO BET,CHI,24-17,false
1,NE,CIN,CIN,66,38.0,BET,NE,16-10,false
1,HOU,IND,HOU,58,21.0,NO BET,HOU,29-27,true
1,MIA,JAX,MIA,53,9.0,NO BET,MIA,20-17,true
1,MIN,NYG,MIN,62,25.0,BET,MIN,28-6,true
1,SEA,DEN,SEA,68,33.0,BET,SEA,26-20,true
1,LAC,LV,LAC,59,21.0,NO BET,LAC,22-10,true
1,DAL,CLE,DAL,62,33.0,BET,DAL,33-17,true
1,TB,WAS,TB,56,13.0,NO BET,TB,37-20,true
1,DET,LAR,DET,61,34.0,BET,DET,26-20,true
1,SF,NYJ,SF,59,31.0,NO BET,SF,32-19,true
2,BUF,MIA,BUF,53,13.0,NO BET,BUF,31-10,true
2,LAC,CAR,LAC,68,37.0,BET,LAC,26-3,true
2,CLE,JAX,JAX,57,17.0,NO BET,CLE,18-13,false
2,GB,IND,GB,57,17.0,NO BET,GB,16-10,true
2,NO,DAL,DAL,57,20.0,NO BET,NO,44-19,false
2,TB,DET,DET,58,24.0,NO BET,TB,20-16,false
2,MIN,SF,SF,58,27.0,NO BET,MIN,23-17,false
2,SEA,NE,SEA,64,28.0,BET,SEA,23-20,true
2,WAS,NYG,WAS,57,11.0,NO BET,WAS,21-18,true
2,NYJ,TEN,NYJ,59,20.0,NO BET,NYJ,24-17,true
2,LV,BAL,BAL,62,37.0,BET,LV,26-23,false
2,ARI,LAR,LAR,54,8.0,NO BET,ARI,41-10,false
2,KC,CIN,KC,56,24.0,NO BET,KC,26-25,true
2,PIT,DEN,PIT,69,35.0,BET,PIT,13-6,true
2,HOU,CHI,HOU,63,31.0,BET,HOU,19-13,true
2,ATL,PHI,PHI,57,22.0,NO BET,ATL,22-21,false
3,NYJ,NE,NYJ,64,28.0,BET,NYJ,24-3,true
3,IND,CHI,IND,57,13.0,NO BET,IND,21-16,true
3,NYG,CLE,CLE,56,11.0,NO BET,NYG,21-15,false
3,DEN,TB,TB,65,27.0,BET,DEN,26-7,false
3,GB,TEN,GB,60,24.0,BET,GB,30-14,true
3,MIN,HOU,HOU,52,5.0,NO BET,MIN,34-7,false
3,PHI,NO,PHI,58,25.0,NO BET,PHI,15-12,true
3,PIT,LAC,LAC,50,1.0,NO BET,PIT,20-10,false
3,CAR,LV,LV,59,15.0,NO BET,CAR,36-22,false
3,SEA,MIA,MIA,54,11.0,NO BET,SEA,24-3,false
3,DET,ARI,DET,65,41.0,BET,DET,20-13,true
3,BAL,DAL,BAL,53,11.0,NO BET,BAL,28-25,true
3,LAR,SF,SF,60,33.0,BET,LAR,27-24,false
3,KC,ATL,KC,61,38.0,BET,KC,22-17,true
3,BUF,JAX,BUF,57,23.0,NO BET,BUF,47-10,true
3,WAS,CIN,CIN,58,21.0,NO BET,WAS,38-33,false
4,DAL,NYG,DAL,66,39.0,BET,DAL,20-15,true
4,ATL,NO,ATL,52,4.0,NO BET,ATL,26-24,true
4,CIN,CAR,CIN,68,39.0,BET,CIN,34-24,true
4,CHI,LAR,LAR,55,11.0,NO BET,CHI,24-18,false
4,IND,PIT,PIT,52,5.0,NO BET,IND,27-24,false
4,DEN,NYJ,NYJ,64,27.0,BET,DEN,10-9,false
4,MIN,GB,GB,50,1.0,NO BET,MIN,31-29,false
4,HOU,JAX,HOU,52,5.0,NO BET,HOU,24-20,true
4,TB,PHI,PHI,56,18.0,NO BET,TB,33-16,false
4,WAS,ARI,WAS,54,8.0,NO BET,WAS,42-14,true
4,SF,NE,SF,70,54.0,BET,SF,30-13,true
4,LV,CLE,LV,50,1.0,NO BET,LV,20-16,true
4,KC,LAC,KC,60,34.0,BET,KC,17-10,true
4,BAL,BUF,BAL,50,1.0,NO BET,BAL,35-10,true
4,TEN,MIA,MIA,60,26.0,BET,TEN,31-12,false
4,DET,SEA,DET,58,24.0,NO BET,DET,42-29,true
5,ATL,TB,ATL,51,3.0,NO BET,ATL,36-30,true
5,MIN,NYJ,MIN,52,5.0,NO BET,MIN,23-17,true
5,HOU,BUF,BUF,54,15.0,NO BET,HOU,23-20,false
5,CHI,CAR,CHI,59,13.0,NO BET,CHI,36-10,true
5,BAL,CIN,BAL,55,19.0,NO BET,BAL,41-38,true
5,WAS,CLE,WAS,51,3.0,NO BET,WAS,34-13,true
5,JAX,IND,JAX,54,11.0,NO BET,JAX,37-34,true
5,MIA,NE,MIA,67,38.0,BET,MIA,15-10,true
5,ARI,SF,SF,64,40.0,BET,ARI,24-23,false
5,DEN,LV,LV,59,15.0,NO BET,DEN,34-18,false
5,GB,LAR,GB,54,11.0,NO BET,GB,24-19,true
5,NYG,SEA,SEA,58,17.0,NO BET,NYG,29-20,false
5,DAL,PIT,DAL,56,19.0,NO BET,DAL,20-17,true
5,KC,NO,KC,61,39.0,BET,KC,26-13,true
6,SF,SEA,SF,59,29.0,NO BET,SF,36-24,true
6,CHI,JAX,JAX,56,15.0,NO BET,CHI,35-16,false
6,PHI,CLE,PHI,61,30.0,BET,PHI,20-16,true
6,IND,TEN,IND,56,12.0,NO BET,IND,20-17,true
6,GB,ARI,GB,59,20.0,NO BET,GB,34-13,true
6,HOU,NE,HOU,65,34.0,BET,HOU,41-21,true
6,TB,NO,TB,52,4.0,NO BET,TB,51-27,true
6,BAL,WAS,BAL,61,35.0,BET,BAL,30-23,true
6,LAC,DEN,LAC,64,29.0,BET,LAC,23-16,true
6,PIT,LV,PIT,55,11.0,NO BET,PIT,32-13,true
6,ATL,CAR,ATL,66,31.0,BET,ATL,38-20,true
6,DET,DAL,DET,53,10.0,NO BET,DET,47-9,true
6,CIN,NYG,CIN,62,29.0,BET,CIN,17-7,true
6,BUF,NYJ,BUF,59,27.0,NO BET,BUF,23-20,true
7,DEN,NO,NO,60,20.0,BET,DEN,33-10,false
7,JAX,NE,JAX,64,28.0,BET,JAX,32-16,true
7,DET,MIN,DET,58,24.0,NO BET,DET,31-29,true
7,SEA,ATL,SEA,50,1.0,NO BET,SEA,34-14,true
7,BUF,TEN,BUF,64,40.0,BET,BUF,34-10,true
7,CIN,CLE,CIN,57,19.0,NO BET,CIN,21-14,true
7,IND,MIA,MIA,54,11.0,NO BET,IND,16-10,false
7,GB,HOU,HOU,50,1.0,NO BET,GB,24-22,false
7,PHI,NYG,PHI,65,40.0,BET,PHI,28-3,true
7,WAS,CAR,WAS,63,23.0,BET,WAS,40-7,true
7,LAR,LV,LAR,53,7.0,NO BET,LAR,20-15,true
7,KC,SF,KC,53,12.0,NO BET,KC,28-18,true
7,PIT,NYJ,PIT,52,5.0,NO BET,PIT,37-15,true
7,BAL,TB,BAL,58,27.0,NO BET,BAL,41-31,true
7,ARI,LAC,LAC,55,12.0,NO BET,ARI,17-15,false
8,LAR,MIN,LAR,50,1.0,NO BET,LAR,30-20,true
8,DET,TEN,DET,64,39.0,BET,DET,52-14,true
8,ATL,TB,ATL,51,3.0,NO BET,ATL,31-26,true
8,PHI,CIN,PHI,54,14.0,NO BET,PHI,37-17,true
8,CLE,BAL,BAL,60,31.0,BET,CLE,29-24,false
8,HOU,IND,HOU,53,9.0,NO BET,HOU,23-20,true
8,ARI,MIA,MIA,57,18.0,NO BET,ARI,28-27,false
8,GB,JAX,GB,52,5.0,NO BET,GB,30-27,true
8,NE,NYJ,NYJ,60,20.0,BET,NE,25-22,false
8,BUF,SEA,BUF,58,25.0,NO BET,BUF,31-10,true
8,LAC,NO,LAC,52,4.0,NO BET,LAC,26-8,true
8,WAS,CHI,WAS,55,11.0,NO BET,WAS,18-15,true
8,KC,LV,KC,64,46.0,BET,KC,27-20,true
8,DEN,CAR,DEN,55,7.0,NO BET,DEN,28-14,true
8,SF,DAL,SF,54,13.0,NO BET,SF,30-24,true
8,PIT,NYG,PIT,61,23.0,BET,PIT,26-18,true
9,NYJ,HOU,HOU,51,3.0,NO BET,NYJ,21-13,false
9,ATL,DAL,DAL,52,7.0,NO BET,ATL,27-21,false
9,BUF,MIA,BUF,56,19.0,NO BET,BUF,30-27,true
9,CAR,NO,NO,62,22.0,BET,CAR,23-22,false
9,CIN,LV,CIN,57,17.0,NO BET,CIN,41-24,true
9,LAC,CLE,LAC,54,11.0,NO BET,LAC,27-10,true
9,BAL,DEN,BAL,68,47.0,BET,BAL,41-10,true
9,TEN,NE,TEN,56,11.0,NO BET,TEN,20-17,true
9,WAS,NYG,WAS,59,19.0,NO BET,WAS,27-22,true
9,ARI,CHI,ARI,53,6.0,NO BET,ARI,29-9,true
9,PHI,JAX,PHI,57,22.0,NO BET,PHI,28-23,true
9,DET,GB,DET,57,22.0,NO BET,DET,24-14,true
9,LAR,SEA,LAR,51,3.0,NO BET,LAR,26-20,true
9,MIN,IND,MIN,51,3.0,NO BET,MIN,21-13,true
9,KC,TB,KC,61,38.0,BET,KC,30-24,true
10,BAL,CIN,BAL,56,21.0,NO BET,BAL,35-34,true
10,CAR,NYG,NYG,52,3.0,NO BET,CAR,20-17,false
10,NE,CHI,CHI,53,6.0,NO BET,NE,19-3,false
10,PIT,WAS,PIT,52,5.0,NO BET,PIT,28-27,true
10,SF,TB,SF,59,27.0,NO BET,SF,23-20,true
10,NO,ATL,ATL,50,0.0,NO BET,NO,20-17,false
10,BUF,IND,BUF,59,27.0,NO BET,BUF,30-20,true
10,KC,DEN,KC,70,58.0,BET,KC,16-14,true
10,MIN,JAX,MIN,52,5.0,NO BET,MIN,12-7,true
10,LAC,TEN,LAC,57,16.0,NO BET,LAC,27-17,true
10,PHI,DAL,PHI,54,12.0,NO BET,PHI,34-6,true
10,ARI,NYJ,NYJ,52,6.0,NO BET,ARI,31-6,false
10,DET,HOU,DET,57,22.0,NO BET,DET,26-23,true
10,MIA,LAR,MIA,53,7.0,NO BET,MIA,23-15,true
11,PHI,WAS,PHI,58,24.0,NO BET,PHI,26-18,true
11,GB,CHI,GB,57,17.0,NO BET,GB,20-19,true
11,NO,CLE,NO,54,10.0,NO BET,NO,35-14,true
11,DET,JAX,DET,58,26.0,NO BET,DET,52-6,true
11,MIA,LV,MIA,57,17.0,NO BET,MIA,34-19,true
11,MIN,TEN,MIN,57,16.0,NO BET,MIN,23-13,true
11,PIT,BAL,BAL,56,19.0,NO BET,PIT,18-16,false
11,IND,NYJ,IND,51,3.0,NO BET,IND,28-27,true
11,LAR,NE,LAR,60,22.0,BET,LAR,28-22,true
11,SEA,SF,SF,57,21.0,NO BET,SEA,20-17,false
11,DEN,ATL,ATL,58,17.0,NO BET,DEN,38-6,false
11,BUF,KC,KC,52,8.0,NO BET,BUF,30-21,false
11,LAC,CIN,LAC,50,1.0,NO BET,LAC,34-27,true
11,HOU,DAL,DAL,51,3.0,NO BET,HOU,34-10,false
12,CLE,PIT,PIT,52,5.0,NO BET,CLE,24-19,false
12,KC,CAR,KC,70,58.0,BET,KC,30-27,true
12,MIN,CHI,MIN,57,17.0,NO BET,MIN,30-27,true
12,DAL,WAS,DAL,54,11.0,NO BET,DAL,34-26,true
12,MIA,NE,MIA,62,28.0,BET,MIA,34-15,true
12,TB,NYG,TB,60,21.0,BET,TB,30-7,true
12,DET,IND,DET,58,24.0,NO BET,DET,24-6,true
12,TEN,HOU,HOU,54,10.0,NO BET,TEN,32-27,false
12,DEN,LV,LV,54,7.0,NO BET,DEN,29-19,false
12,SEA,ARI,SEA,54,10.0,NO BET,SEA,16-6,true
12,GB,SF,SF,55,17.0,NO BET,GB,38-10,false
12,PHI,LAR,PHI,56,20.0,NO BET,PHI,37-20,true
12,BAL,LAC,BAL,57,23.0,NO BET,BAL,30-23,true
13,DET,CHI,DET,63,38.0,BET,DET,23-20,true
13,DAL,NYG,DAL,62,27.0,BET,DAL,27-20,true
13,GB,MIA,MIA,50,1.0,NO BET,GB,30-17,false
13,KC,LV,KC,64,44.0,BET,KC,19-17,true
13,LAC,ATL,LAC,51,3.0,NO BET,LAC,17-13,true
13,PIT,CIN,PIT,50,1.0,NO BET,PIT,44-38,true
13,MIN,ARI,MIN,54,10.0,NO BET,MIN,23-22,true
13,SEA,NYJ,SEA,52,5.0,NO BET,SEA,26-21,true
13,WAS,TEN,WAS,54,10.0,NO BET,WAS,42-19,true
13,IND,NE,IND,60,22.0,BET,IND,25-24,true
13,HOU,JAX,HOU,51,3.0,NO BET,HOU,23-20,true
13,TB,CAR,TB,63,27.0,BET,TB,26-23,true
13,LAR,NO,LAR,51,2.0,NO BET,LAR,21-14,true
13,PHI,BAL,BAL,50,0.0,NO BET,PHI,24-19,false
13,BUF,SF,BUF,52,7.0,NO BET,BUF,35-10,true
13,DEN,CLE,CLE,54,9.0,NO BET,DEN,41-32,false
14,DET,GB,DET,58,24.0,NO BET,DET,34-31,true
14,MIN,ATL,MIN,52,5.0,NO BET,MIN,42-21,true
14,PHI,CAR,PHI,68,44.0,BET,PHI,22-16,true
14,PIT,CLE,PIT,54,9.0,NO BET,PIT,27-14,true
14,JAX,TEN,JAX,55,12.0,NO BET,JAX,10-6,true
14,MIA,NYJ,MIA,53,7.0,NO BET,MIA,32-26,true
14,NO,NYG,NO,60,20.0,BET,NO,14-11,true
14,TB,LV,TB,55,13.0,NO BET,TB,28-13,true
14,SEA,ARI,SEA,54,10.0,NO BET,SEA,30-18,true
14,LAR,BUF,BUF,56,19.0,NO BET,LAR,44-42,false
14,SF,CHI,SF,62,33.0,BET,SF,38-13,true
14,KC,LAC,KC,60,34.0,BET,KC,19-17,true
14,CIN,DAL,DAL,51,3.0,NO BET,CIN,27-20,false
15,LAR,SF,SF,54,13.0,NO BET,LAR,12-6,false
15,DAL,CAR,DAL,64,29.0,BET,DAL,30-14,true
15,CIN,TEN,CIN,56,14.0,NO BET,CIN,37-27,true
15,KC,CLE,KC,62,40.0,BET,KC,21-7,true
15,HOU,MIA,HOU,50,1.0,NO BET,HOU,20-12,true
15,NYJ,JAX,NYJ,50,1.0,NO BET,NYJ,32-25,true
15,WAS,NO,WAS,51,2.0,NO BET,WAS,20-19,true
15,BAL,NYG,BAL,66,41.0,BET,BAL,35-14,true
15,BUF,DET,BUF,51,2.0,NO BET,BUF,48-42,true
15,DEN,IND,IND,56,13.0,NO BET,DEN,31-13,false
15,ARI,NE,ARI,59,17.0,NO BET,ARI,30-17,true
15,PHI,PIT,PHI,56,20.0,NO BET,PHI,27-13,true
15,TB,LAC,TB,52,5.0,NO BET,TB,40-17,true
15,GB,SEA,GB,50,1.0,NO BET,GB,30-13,true
15,MIN,CHI,MIN,57,17.0,NO BET,MIN,30-12,true
15,ATL,LV,ATL,55,11.0,NO BET,ATL,15-9,true
16,LAC,DEN,LAC,57,15.0,NO BET,LAC,34-27,true
16,KC,HOU,KC,60,34.0,BET,KC,27-19,true
16,BAL,PIT,BAL,57,23.0,NO BET,BAL,34-17,true
16,ATL,NYG,ATL,61,23.0,BET,ATL,34-7,true
16,CAR,ARI,ARI,58,16.0,NO BET,CAR,36-30,false
16,DET,CHI,DET,63,36.0,BET,DET,34-17,true
16,CIN,CLE,CIN,54,9.0,NO BET,CIN,24-6,true
16,IND,TEN,IND,55,12.0,NO BET,IND,38-30,true
16,LAR,NYJ,LAR,51,3.0,NO BET,LAR,19-9,true
16,WAS,PHI,PHI,55,16.0,NO BET,WAS,36-33,false
16,MIN,SEA,MIN,52,5.0,NO BET,MIN,27-24,true
16,BUF,NE,BUF,67,44.0,BET,BUF,24-21,true
16,LV,JAX,JAX,52,5.0,NO BET,LV,19-14,false
16,MIA,SF,SF,54,11.0,NO BET,MIA,29-17,false
16,DAL,TB,DAL,52,5.0,NO BET,DAL,26-24,true
16,GB,NO,GB,52,6.0,NO BET,GB,34-0,true
17,KC,PIT,KC,61,36.0,BET,KC,29-10,true
17,BAL,HOU,BAL,57,23.0,NO BET,BAL,31-2,true
17,SEA,CHI,SEA,57,15.0,NO BET,SEA,6-3,true
17,LAC,NE,LAC,61,24.0,BET,LAC,40-7,true
17,CIN,DEN,CIN,57,17.0,NO BET,CIN,30-24,true
17,LAR,ARI,LAR,53,8.0,NO BET,LAR,13-9,true
17,BUF,NYJ,BUF,58,25.0,NO BET,BUF,40-14,true
17,TB,CAR,TB,61,23.0,BET,TB,48-14,true
17,NYG,IND,IND,58,17.0,NO BET,NYG,45-33,false
17,PHI,DAL,PHI,55,16.0,NO BET,PHI,41-7,true
17,JAX,TEN,JAX,55,12.0,NO BET,JAX,20-13,true
17,LV,NO,NO,51,2.0,NO BET,LV,25-10,false
17,MIA,CLE,MIA,54,9.0,NO BET,MIA,20-3,true
17,MIN,GB,MIN,51,3.0,NO BET,MIN,27-25,true
17,WAS,ATL,WAS,50,1.0,NO BET,WAS,30-24,true
17,DET,SF,DET,53,10.0,NO BET,DET,40-34,true
18,BAL,CLE,BAL,59,27.0,NO BET,BAL,35-10,true
18,CIN,PIT,CIN,52,5.0,NO BET,CIN,19-17,true
18,CAR,ATL,ATL,58,17.0,NO BET,CAR,44-38,false
18,NE,BUF,BUF,64,38.0,BET,NE,23-16,false
18,CHI,GB,GB,54,9.0,NO BET,CHI,24-22,false
18,IND,JAX,IND,50,1.0,NO BET,IND,26-23,true
18,WAS,DAL,WAS,50,1.0,NO BET,WAS,23-19,true
18,HOU,TEN,HOU,55,12.0,NO BET,HOU,23-14,true
18,TB,NO,TB,52,6.0,NO BET,TB,27-19,true
18,PHI,NYG,PHI,64,36.0,BET,PHI,20-13,true
18,ARI,SF,SF,54,12.0,NO BET,ARI,47-24,false
18,DEN,KC,KC,64,42.0,BET,DEN,38-0,false
18,NYJ,MIA,NYJ,50,1.0,NO BET,NYJ,32-20,true
18,LAC,LV,LAC,54,9.0,NO BET,LAC,34-20,true
18,SEA,LAR,SEA,51,3.0,NO BET,SEA,30-25,true
18,DET,MIN,DET,57,22.0,NO BET,DET,31-9,true