market,threshold,model,train_years,test_year,n_train,n_test,base_rate,auc,brier_model,brier_naive,brier_improvement,logloss_model,logloss_naive,logloss_improvement,cal_slope,cal_intercept,ece,is_monotonic,p_model_min,p_model_max,p_model_mean,p_model_std
F5_Totals,over_3.5,LogReg,2022,2023,2430,2430,0.635,0.5125,0.258241,0.231781,-0.02646,0.7203,0.6563,-0.064,0.0268,0.5462,0.1217,False,0.063045,1.0,0.56241,0.154729
F5_Totals,over_3.5,LightGBM,2022,2023,2430,2430,0.635,0.51,0.249378,0.231781,-0.017598,0.6978,0.6563,-0.0416,0.0592,0.523,0.1092,True,0.188673,0.946922,0.616228,0.140749
F5_Totals,over_3.5,LogReg,2022-2023,2024,4860,2430,0.6181,0.5207,0.244728,0.236051,-0.008677,0.687,0.665,-0.022,0.0903,0.4382,0.0767,False,0.031147,0.995771,0.612745,0.107968
F5_Totals,over_3.5,LightGBM,2022-2023,2024,4860,2430,0.6181,0.5227,0.243626,0.236051,-0.007576,0.6828,0.665,-0.0178,0.1612,0.3943,0.0714,False,0.249431,0.950251,0.62673,0.106836
F5_Totals,over_3.5,LogReg,2022-2023-2024,2025,7290,2430,0.6255,0.5423,0.236138,0.234246,-0.001892,0.6657,0.6613,-0.0044,0.3758,0.3376,0.0469,True,0.079369,0.850791,0.612483,0.088364
F5_Totals,over_3.5,LightGBM,2022-2023-2024,2025,7290,2430,0.6255,0.5215,0.240094,0.234246,-0.005848,0.6742,0.6613,-0.0129,0.1897,0.4176,0.0668,True,0.142003,0.87858,0.619628,0.096738
F5_Totals,over_4.0,LogReg,2022,2023,2430,2430,0.5325,0.5092,0.280453,0.248943,-0.03151,0.7737,0.691,-0.0826,0.024,0.1378,0.1467,False,9e-05,1.0,0.429531,0.155419
F5_Totals,over_4.0,LightGBM,2022,2023,2430,2430,0.5325,0.5014,0.276364,0.248943,-0.027421,0.7536,0.691,-0.0626,0.0078,0.132,0.1362,True,0.078009,0.883322,0.449687,0.144137
F5_Totals,over_4.0,LogReg,2022-2023,2024,4860,2430,0.4947,0.5288,0.259632,0.249971,-0.00966,0.7163,0.6931,-0.0232,0.1589,-0.0392,0.0826,False,0.009332,0.925955,0.526367,0.118572
F5_Totals,over_4.0,LightGBM,2022-2023,2024,4860,2430,0.4947,0.5299,0.256839,0.249971,-0.006868,0.7081,0.6931,-0.0151,0.2429,-0.035,0.0747,True,0.162309,0.889126,0.513042,0.114599
F5_Totals,over_4.0,LogReg,2022-2023-2024,2025,7290,2430,0.4959,0.5503,0.250358,0.249983,-0.000375,0.6944,0.6931,-0.0013,0.4621,-0.003,0.0542,True,0.062857,0.775525,0.493062,0.095788
F5_Totals,over_4.0,LightGBM,2022-2023-2024,2025,7290,2430,0.4959,0.5451,0.251611,0.249983,-0.001628,0.6969,0.6931,-0.0038,0.406,-0.0051,0.0524,False,0.093938,0.811895,0.493261,0.100147
F5_Totals,over_4.5,LogReg,2022,2023,2430,2430,0.5325,0.5092,0.280453,0.248943,-0.03151,0.7737,0.691,-0.0826,0.024,0.1378,0.1467,False,9e-05,1.0,0.429531,0.155419
F5_Totals,over_4.5,LightGBM,2022,2023,2430,2430,0.5325,0.5014,0.276364,0.248943,-0.027421,0.7536,0.691,-0.0626,0.0078,0.132,0.1362,True,0.078009,0.883322,0.449687,0.144137
F5_Totals,over_4.5,LogReg,2022-2023,2024,4860,2430,0.4947,0.5288,0.259632,0.249971,-0.00966,0.7163,0.6931,-0.0232,0.1589,-0.0392,0.0826,False,0.009332,0.925955,0.526367,0.118572
F5_Totals,over_4.5,LightGBM,2022-2023,2024,4860,2430,0.4947,0.5299,0.256839,0.249971,-0.006868,0.7081,0.6931,-0.0151,0.2429,-0.035,0.0747,True,0.162309,0.889126,0.513042,0.114599
F5_Totals,over_4.5,LogReg,2022-2023-2024,2025,7290,2430,0.4959,0.5503,0.250358,0.249983,-0.000375,0.6944,0.6931,-0.0013,0.4621,-0.003,0.0542,True,0.062857,0.775525,0.493062,0.095788
F5_Totals,over_4.5,LightGBM,2022-2023-2024,2025,7290,2430,0.4959,0.5451,0.251611,0.249983,-0.001628,0.6969,0.6931,-0.0038,0.406,-0.0051,0.0524,False,0.093938,0.811895,0.493261,0.100147
F5_Totals,over_5.0,LogReg,2022,2023,2430,2430,0.4148,0.4895,0.272341,0.242743,-0.029598,0.766,0.6786,-0.0874,-0.065,-0.3905,0.1451,False,4.7e-05,1.0,0.345398,0.149235
F5_Totals,over_5.0,LightGBM,2022,2023,2430,2430,0.4148,0.5043,0.266538,0.242743,-0.023795,0.7432,0.6786,-0.0646,0.0182,-0.33,0.1265,True,0.028598,0.847951,0.330037,0.133018
F5_Totals,over_5.0,LogReg,2022-2023,2024,4860,2430,0.3774,0.5261,0.245389,0.234961,-0.010428,0.6883,0.6628,-0.0255,0.1188,-0.4591,0.0834,False,0.001964,0.985172,0.416777,0.114227
F5_Totals,over_5.0,LightGBM,2022-2023,2024,4860,2430,0.3774,0.5465,0.239398,0.234961,-0.004437,0.6728,0.6628,-0.01,0.3231,-0.3522,0.0611,True,0.091843,0.784842,0.390858,0.112361
F5_Totals,over_5.0,LogReg,2022-2023-2024,2025,7290,2430,0.3798,0.5685,0.233772,0.23556,0.001788,0.6605,0.664,0.0035,0.5899,-0.1871,0.0276,False,0.096637,0.732582,0.376135,0.091934
F5_Totals,over_5.0,LightGBM,2022-2023-2024,2025,7290,2430,0.3798,0.5538,0.236938,0.23556,-0.001377,0.6681,0.664,-0.0041,0.4102,-0.2643,0.0432,True,0.095784,0.75457,0.369285,0.100957
F5_Totals,over_5.5,LogReg,2022,2023,2430,2430,0.4148,0.4895,0.272341,0.242743,-0.029598,0.766,0.6786,-0.0874,-0.065,-0.3905,0.1451,False,4.7e-05,1.0,0.345398,0.149235
F5_Totals,over_5.5,LightGBM,2022,2023,2430,2430,0.4148,0.5043,0.266538,0.242743,-0.023795,0.7432,0.6786,-0.0646,0.0182,-0.33,0.1265,True,0.028598,0.847951,0.330037,0.133018
F5_Totals,over_5.5,LogReg,2022-2023,2024,4860,2430,0.3774,0.5261,0.245389,0.234961,-0.010428,0.6883,0.6628,-0.0255,0.1188,-0.4591,0.0834,False,0.001964,0.985172,0.416777,0.114227
F5_Totals,over_5.5,LightGBM,2022-2023,2024,4860,2430,0.3774,0.5465,0.239398,0.234961,-0.004437,0.6728,0.6628,-0.01,0.3231,-0.3522,0.0611,True,0.091843,0.784842,0.390858,0.112361
F5_Totals,over_5.5,LogReg,2022-2023-2024,2025,7290,2430,0.3798,0.5685,0.233772,0.23556,0.001788,0.6605,0.664,0.0035,0.5899,-0.1871,0.0276,False,0.096637,0.732582,0.376135,0.091934
F5_Totals,over_5.5,LightGBM,2022-2023-2024,2025,7290,2430,0.3798,0.5538,0.236938,0.23556,-0.001377,0.6681,0.664,-0.0041,0.4102,-0.2643,0.0432,True,0.095784,0.75457,0.369285,0.100957
F5_TeamTotals_home,over_1.5,LogReg,2022,2023,2430,2430,0.6078,0.518,0.262599,0.238375,-0.024224,0.7324,0.6697,-0.0627,0.0603,0.4227,0.1338,True,0.0,0.999999,0.558396,0.162985
F5_TeamTotals_home,over_1.5,LightGBM,2022,2023,2430,2430,0.6078,0.5153,0.255986,0.238375,-0.017611,0.7099,0.6697,-0.0402,0.1007,0.3991,0.1152,True,0.145864,0.948819,0.587939,0.146565
F5_TeamTotals_home,over_1.5,LogReg,2022-2023,2024,4860,2430,0.5918,0.5415,0.24733,0.241578,-0.005752,0.6922,0.6762,-0.016,0.2759,0.219,0.068,True,0.080247,0.995905,0.628851,0.111661
F5_TeamTotals_home,over_1.5,LightGBM,2022-2023,2024,4860,2430,0.5918,0.5404,0.247983,0.241578,-0.006404,0.692,0.6762,-0.0158,0.2642,0.2455,0.0727,True,0.206198,0.909005,0.611716,0.118611
F5_TeamTotals_home,over_1.5,LogReg,2022-2023-2024,2025,7290,2430,0.6029,0.5395,0.243239,0.239416,-0.003823,0.6815,0.6718,-0.0097,0.2906,0.2756,0.059,True,0.013132,0.993251,0.616015,0.100165
F5_TeamTotals_home,over_1.5,LightGBM,2022-2023-2024,2025,7290,2430,0.6029,0.5279,0.2449,0.239416,-0.005485,0.6845,0.6718,-0.0127,0.2384,0.3103,0.0706,True,0.2027,0.900075,0.606798,0.104795
F5_TeamTotals_home,over_2.0,LogReg,2022,2023,2430,2430,0.4506,0.5249,0.272651,0.247561,-0.025089,0.7563,0.6883,-0.068,0.1124,-0.1274,0.1377,True,0.000124,1.0,0.362032,0.154058
F5_TeamTotals_home,over_2.0,LightGBM,2022,2023,2430,2430,0.4506,0.5244,0.265435,0.247561,-0.017873,0.7333,0.6883,-0.045,0.1393,-0.1315,0.1151,True,0.054672,0.83664,0.392163,0.145865
F5_TeamTotals_home,over_2.0,LogReg,2022-2023,2024,4860,2430,0.416,0.5486,0.248901,0.242952,-0.005949,0.697,0.679,-0.018,0.2404,-0.281,0.0677,True,0.015798,0.999976,0.442339,0.121816
F5_TeamTotals_home,over_2.0,LightGBM,2022-2023,2024,4860,2430,0.416,0.5463,0.249321,0.242952,-0.006369,0.6944,0.679,-0.0154,0.271,-0.262,0.0684,False,0.060891,0.811079,0.432657,0.12289
F5_TeamTotals_home,over_2.0,LogReg,2022-2023-2024,2025,7290,2430,0.4313,0.5372,0.249475,0.245277,-0.004198,0.6942,0.6837,-0.0105,0.2725,-0.195,0.0583,True,0.101443,0.990794,0.42769,0.103852
F5_TeamTotals_home,over_2.0,LightGBM,2022-2023-2024,2025,7290,2430,0.4313,0.5355,0.250358,0.245277,-0.005081,0.6949,0.6837,-0.0112,0.28,-0.1837,0.0677,True,0.076367,0.763097,0.420589,0.107708
F5_TeamTotals_home,over_2.5,LogReg,2022,2023,2430,2430,0.4506,0.5249,0.272651,0.247561,-0.025089,0.7563,0.6883,-0.068,0.1124,-0.1274,0.1377,True,0.000124,1.0,0.362032,0.154058
F5_TeamTotals_home,over_2.5,LightGBM,2022,2023,2430,2430,0.4506,0.5244,0.265435,0.247561,-0.017873,0.7333,0.6883,-0.045,0.1393,-0.1315,0.1151,True,0.054672,0.83664,0.392163,0.145865
F5_TeamTotals_home,over_2.5,LogReg,2022-2023,2024,4860,2430,0.416,0.5486,0.248901,0.242952,-0.005949,0.697,0.679,-0.018,0.2404,-0.281,0.0677,True,0.015798,0.999976,0.442339,0.121816
F5_TeamTotals_home,over_2.5,LightGBM,2022-2023,2024,4860,2430,0.416,0.5463,0.249321,0.242952,-0.006369,0.6944,0.679,-0.0154,0.271,-0.262,0.0684,False,0.060891,0.811079,0.432657,0.12289
F5_TeamTotals_home,over_2.5,LogReg,2022-2023-2024,2025,7290,2430,0.4313,0.5372,0.249475,0.245277,-0.004198,0.6942,0.6837,-0.0105,0.2725,-0.195,0.0583,True,0.101443,0.990794,0.42769,0.103852
F5_TeamTotals_home,over_2.5,LightGBM,2022-2023-2024,2025,7290,2430,0.4313,0.5355,0.250358,0.245277,-0.005081,0.6949,0.6837,-0.0112,0.28,-0.1837,0.0677,True,0.076367,0.763097,0.420589,0.107708
F5_TeamTotals_home,over_3.0,LogReg,2022,2023,2430,2430,0.3078,0.5171,0.23169,0.213066,-0.018624,0.6833,0.6173,-0.066,0.0643,-0.7326,0.1198,False,0.001224,1.0,0.253739,0.139402
F5_TeamTotals_home,over_3.0,LightGBM,2022,2023,2430,2430,0.3078,0.5179,0.229527,0.213066,-0.016461,0.6749,0.6173,-0.0575,0.0928,-0.6916,0.1074,True,0.024066,0.707835,0.238922,0.125144
F5_TeamTotals_home,over_3.0,LogReg,2022-2023,2024,4860,2430,0.2901,0.5553,0.210999,0.205952,-0.005047,0.6207,0.6023,-0.0185,0.24,-0.6876,0.0704,True,0.010727,0.999909,0.305708,0.118338
F5_TeamTotals_home,over_3.0,LightGBM,2022-2023,2024,4860,2430,0.2901,0.5563,0.208167,0.205952,-0.002215,0.6098,0.6023,-0.0076,0.3744,-0.521,0.0584,True,0.051428,0.707436,0.277604,0.105555
F5_TeamTotals_home,over_3.0,LogReg,2022-2023-2024,2025,7290,2430,0.3037,0.5547,0.212939,0.211468,-0.001471,0.6184,0.614,-0.0044,0.4095,-0.4563,0.0543,True,0.0154,0.649654,0.292454,0.09715
F5_TeamTotals_home,over_3.0,LightGBM,2022-2023-2024,2025,7290,2430,0.3037,0.5281,0.216054,0.211468,-0.004586,0.6266,0.614,-0.0126,0.2543,-0.58,0.068,True,0.070193,0.656707,0.279622,0.092238
F5_TeamTotals_away,over_1.5,LogReg,2022,2023,2430,2430,0.5823,0.5105,0.285161,0.243226,-0.041935,0.7888,0.6795,-0.1092,0.0317,0.3341,0.1652,False,0.000803,0.999991,0.489095,0.192698
F5_TeamTotals_away,over_1.5,LightGBM,2022,2023,2430,2430,0.5823,0.539,0.264359,0.243226,-0.021133,0.7289,0.6795,-0.0494,0.1809,0.314,0.1238,True,0.080857,0.925327,0.52444,0.170826
F5_TeamTotals_away,over_1.5,LogReg,2022-2023,2024,4860,2430,0.565,0.5439,0.251002,0.245772,-0.00523,0.6981,0.6847,-0.0134,0.2691,0.2,0.063,False,0.136565,0.994789,0.554444,0.115893
F5_TeamTotals_away,over_1.5,LightGBM,2022-2023,2024,4860,2430,0.565,0.5367,0.253607,0.245772,-0.007834,0.7025,0.6847,-0.0178,0.2503,0.1866,0.086,True,0.140578,0.935708,0.570867,0.127488
F5_TeamTotals_away,over_1.5,LogReg,2022-2023-2024,2025,7290,2430,0.5523,0.5628,0.246964,0.247269,0.000305,0.6884,0.6877,-0.0007,0.4891,0.0706,0.0545,True,0.019629,0.836697,0.568842,0.104853
F5_TeamTotals_away,over_1.5,LightGBM,2022-2023-2024,2025,7290,2430,0.5523,0.5503,0.249726,0.247269,-0.002457,0.6938,0.6877,-0.0061,0.3953,0.0908,0.0553,True,0.148751,0.891323,0.572114,0.110089
F5_TeamTotals_away,over_2.0,LogReg,2022,2023,2430,2430,0.4152,0.5337,0.264135,0.242813,-0.021322,0.7427,0.6787,-0.064,0.1513,-0.2362,0.1366,False,0.001674,1.0,0.350272,0.166264
F5_TeamTotals_away,over_2.0,LightGBM,2022,2023,2430,2430,0.4152,0.5304,0.264096,0.242813,-0.021283,0.7374,0.6787,-0.0587,0.1388,-0.2415,0.1292,True,0.04232,0.8479,0.341992,0.15328
F5_TeamTotals_away,over_2.0,LogReg,2022-2023,2024,4860,2430,0.3864,0.5295,0.247285,0.2371,-0.010185,0.6908,0.6671,-0.0236,0.1834,-0.3836,0.0887,True,0.001585,0.893743,0.399569,0.127789
F5_TeamTotals_away,over_2.0,LightGBM,2022-2023,2024,4860,2430,0.3864,0.5314,0.24713,0.2371,-0.01003,0.6903,0.6671,-0.0231,0.1886,-0.3832,0.0824,True,0.058716,0.80297,0.401989,0.127408
F5_TeamTotals_away,over_2.0,LogReg,2022-2023-2024,2025,7290,2430,0.3807,0.5606,0.235955,0.235758,-0.000197,0.6654,0.6644,-0.001,0.4759,-0.2656,0.0437,True,0.059212,0.723274,0.38856,0.104407
F5_TeamTotals_away,over_2.0,LightGBM,2022-2023-2024,2025,7290,2430,0.3807,0.549,0.23937,0.235758,-0.003612,0.673,0.6644,-0.0086,0.3355,-0.3322,0.0579,False,0.10105,0.760943,0.390535,0.108999
F5_TeamTotals_away,over_2.5,LogReg,2022,2023,2430,2430,0.4152,0.5337,0.264135,0.242813,-0.021322,0.7427,0.6787,-0.064,0.1513,-0.2362,0.1366,False,0.001674,1.0,0.350272,0.166264
F5_TeamTotals_away,over_2.5,LightGBM,2022,2023,2430,2430,0.4152,0.5304,0.264096,0.242813,-0.021283,0.7374,0.6787,-0.0587,0.1388,-0.2415,0.1292,True,0.04232,0.8479,0.341992,0.15328
F5_TeamTotals_away,over_2.5,LogReg,2022-2023,2024,4860,2430,0.3864,0.5295,0.247285,0.2371,-0.010185,0.6908,0.6671,-0.0236,0.1834,-0.3836,0.0887,True,0.001585,0.893743,0.399569,0.127789
F5_TeamTotals_away,over_2.5,LightGBM,2022-2023,2024,4860,2430,0.3864,0.5314,0.24713,0.2371,-0.01003,0.6903,0.6671,-0.0231,0.1886,-0.3832,0.0824,True,0.058716,0.80297,0.401989,0.127408
F5_TeamTotals_away,over_2.5,LogReg,2022-2023-2024,2025,7290,2430,0.3807,0.5606,0.235955,0.235758,-0.000197,0.6654,0.6644,-0.001,0.4759,-0.2656,0.0437,True,0.059212,0.723274,0.38856,0.104407
F5_TeamTotals_away,over_2.5,LightGBM,2022-2023-2024,2025,7290,2430,0.3807,0.549,0.23937,0.235758,-0.003612,0.673,0.6644,-0.0086,0.3355,-0.3322,0.0579,False,0.10105,0.760943,0.390535,0.108999
F5_TeamTotals_away,over_3.0,LogReg,2022,2023,2430,2430,0.2852,0.5394,0.218773,0.203855,-0.014918,0.6599,0.5978,-0.0622,0.1692,-0.6828,0.1108,True,0.006907,0.999997,0.227662,0.14711
F5_TeamTotals_away,over_3.0,LightGBM,2022,2023,2430,2430,0.2852,0.5493,0.218943,0.203855,-0.015089,0.657,0.5978,-0.0592,0.2152,-0.5789,0.119,True,0.013622,0.657223,0.191984,0.113542
F5_TeamTotals_away,over_3.0,LogReg,2022-2023,2024,4860,2430,0.2543,0.541,0.198499,0.189642,-0.008857,0.5903,0.567,-0.0232,0.2101,-0.8517,0.0726,True,6e-06,0.876381,0.26997,0.122813
F5_TeamTotals_away,over_3.0,LightGBM,2022-2023,2024,4860,2430,0.2543,0.5429,0.195547,0.189642,-0.005905,0.5835,0.567,-0.0165,0.243,-0.7984,0.0685,True,0.027513,0.715619,0.253789,0.107446
F5_TeamTotals_away,over_3.0,LogReg,2022-2023-2024,2025,7290,2430,0.2568,0.5573,0.192701,0.190849,-0.001852,0.5759,0.5697,-0.0062,0.3705,-0.637,0.0518,True,0.005552,0.63863,0.247876,0.092415
F5_TeamTotals_away,over_3.0,LightGBM,2022-2023-2024,2025,7290,2430,0.2568,0.5568,0.192806,0.190849,-0.001958,0.5747,0.5697,-0.005,0.3962,-0.601,0.05,False,0.038856,0.700177,0.244602,0.090403
NRFI,nrfi,LogReg,2022,2023,2430,2430,0.4979,0.5122,0.269522,0.249996,-0.019526,0.7396,0.6931,-0.0464,0.068,-0.0217,0.1051,False,4e-06,0.991308,0.545878,0.141698
NRFI,nrfi,LightGBM,2022,2023,2430,2430,0.4979,0.5105,0.270227,0.249996,-0.020232,0.7405,0.6931,-0.0474,0.0439,-0.013,0.1067,False,0.089803,0.934837,0.525066,0.147955
NRFI,nrfi,LogReg,2022-2023,2024,4860,2427,0.5328,0.5082,0.260969,0.248927,-0.012042,0.7167,0.691,-0.0257,0.063,0.1352,0.0864,True,0.033506,0.7959,0.485363,0.105426
NRFI,nrfi,LightGBM,2022-2023,2024,4860,2427,0.5328,0.5057,0.262777,0.248927,-0.01385,0.7211,0.691,-0.0301,0.0312,0.1321,0.0955,True,0.144046,0.861308,0.493715,0.115207
NRFI,nrfi,LogReg,2022-2023-2024,2025,7287,2430,0.4979,0.5212,0.253852,0.249996,-0.003856,0.7012,0.6931,-0.0081,0.2607,-0.0314,0.0585,True,0.10884,0.849019,0.521747,0.083526
NRFI,nrfi,LightGBM,2022-2023-2024,2025,7287,2430,0.4979,0.5218,0.255654,0.249996,-0.005658,0.7051,0.6931,-0.012,0.2259,-0.0232,0.0731,True,0.202328,0.813383,0.516201,0.099252
YRFI,yrfi,LogReg,2022,2023,2430,2430,0.5021,0.5121,0.269518,0.249996,-0.019522,0.7395,0.6931,-0.0464,0.0678,0.0216,0.1058,False,0.008678,0.999996,0.454213,0.141659
YRFI,yrfi,LightGBM,2022,2023,2430,2430,0.5021,0.5105,0.270227,0.249996,-0.020232,0.7405,0.6931,-0.0474,0.0439,0.013,0.1067,False,0.065163,0.910197,0.474934,0.147955
YRFI,yrfi,LogReg,2022-2023,2024,4860,2427,0.4672,0.5082,0.260915,0.248927,-0.011988,0.7166,0.691,-0.0256,0.0637,-0.1352,0.0859,True,0.204073,0.967534,0.514381,0.105342
YRFI,yrfi,LightGBM,2022-2023,2024,4860,2427,0.4672,0.5057,0.262777,0.248927,-0.01385,0.7211,0.691,-0.0301,0.0312,-0.1321,0.0951,True,0.138692,0.855954,0.506285,0.115207
YRFI,yrfi,LogReg,2022-2023-2024,2025,7287,2430,0.5021,0.521,0.253898,0.249996,-0.003902,0.7013,0.6931,-0.0082,0.2577,0.0311,0.0611,True,0.149318,0.891868,0.478314,0.083595
YRFI,yrfi,LightGBM,2022-2023-2024,2025,7287,2430,0.5021,0.5218,0.255654,0.249996,-0.005658,0.7051,0.6931,-0.012,0.2259,0.0232,0.0731,True,0.186617,0.797672,0.483799,0.099252
