feature_name,prediction_safe,is_event_column,is_safe_default,safety_reason,provenance,coverage_pct,dtype
home_goals,False,True,False,banned_actual_results,engineered,100.0,int64
away_goals,False,True,False,banned_actual_results,engineered,100.0,int64
home_xg,False,False,False,unknown_provenance,unknown,100.0,float64
home_shots_total,False,True,False,event_based_statistic,engineered,100.0,int64
home_shots_on_target,False,True,False,event_based_statistic,engineered,100.0,int64
home_shots_off_target,False,True,False,event_based_statistic,engineered,100.0,int64
home_shots_inside_box,False,True,False,event_based_statistic,engineered,100.0,int64
home_shots_outside_box,False,True,False,event_based_statistic,engineered,100.0,int64
home_shots_blocked,False,True,False,event_based_statistic,engineered,100.0,int64
home_possession_pct,False,False,False,unsafe_pattern_possession,unknown,100.0,float64
home_passes_total,False,False,False,unsafe_pattern_passes,unknown,100.0,int64
home_passes_accurate,False,False,False,unsafe_pattern_passes,unknown,100.0,int64
home_pass_accuracy_pct,False,False,False,unknown_provenance,unknown,100.0,float64
home_corners,False,True,False,event_based_statistic,engineered,100.0,int64
home_gk_saves,False,True,False,event_based_statistic,engineered,99.78,float64
home_fouls,False,True,False,event_based_statistic,engineered,100.0,int64
home_yellow_cards,False,True,False,event_based_statistic,engineered,96.37,float64
home_red_cards,False,True,False,event_based_statistic,engineered,12.86,float64
away_xg,False,False,False,unknown_provenance,unknown,100.0,float64
away_shots_total,False,True,False,event_based_statistic,engineered,100.0,int64
away_shots_on_target,False,True,False,event_based_statistic,engineered,100.0,int64
away_shots_off_target,False,True,False,event_based_statistic,engineered,100.0,int64
away_shots_inside_box,False,True,False,event_based_statistic,engineered,100.0,int64
away_shots_outside_box,False,True,False,event_based_statistic,engineered,100.0,int64
away_shots_blocked,False,True,False,event_based_statistic,engineered,100.0,int64
away_possession_pct,False,False,False,unsafe_pattern_possession,unknown,100.0,float64
away_passes_total,False,False,False,unsafe_pattern_passes,unknown,100.0,int64
away_passes_accurate,False,False,False,unsafe_pattern_passes,unknown,100.0,int64
away_pass_accuracy_pct,False,False,False,unknown_provenance,unknown,100.0,float64
away_corners,False,True,False,event_based_statistic,engineered,100.0,int64
away_gk_saves,False,True,False,event_based_statistic,engineered,99.78,float64
away_fouls,False,True,False,event_based_statistic,engineered,100.0,int64
away_yellow_cards,False,True,False,event_based_statistic,engineered,96.37,float64
away_red_cards,False,True,False,event_based_statistic,engineered,12.86,float64
btts_yes_odds,False,False,False,unsafe_pattern_btts_yes_odds,unknown,68.02,float64
btts_no_odds,False,False,False,unsafe_pattern_btts_no_odds,unknown,68.02,float64
gameweek,False,False,False,unknown_provenance,unknown,93.41,float64
home_goals_fpl,False,True,False,banned_actual_results,engineered,93.41,float64
away_goals_fpl,False,True,False,banned_actual_results,engineered,93.41,float64
home_squad_size,True,False,False,prediction_safe_pattern,unknown,93.41,float64
home_available_count,True,False,False,prediction_safe_pattern,unknown,93.41,float64
home_injured_count,True,False,False,prediction_safe_pattern,unknown,93.41,float64
home_doubtful_count,True,False,False,prediction_safe_pattern,unknown,93.41,float64
home_availability_pct,True,False,True,fpl_availability_pre_match,unknown,93.41,float64
home_avg_chance_of_playing,True,False,False,prediction_safe_pattern,unknown,93.41,float64
home_expected_minutes_pct,True,False,False,prediction_safe_pattern,unknown,93.41,float64
home_missing_attack_quality,True,False,False,fpl_squad_quality_pre_match,unknown,93.41,float64
home_available_attack_quality,True,False,False,fpl_squad_quality_pre_match,unknown,93.41,float64
home_attack_quality_pct,True,False,False,fpl_squad_quality_pre_match,unknown,93.41,float64
away_squad_size,True,False,False,prediction_safe_pattern,unknown,93.41,float64
away_available_count,True,False,False,prediction_safe_pattern,unknown,93.41,float64
away_injured_count,True,False,False,prediction_safe_pattern,unknown,93.41,float64
away_doubtful_count,True,False,False,prediction_safe_pattern,unknown,93.41,float64
away_availability_pct,True,False,True,fpl_availability_pre_match,unknown,93.41,float64
away_avg_chance_of_playing,True,False,False,prediction_safe_pattern,unknown,93.41,float64
away_expected_minutes_pct,True,False,False,prediction_safe_pattern,unknown,93.41,float64
away_missing_attack_quality,True,False,False,fpl_squad_quality_pre_match,unknown,93.41,float64
away_available_attack_quality,True,False,False,fpl_squad_quality_pre_match,unknown,93.41,float64
away_attack_quality_pct,True,False,False,fpl_squad_quality_pre_match,unknown,93.41,float64
home_btts_rate_L5,True,False,True,prediction_safe_default,engineered,97.25,float64
home_xg_L5,True,False,True,prediction_safe_default,engineered,97.25,float64
home_xga_L5,True,False,True,prediction_safe_default,engineered,97.25,float64
away_btts_rate_L5,True,False,True,prediction_safe_default,engineered,97.25,float64
away_xg_L5,True,False,True,prediction_safe_default,engineered,97.25,float64
away_xga_L5,True,False,True,prediction_safe_default,engineered,97.25,float64
home_btts_rate_L10,True,False,True,prediction_safe_default,engineered,97.25,float64
home_xg_L10,True,False,True,prediction_safe_default,engineered,97.25,float64
home_xga_L10,True,False,True,prediction_safe_default,engineered,97.25,float64
away_btts_rate_L10,True,False,True,prediction_safe_default,engineered,97.25,float64
away_xg_L10,True,False,True,prediction_safe_default,engineered,97.25,float64
away_xga_L10,True,False,True,prediction_safe_default,engineered,97.25,float64
sum_xg,False,True,False,event_based_statistic,engineered,100.0,float64
diff_xg,False,True,False,event_based_statistic,engineered,100.0,float64
xg_dominance,False,True,False,event_based_statistic,engineered,100.0,float64
shot_quality_home,False,True,False,event_based_statistic,engineered,100.0,float64
shot_quality_away,False,True,False,event_based_statistic,engineered,100.0,float64
possession_dominance,False,False,False,unsafe_pattern_possession,unknown,100.0,float64
possession_balance,False,False,False,unsafe_pattern_possession,unknown,100.0,float64
chaos_index,False,True,False,event_based_statistic,engineered,100.0,int64
danger_index,False,True,False,event_based_statistic,engineered,100.0,int64
attack_strength_diff,True,False,False,fpl_squad_quality_pre_match,unknown,93.41,float64
min_attack_quality,True,False,False,fpl_squad_quality_pre_match,unknown,93.41,float64
home_xg_trend,True,False,True,form_trend_indicator,unknown,97.25,float64
away_xg_trend,True,False,True,form_trend_indicator,unknown,97.25,float64
home_xga_trend,True,False,True,form_trend_indicator,unknown,97.25,float64
away_xga_trend,True,False,True,form_trend_indicator,unknown,97.25,float64
home_btts_momentum,True,False,True,form_trend_indicator,unknown,97.25,float64
away_btts_momentum,True,False,True,form_trend_indicator,unknown,97.25,float64
