reason,game,date,player,market,book,line,details
insufficient_history,"New York Knicks @ Boston Celtics",2024-10-22,"Cameron Payne",assists,draftkings,1.5,"{"gamesAvailable":0}"
insufficient_history,"New York Knicks @ Boston Celtics",2024-10-22,"Derrick White",assists,draftkings,5.5,"{"gamesAvailable":0}"
insufficient_history,"New York Knicks @ Boston Celtics",2024-10-22,"Josh Hart",assists,draftkings,3.5,"{"gamesAvailable":0}"
insufficient_history,"New York Knicks @ Boston Celtics",2024-10-22,"Jrue Holiday",assists,draftkings,5.5,"{"gamesAvailable":0}"
insufficient_history,"New York Knicks @ Boston Celtics",2024-10-22,"Karl-Anthony Towns",assists,draftkings,2.5,"{"gamesAvailable":0}"
insufficient_history,"New York Knicks @ Boston Celtics",2024-10-22,"Mikal Bridges",assists,draftkings,2.5,"{"gamesAvailable":0}"
insufficient_history,"New York Knicks @ Boston Celtics",2024-10-22,"Miles McBride",assists,draftkings,2.5,"{"gamesAvailable":0}"
insufficient_history,"New York Knicks @ Boston Celtics",2024-10-22,"OG Anunoby",assists,draftkings,2.5,"{"gamesAvailable":0}"
insufficient_history,"New York Knicks @ Boston Celtics",2024-10-22,"Derrick White",rebounds,draftkings,4.5,"{"gamesAvailable":0}"
insufficient_history,"New York Knicks @ Boston Celtics",2024-10-22,"Jalen Brunson",rebounds,draftkings,3.5,"{"gamesAvailable":0}"
insufficient_history,"New York Knicks @ Boston Celtics",2024-10-22,"Josh Hart",rebounds,draftkings,8.5,"{"gamesAvailable":0}"
insufficient_history,"New York Knicks @ Boston Celtics",2024-10-22,"Jrue Holiday",rebounds,draftkings,5.5,"{"gamesAvailable":0}"
insufficient_history,"New York Knicks @ Boston Celtics",2024-10-22,"Karl-Anthony Towns",rebounds,draftkings,10.5,"{"gamesAvailable":0}"
insufficient_history,"New York Knicks @ Boston Celtics",2024-10-22,"Mikal Bridges",rebounds,draftkings,3.5,"{"gamesAvailable":0}"
insufficient_history,"New York Knicks @ Boston Celtics",2024-10-22,"OG Anunoby",rebounds,draftkings,5.5,"{"gamesAvailable":0}"
insufficient_history,"New York Knicks @ Boston Celtics",2024-10-22,"Jaylen Brown",assists,fanduel,2.5,"{"gamesAvailable":0}"
insufficient_history,"New York Knicks @ Boston Celtics",2024-10-22,"Jrue Holiday",assists,fanduel,5.5,"{"gamesAvailable":0}"
insufficient_history,"New York Knicks @ Boston Celtics",2024-10-22,"Karl-Anthony Towns",assists,fanduel,2.5,"{"gamesAvailable":0}"
insufficient_history,"New York Knicks @ Boston Celtics",2024-10-22,"Jalen Brunson",assists,fanduel,6.5,"{"gamesAvailable":0}"
insufficient_history,"New York Knicks @ Boston Celtics",2024-10-22,"Jayson Tatum",assists,fanduel,6.5,"{"gamesAvailable":0}"
insufficient_history,"New York Knicks @ Boston Celtics",2024-10-22,"Jaylen Brown",rebounds,fanduel,6.5,"{"gamesAvailable":0}"
insufficient_history,"New York Knicks @ Boston Celtics",2024-10-22,"Jrue Holiday",rebounds,fanduel,4.5,"{"gamesAvailable":0}"
insufficient_history,"New York Knicks @ Boston Celtics",2024-10-22,"Jalen Brunson",rebounds,fanduel,3.5,"{"gamesAvailable":0}"
insufficient_history,"New York Knicks @ Boston Celtics",2024-10-22,"Karl-Anthony Towns",rebounds,fanduel,9.5,"{"gamesAvailable":0}"
insufficient_history,"New York Knicks @ Boston Celtics",2024-10-22,"Jayson Tatum",rebounds,fanduel,7.5,"{"gamesAvailable":0}"
insufficient_history,"Minnesota Timberwolves @ Los Angeles Lakers",2024-10-22,"Anthony Davis",assists,draftkings,2.5,"{"gamesAvailable":0}"
insufficient_history,"Minnesota Timberwolves @ Los Angeles Lakers",2024-10-22,"Anthony Edwards",assists,draftkings,5.5,"{"gamesAvailable":0}"
insufficient_history,"Minnesota Timberwolves @ Los Angeles Lakers",2024-10-22,"Austin Reaves",assists,draftkings,4.5,"{"gamesAvailable":0}"
insufficient_history,"Minnesota Timberwolves @ Los Angeles Lakers",2024-10-22,"D'Angelo Russell",assists,draftkings,5.5,"{"gamesAvailable":0}"
insufficient_history,"Minnesota Timberwolves @ Los Angeles Lakers",2024-10-22,"Donte DiVincenzo",assists,draftkings,2.5,"{"gamesAvailable":0}"
insufficient_history,"Minnesota Timberwolves @ Los Angeles Lakers",2024-10-22,"Gabe Vincent",assists,draftkings,1.5,"{"gamesAvailable":0}"
insufficient_history,"Minnesota Timberwolves @ Los Angeles Lakers",2024-10-22,"Jaden McDaniels",assists,draftkings,1.5,"{"gamesAvailable":0}"
insufficient_history,"Minnesota Timberwolves @ Los Angeles Lakers",2024-10-22,"Jaxson Hayes",assists,draftkings,0.5,"{"gamesAvailable":0}"
insufficient_history,"Minnesota Timberwolves @ Los Angeles Lakers",2024-10-22,"Julius Randle",assists,draftkings,4.5,"{"gamesAvailable":0}"
insufficient_history,"Minnesota Timberwolves @ Los Angeles Lakers",2024-10-22,"LeBron James",assists,draftkings,7.5,"{"gamesAvailable":0}"
insufficient_history,"Minnesota Timberwolves @ Los Angeles Lakers",2024-10-22,"Mike Conley",assists,draftkings,5.5,"{"gamesAvailable":0}"
insufficient_history,"Minnesota Timberwolves @ Los Angeles Lakers",2024-10-22,"Naz Reid",assists,draftkings,1.5,"{"gamesAvailable":0}"
insufficient_history,"Minnesota Timberwolves @ Los Angeles Lakers",2024-10-22,"Nickeil Alexander-Walker",assists,draftkings,1.5,"{"gamesAvailable":0}"
insufficient_history,"Minnesota Timberwolves @ Los Angeles Lakers",2024-10-22,"Rudy Gobert",assists,draftkings,1.5,"{"gamesAvailable":0}"
insufficient_history,"Minnesota Timberwolves @ Los Angeles Lakers",2024-10-22,"Rui Hachimura",assists,draftkings,1.5,"{"gamesAvailable":0}"
insufficient_history,"Minnesota Timberwolves @ Los Angeles Lakers",2024-10-22,"Anthony Davis",rebounds,draftkings,12.5,"{"gamesAvailable":0}"
insufficient_history,"Minnesota Timberwolves @ Los Angeles Lakers",2024-10-22,"Anthony Edwards",rebounds,draftkings,5.5,"{"gamesAvailable":0}"
insufficient_history,"Minnesota Timberwolves @ Los Angeles Lakers",2024-10-22,"Austin Reaves",rebounds,draftkings,4.5,"{"gamesAvailable":0}"
insufficient_history,"Minnesota Timberwolves @ Los Angeles Lakers",2024-10-22,"D'Angelo Russell",rebounds,draftkings,2.5,"{"gamesAvailable":0}"
insufficient_history,"Minnesota Timberwolves @ Los Angeles Lakers",2024-10-22,"Donte DiVincenzo",rebounds,draftkings,3.5,"{"gamesAvailable":0}"
insufficient_history,"Minnesota Timberwolves @ Los Angeles Lakers",2024-10-22,"Gabe Vincent",rebounds,draftkings,0.5,"{"gamesAvailable":0}"
insufficient_history,"Minnesota Timberwolves @ Los Angeles Lakers",2024-10-22,"Jaden McDaniels",rebounds,draftkings,3.5,"{"gamesAvailable":0}"
insufficient_history,"Minnesota Timberwolves @ Los Angeles Lakers",2024-10-22,"Jaxson Hayes",rebounds,draftkings,3.5,"{"gamesAvailable":0}"
insufficient_history,"Minnesota Timberwolves @ Los Angeles Lakers",2024-10-22,"Julius Randle",rebounds,draftkings,7.5,"{"gamesAvailable":0}"
insufficient_history,"Minnesota Timberwolves @ Los Angeles Lakers",2024-10-22,"LeBron James",rebounds,draftkings,6.5,"{"gamesAvailable":0}"
insufficient_history,"Minnesota Timberwolves @ Los Angeles Lakers",2024-10-22,"Mike Conley",rebounds,draftkings,2.5,"{"gamesAvailable":0}"
insufficient_history,"Minnesota Timberwolves @ Los Angeles Lakers",2024-10-22,"Naz Reid",rebounds,draftkings,4.5,"{"gamesAvailable":0}"
insufficient_history,"Minnesota Timberwolves @ Los Angeles Lakers",2024-10-22,"Nickeil Alexander-Walker",rebounds,draftkings,1.5,"{"gamesAvailable":0}"
insufficient_history,"Minnesota Timberwolves @ Los Angeles Lakers",2024-10-22,"Rudy Gobert",rebounds,draftkings,12.5,"{"gamesAvailable":0}"
insufficient_history,"Minnesota Timberwolves @ Los Angeles Lakers",2024-10-22,"Rui Hachimura",rebounds,draftkings,4.5,"{"gamesAvailable":0}"
insufficient_history,"Minnesota Timberwolves @ Los Angeles Lakers",2024-10-22,"Anthony Davis",assists,fanduel,2.5,"{"gamesAvailable":0}"
insufficient_history,"Minnesota Timberwolves @ Los Angeles Lakers",2024-10-22,"Julius Randle",assists,fanduel,4.5,"{"gamesAvailable":0}"
insufficient_history,"Minnesota Timberwolves @ Los Angeles Lakers",2024-10-22,"Austin Reaves",assists,fanduel,4.5,"{"gamesAvailable":0}"
insufficient_history,"Minnesota Timberwolves @ Los Angeles Lakers",2024-10-22,"LeBron James",assists,fanduel,7.5,"{"gamesAvailable":0}"
insufficient_history,"Minnesota Timberwolves @ Los Angeles Lakers",2024-10-22,"Mike Conley",assists,fanduel,5.5,"{"gamesAvailable":0}"
insufficient_history,"Minnesota Timberwolves @ Los Angeles Lakers",2024-10-22,"D'Angelo Russell",assists,fanduel,5.5,"{"gamesAvailable":0}"
insufficient_history,"Minnesota Timberwolves @ Los Angeles Lakers",2024-10-22,"Anthony Edwards",assists,fanduel,5.5,"{"gamesAvailable":0}"
insufficient_history,"Minnesota Timberwolves @ Los Angeles Lakers",2024-10-22,"Naz Reid",rebounds,fanduel,4.5,"{"gamesAvailable":0}"
insufficient_history,"Minnesota Timberwolves @ Los Angeles Lakers",2024-10-22,"Anthony Davis",rebounds,fanduel,11.5,"{"gamesAvailable":0}"
insufficient_history,"Minnesota Timberwolves @ Los Angeles Lakers",2024-10-22,"LeBron James",rebounds,fanduel,6.5,"{"gamesAvailable":0}"
insufficient_history,"Minnesota Timberwolves @ Los Angeles Lakers",2024-10-22,"Anthony Edwards",rebounds,fanduel,5.5,"{"gamesAvailable":0}"
insufficient_history,"Minnesota Timberwolves @ Los Angeles Lakers",2024-10-22,"Jaden McDaniels",rebounds,fanduel,2.5,"{"gamesAvailable":0}"
insufficient_history,"Minnesota Timberwolves @ Los Angeles Lakers",2024-10-22,"Rui Hachimura",rebounds,fanduel,4.5,"{"gamesAvailable":0}"
insufficient_history,"Minnesota Timberwolves @ Los Angeles Lakers",2024-10-22,"Rudy Gobert",rebounds,fanduel,12.5,"{"gamesAvailable":0}"
insufficient_history,"Minnesota Timberwolves @ Los Angeles Lakers",2024-10-22,"Austin Reaves",rebounds,fanduel,3.5,"{"gamesAvailable":0}"
insufficient_history,"Minnesota Timberwolves @ Los Angeles Lakers",2024-10-22,"Julius Randle",rebounds,fanduel,7.5,"{"gamesAvailable":0}"
insufficient_history,"Minnesota Timberwolves @ Los Angeles Lakers",2024-10-22,"D'Angelo Russell",rebounds,fanduel,2.5,"{"gamesAvailable":0}"
insufficient_history,"Minnesota Timberwolves @ Los Angeles Lakers",2024-10-22,"Donte DiVincenzo",rebounds,fanduel,3.5,"{"gamesAvailable":0}"
insufficient_history,"Indiana Pacers @ Detroit Pistons",2024-10-22,"Aaron Nesmith",assists,draftkings,1.5,"{"gamesAvailable":0}"
insufficient_history,"Indiana Pacers @ Detroit Pistons",2024-10-22,"Andrew Nembhard",assists,draftkings,4.5,"{"gamesAvailable":0}"
insufficient_history,"Indiana Pacers @ Detroit Pistons",2024-10-22,"Bennedict Mathurin",assists,draftkings,1.5,"{"gamesAvailable":0}"
insufficient_history,"Indiana Pacers @ Detroit Pistons",2024-10-22,"Cade Cunningham",assists,draftkings,7.5,"{"gamesAvailable":0}"
insufficient_history,"Indiana Pacers @ Detroit Pistons",2024-10-22,"Jaden Ivey",assists,draftkings,4.5,"{"gamesAvailable":0}"
insufficient_history,"Indiana Pacers @ Detroit Pistons",2024-10-22,"Jalen Duren",assists,draftkings,2.5,"{"gamesAvailable":0}"
insufficient_history,"Indiana Pacers @ Detroit Pistons",2024-10-22,"Myles Turner",assists,draftkings,1.5,"{"gamesAvailable":0}"
insufficient_history,"Indiana Pacers @ Detroit Pistons",2024-10-22,"Pascal Siakam",assists,draftkings,3.5,"{"gamesAvailable":0}"
insufficient_history,"Indiana Pacers @ Detroit Pistons",2024-10-22,"T.J. McConnell",assists,draftkings,5.5,"{"gamesAvailable":0}"
insufficient_history,"Indiana Pacers @ Detroit Pistons",2024-10-22,"Tobias Harris",assists,draftkings,2.5,"{"gamesAvailable":0}"
insufficient_history,"Indiana Pacers @ Detroit Pistons",2024-10-22,"Tyrese Haliburton",assists,draftkings,9.5,"{"gamesAvailable":0}"
insufficient_history,"Indiana Pacers @ Detroit Pistons",2024-10-22,"Aaron Nesmith",rebounds,draftkings,4.5,"{"gamesAvailable":0}"
insufficient_history,"Indiana Pacers @ Detroit Pistons",2024-10-22,"Andrew Nembhard",rebounds,draftkings,2.5,"{"gamesAvailable":0}"
insufficient_history,"Indiana Pacers @ Detroit Pistons",2024-10-22,"Bennedict Mathurin",rebounds,draftkings,3.5,"{"gamesAvailable":0}"
insufficient_history,"Indiana Pacers @ Detroit Pistons",2024-10-22,"Cade Cunningham",rebounds,draftkings,4.5,"{"gamesAvailable":0}"
insufficient_history,"Indiana Pacers @ Detroit Pistons",2024-10-22,"Jaden Ivey",rebounds,draftkings,3.5,"{"gamesAvailable":0}"
insufficient_history,"Indiana Pacers @ Detroit Pistons",2024-10-22,"Jalen Duren",rebounds,draftkings,11.5,"{"gamesAvailable":0}"
insufficient_history,"Indiana Pacers @ Detroit Pistons",2024-10-22,"Myles Turner",rebounds,draftkings,7.5,"{"gamesAvailable":0}"
insufficient_history,"Indiana Pacers @ Detroit Pistons",2024-10-22,"Pascal Siakam",rebounds,draftkings,7.5,"{"gamesAvailable":0}"
insufficient_history,"Indiana Pacers @ Detroit Pistons",2024-10-22,"T.J. McConnell",rebounds,draftkings,3.5,"{"gamesAvailable":0}"
insufficient_history,"Indiana Pacers @ Detroit Pistons",2024-10-22,"Tobias Harris",rebounds,draftkings,6.5,"{"gamesAvailable":0}"
insufficient_history,"Indiana Pacers @ Detroit Pistons",2024-10-22,"Tyrese Haliburton",rebounds,draftkings,4.5,"{"gamesAvailable":0}"
insufficient_history,"Indiana Pacers @ Detroit Pistons",2024-10-22,"Jaden Ivey",assists,fanduel,4.5,"{"gamesAvailable":0}"
insufficient_history,"Indiana Pacers @ Detroit Pistons",2024-10-22,"Cade Cunningham",assists,fanduel,7.5,"{"gamesAvailable":0}"
insufficient_history,"Indiana Pacers @ Detroit Pistons",2024-10-22,"Tobias Harris",assists,fanduel,2.5,"{"gamesAvailable":0}"
insufficient_history,"Indiana Pacers @ Detroit Pistons",2024-10-22,"Andrew Nembhard",assists,fanduel,4.5,"{"gamesAvailable":0}"
insufficient_history,"Indiana Pacers @ Detroit Pistons",2024-10-22,"Pascal Siakam",assists,fanduel,3.5,"{"gamesAvailable":0}"
insufficient_history,"Indiana Pacers @ Detroit Pistons",2024-10-22,"Jalen Duren",assists,fanduel,2.5,"{"gamesAvailable":0}"
insufficient_history,"Indiana Pacers @ Detroit Pistons",2024-10-22,"Tyrese Haliburton",assists,fanduel,9.5,"{"gamesAvailable":0}"
insufficient_history,"Indiana Pacers @ Detroit Pistons",2024-10-22,"T.J. McConnell",assists,fanduel,5.5,"{"gamesAvailable":0}"
insufficient_history,"Indiana Pacers @ Detroit Pistons",2024-10-22,"T.J. McConnell",rebounds,fanduel,3.5,"{"gamesAvailable":0}"
insufficient_history,"Indiana Pacers @ Detroit Pistons",2024-10-22,"Tobias Harris",rebounds,fanduel,6.5,"{"gamesAvailable":0}"
insufficient_history,"Indiana Pacers @ Detroit Pistons",2024-10-22,"Cade Cunningham",rebounds,fanduel,4.5,"{"gamesAvailable":0}"
insufficient_history,"Indiana Pacers @ Detroit Pistons",2024-10-22,"Pascal Siakam",rebounds,fanduel,7.5,"{"gamesAvailable":0}"
insufficient_history,"Indiana Pacers @ Detroit Pistons",2024-10-22,"Tyrese Haliburton",rebounds,fanduel,4.5,"{"gamesAvailable":0}"
insufficient_history,"Indiana Pacers @ Detroit Pistons",2024-10-22,"Jaden Ivey",rebounds,fanduel,3.5,"{"gamesAvailable":0}"
insufficient_history,"Indiana Pacers @ Detroit Pistons",2024-10-22,"Aaron Nesmith",rebounds,fanduel,4.5,"{"gamesAvailable":0}"
insufficient_history,"Indiana Pacers @ Detroit Pistons",2024-10-22,"Myles Turner",rebounds,fanduel,7.5,"{"gamesAvailable":0}"
insufficient_history,"Indiana Pacers @ Detroit Pistons",2024-10-22,"Jalen Duren",rebounds,fanduel,11.5,"{"gamesAvailable":0}"
insufficient_history,"Indiana Pacers @ Detroit Pistons",2024-10-22,"Bennedict Mathurin",rebounds,fanduel,3.5,"{"gamesAvailable":0}"
insufficient_history,"Brooklyn Nets @ Atlanta Hawks",2024-10-22,"Bogdan Bogdanovic",assists,draftkings,2.5,"{"gamesAvailable":0}"
insufficient_history,"Brooklyn Nets @ Atlanta Hawks",2024-10-22,"Cameron Johnson",assists,draftkings,2.5,"{"gamesAvailable":0}"
insufficient_history,"Brooklyn Nets @ Atlanta Hawks",2024-10-22,"Cam Thomas",assists,draftkings,2.5,"{"gamesAvailable":0}"
insufficient_history,"Brooklyn Nets @ Atlanta Hawks",2024-10-22,"Clint Capela",assists,draftkings,1.5,"{"gamesAvailable":0}"
insufficient_history,"Brooklyn Nets @ Atlanta Hawks",2024-10-22,"De'Andre Hunter",assists,draftkings,1.5,"{"gamesAvailable":0}"
insufficient_history,"Brooklyn Nets @ Atlanta Hawks",2024-10-22,"Dennis Schroder",assists,draftkings,6.5,"{"gamesAvailable":0}"
insufficient_history,"Brooklyn Nets @ Atlanta Hawks",2024-10-22,"Dorian Finney-Smith",assists,draftkings,1.5,"{"gamesAvailable":0}"
insufficient_history,"Brooklyn Nets @ Atlanta Hawks",2024-10-22,"Dyson Daniels",assists,draftkings,3.5,"{"gamesAvailable":0}"
insufficient_history,"Brooklyn Nets @ Atlanta Hawks",2024-10-22,"Jalen Johnson",assists,draftkings,4.5,"{"gamesAvailable":0}"
insufficient_history,"Brooklyn Nets @ Atlanta Hawks",2024-10-22,"Nicolas Claxton",assists,draftkings,2.5,"{"gamesAvailable":0}"
insufficient_history,"Brooklyn Nets @ Atlanta Hawks",2024-10-22,"Trae Young",assists,draftkings,10.5,"{"gamesAvailable":0}"
insufficient_history,"Brooklyn Nets @ Atlanta Hawks",2024-10-22,"Bogdan Bogdanovic",rebounds,draftkings,3.5,"{"gamesAvailable":0}"
insufficient_history,"Brooklyn Nets @ Atlanta Hawks",2024-10-22,"Cameron Johnson",rebounds,draftkings,3.5,"{"gamesAvailable":0}"
insufficient_history,"Brooklyn Nets @ Atlanta Hawks",2024-10-22,"Cam Thomas",rebounds,draftkings,3.5,"{"gamesAvailable":0}"
insufficient_history,"Brooklyn Nets @ Atlanta Hawks",2024-10-22,"Clint Capela",rebounds,draftkings,9.5,"{"gamesAvailable":0}"
insufficient_history,"Brooklyn Nets @ Atlanta Hawks",2024-10-22,"De'Andre Hunter",rebounds,draftkings,3.5,"{"gamesAvailable":0}"
insufficient_history,"Brooklyn Nets @ Atlanta Hawks",2024-10-22,"Dennis Schroder",rebounds,draftkings,3.5,"{"gamesAvailable":0}"
insufficient_history,"Brooklyn Nets @ Atlanta Hawks",2024-10-22,"Dorian Finney-Smith",rebounds,draftkings,4.5,"{"gamesAvailable":0}"
insufficient_history,"Brooklyn Nets @ Atlanta Hawks",2024-10-22,"Dyson Daniels",rebounds,draftkings,4.5,"{"gamesAvailable":0}"
insufficient_history,"Brooklyn Nets @ Atlanta Hawks",2024-10-22,"Jalen Johnson",rebounds,draftkings,8.5,"{"gamesAvailable":0}"
insufficient_history,"Brooklyn Nets @ Atlanta Hawks",2024-10-22,"Nicolas Claxton",rebounds,draftkings,9.5,"{"gamesAvailable":0}"
insufficient_history,"Brooklyn Nets @ Atlanta Hawks",2024-10-22,"Trae Young",rebounds,draftkings,2.5,"{"gamesAvailable":0}"
insufficient_history,"Brooklyn Nets @ Atlanta Hawks",2024-10-22,"Nicolas Claxton",assists,fanduel,2.5,"{"gamesAvailable":0}"
insufficient_history,"Brooklyn Nets @ Atlanta Hawks",2024-10-22,"Bogdan Bogdanovic",assists,fanduel,3.5,"{"gamesAvailable":0}"
insufficient_history,"Brooklyn Nets @ Atlanta Hawks",2024-10-22,"Jalen Johnson",assists,fanduel,4.5,"{"gamesAvailable":0}"
insufficient_history,"Brooklyn Nets @ Atlanta Hawks",2024-10-22,"Dennis Schroder",assists,fanduel,6.5,"{"gamesAvailable":0}"
insufficient_history,"Brooklyn Nets @ Atlanta Hawks",2024-10-22,"Cam Thomas",assists,fanduel,2.5,"{"gamesAvailable":0}"
insufficient_history,"Brooklyn Nets @ Atlanta Hawks",2024-10-22,"Trae Young",assists,fanduel,10.5,"{"gamesAvailable":0}"
insufficient_history,"Brooklyn Nets @ Atlanta Hawks",2024-10-22,"Nicolas Claxton",rebounds,fanduel,9.5,"{"gamesAvailable":0}"
insufficient_history,"Brooklyn Nets @ Atlanta Hawks",2024-10-22,"Clint Capela",rebounds,fanduel,9.5,"{"gamesAvailable":0}"
insufficient_history,"Brooklyn Nets @ Atlanta Hawks",2024-10-22,"Cam Thomas",rebounds,fanduel,3.5,"{"gamesAvailable":0}"
insufficient_history,"Brooklyn Nets @ Atlanta Hawks",2024-10-22,"Jalen Johnson",rebounds,fanduel,7.5,"{"gamesAvailable":0}"
insufficient_history,"Brooklyn Nets @ Atlanta Hawks",2024-10-22,"Cameron Johnson",rebounds,fanduel,3.5,"{"gamesAvailable":0}"
insufficient_history,"Brooklyn Nets @ Atlanta Hawks",2024-10-22,"Dorian Finney-Smith",rebounds,fanduel,4.5,"{"gamesAvailable":0}"
insufficient_history,"Brooklyn Nets @ Atlanta Hawks",2024-10-22,"De'Andre Hunter",rebounds,fanduel,3.5,"{"gamesAvailable":0}"
insufficient_history,"Brooklyn Nets @ Atlanta Hawks",2024-10-22,"Bogdan Bogdanovic",rebounds,fanduel,3.5,"{"gamesAvailable":0}"
insufficient_history,"Brooklyn Nets @ Atlanta Hawks",2024-10-22,"Dennis Schroder",rebounds,fanduel,3.5,"{"gamesAvailable":0}"
insufficient_history,"Brooklyn Nets @ Atlanta Hawks",2024-10-22,"Trae Young",rebounds,fanduel,2.5,"{"gamesAvailable":0}"
insufficient_history,"Cleveland Cavaliers @ Toronto Raptors",2024-10-22,"Darius Garland",assists,draftkings,7.5,"{"gamesAvailable":0}"
insufficient_history,"Cleveland Cavaliers @ Toronto Raptors",2024-10-22,"Donovan Mitchell",assists,draftkings,5.5,"{"gamesAvailable":0}"
insufficient_history,"Cleveland Cavaliers @ Toronto Raptors",2024-10-22,"Evan Mobley",assists,draftkings,3.5,"{"gamesAvailable":0}"
insufficient_history,"Cleveland Cavaliers @ Toronto Raptors",2024-10-22,"Gradey Dick",assists,draftkings,1.5,"{"gamesAvailable":0}"
insufficient_history,"Cleveland Cavaliers @ Toronto Raptors",2024-10-22,"Immanuel Quickley",assists,draftkings,7.5,"{"gamesAvailable":0}"
insufficient_history,"Cleveland Cavaliers @ Toronto Raptors",2024-10-22,"Jarrett Allen",assists,draftkings,2.5,"{"gamesAvailable":0}"
insufficient_history,"Cleveland Cavaliers @ Toronto Raptors",2024-10-22,"Scottie Barnes",assists,draftkings,6.5,"{"gamesAvailable":0}"
insufficient_history,"Cleveland Cavaliers @ Toronto Raptors",2024-10-22,"Darius Garland",rebounds,draftkings,3.5,"{"gamesAvailable":0}"
insufficient_history,"Cleveland Cavaliers @ Toronto Raptors",2024-10-22,"Donovan Mitchell",rebounds,draftkings,4.5,"{"gamesAvailable":0}"
insufficient_history,"Cleveland Cavaliers @ Toronto Raptors",2024-10-22,"Evan Mobley",rebounds,draftkings,9.5,"{"gamesAvailable":0}"
insufficient_history,"Cleveland Cavaliers @ Toronto Raptors",2024-10-22,"Gradey Dick",rebounds,draftkings,3.5,"{"gamesAvailable":0}"
insufficient_history,"Cleveland Cavaliers @ Toronto Raptors",2024-10-22,"Immanuel Quickley",rebounds,draftkings,4.5,"{"gamesAvailable":0}"
insufficient_history,"Cleveland Cavaliers @ Toronto Raptors",2024-10-22,"Jakob Poeltl",rebounds,draftkings,8.5,"{"gamesAvailable":0}"
insufficient_history,"Cleveland Cavaliers @ Toronto Raptors",2024-10-22,"Jarrett Allen",rebounds,draftkings,10.5,"{"gamesAvailable":0}"
insufficient_history,"Cleveland Cavaliers @ Toronto Raptors",2024-10-22,"Scottie Barnes",rebounds,draftkings,7.5,"{"gamesAvailable":0}"
insufficient_history,"Cleveland Cavaliers @ Toronto Raptors",2024-10-22,"Darius Garland",assists,fanduel,7.5,"{"gamesAvailable":0}"
insufficient_history,"Cleveland Cavaliers @ Toronto Raptors",2024-10-22,"Jarrett Allen",assists,fanduel,2.5,"{"gamesAvailable":0}"
insufficient_history,"Cleveland Cavaliers @ Toronto Raptors",2024-10-22,"Evan Mobley",assists,fanduel,3.5,"{"gamesAvailable":0}"
insufficient_history,"Cleveland Cavaliers @ Toronto Raptors",2024-10-22,"Scottie Barnes",assists,fanduel,5.5,"{"gamesAvailable":0}"
insufficient_history,"Cleveland Cavaliers @ Toronto Raptors",2024-10-22,"Immanuel Quickley",assists,fanduel,7.5,"{"gamesAvailable":0}"
insufficient_history,"Cleveland Cavaliers @ Toronto Raptors",2024-10-22,"Donovan Mitchell",assists,fanduel,5.5,"{"gamesAvailable":0}"
insufficient_history,"Cleveland Cavaliers @ Toronto Raptors",2024-10-22,"Immanuel Quickley",rebounds,fanduel,4.5,"{"gamesAvailable":0}"
insufficient_history,"Cleveland Cavaliers @ Toronto Raptors",2024-10-22,"Gradey Dick",rebounds,fanduel,3.5,"{"gamesAvailable":0}"
insufficient_history,"Cleveland Cavaliers @ Toronto Raptors",2024-10-22,"Scottie Barnes",rebounds,fanduel,7.5,"{"gamesAvailable":0}"
insufficient_history,"Cleveland Cavaliers @ Toronto Raptors",2024-10-22,"Evan Mobley",rebounds,fanduel,9.5,"{"gamesAvailable":0}"
insufficient_history,"Cleveland Cavaliers @ Toronto Raptors",2024-10-22,"Jakob Poeltl",rebounds,fanduel,7.5,"{"gamesAvailable":0}"
insufficient_history,"Cleveland Cavaliers @ Toronto Raptors",2024-10-22,"Darius Garland",rebounds,fanduel,3.5,"{"gamesAvailable":0}"
insufficient_history,"Cleveland Cavaliers @ Toronto Raptors",2024-10-22,"Donovan Mitchell",rebounds,fanduel,4.5,"{"gamesAvailable":0}"
insufficient_history,"Cleveland Cavaliers @ Toronto Raptors",2024-10-22,"Jarrett Allen",rebounds,fanduel,10.5,"{"gamesAvailable":0}"
insufficient_history,"Orlando Magic @ Miami Heat",2024-10-22,"Bam Adebayo",assists,draftkings,3.5,"{"gamesAvailable":0}"
insufficient_history,"Orlando Magic @ Miami Heat",2024-10-22,"Duncan Robinson",assists,draftkings,1.5,"{"gamesAvailable":0}"
insufficient_history,"Orlando Magic @ Miami Heat",2024-10-22,"Franz Wagner",assists,draftkings,3.5,"{"gamesAvailable":0}"
insufficient_history,"Orlando Magic @ Miami Heat",2024-10-22,"Jalen Suggs",assists,draftkings,3.5,"{"gamesAvailable":0}"
insufficient_history,"Orlando Magic @ Miami Heat",2024-10-22,"Jimmy Butler",assists,draftkings,4.5,"{"gamesAvailable":0}"
insufficient_history,"Orlando Magic @ Miami Heat",2024-10-22,"Kentavious Caldwell-Pope",assists,draftkings,1.5,"{"gamesAvailable":0}"
insufficient_history,"Orlando Magic @ Miami Heat",2024-10-22,"Nikola Jovic",assists,draftkings,2.5,"{"gamesAvailable":0}"
insufficient_history,"Orlando Magic @ Miami Heat",2024-10-22,"Paolo Banchero",assists,draftkings,5.5,"{"gamesAvailable":0}"
insufficient_history,"Orlando Magic @ Miami Heat",2024-10-22,"Terry Rozier",assists,draftkings,3.5,"{"gamesAvailable":0}"
insufficient_history,"Orlando Magic @ Miami Heat",2024-10-22,"Tyler Herro",assists,draftkings,4.5,"{"gamesAvailable":0}"
insufficient_history,"Orlando Magic @ Miami Heat",2024-10-22,"Wendell Carter Jr",assists,draftkings,1.5,"{"gamesAvailable":0}"
insufficient_history,"Orlando Magic @ Miami Heat",2024-10-22,"Bam Adebayo",rebounds,draftkings,10.5,"{"gamesAvailable":0}"
insufficient_history,"Orlando Magic @ Miami Heat",2024-10-22,"Duncan Robinson",rebounds,draftkings,1.5,"{"gamesAvailable":0}"
insufficient_history,"Orlando Magic @ Miami Heat",2024-10-22,"Franz Wagner",rebounds,draftkings,5.5,"{"gamesAvailable":0}"
insufficient_history,"Orlando Magic @ Miami Heat",2024-10-22,"Jaime Jaquez Jr",rebounds,draftkings,2.5,"{"gamesAvailable":0}"
insufficient_history,"Orlando Magic @ Miami Heat",2024-10-22,"Jalen Suggs",rebounds,draftkings,3.5,"{"gamesAvailable":0}"
insufficient_history,"Orlando Magic @ Miami Heat",2024-10-22,"Jimmy Butler",rebounds,draftkings,4.5,"{"gamesAvailable":0}"
insufficient_history,"Orlando Magic @ Miami Heat",2024-10-22,"Kentavious Caldwell-Pope",rebounds,draftkings,2.5,"{"gamesAvailable":0}"
insufficient_history,"Orlando Magic @ Miami Heat",2024-10-22,"Nikola Jovic",rebounds,draftkings,4.5,"{"gamesAvailable":0}"
insufficient_history,"Orlando Magic @ Miami Heat",2024-10-22,"Paolo Banchero",rebounds,draftkings,7.5,"{"gamesAvailable":0}"