player,date,side,line,oddsDec,pCal,stake,won,profit_pred_only,edge_abs,lastShots,L10_toi,books,lineStd
Josh Anderson,2024-02-06,under,2.1666666666666665,2.500,0.613,0.195,1,0.5323,0.210,2,15.88,6,0.471
Tom Wilson,2024-02-08,under,1.9,2.320,0.613,0.176,0,0.4219,0.412,0,17.58,5,0.490
Jordan Kyrou,2024-02-10,under,3.357142857142857,2.250,0.613,0.167,0,0.3790,0.801,1,18.54,7,0.350
Josh Anderson,2024-02-11,under,1.7857142857142858,2.500,0.585,0.170,1,0.4629,0.044,0,15.60,7,0.452
Yegor Sharangovich,2024-02-12,under,1.7,2.450,0.585,0.164,1,0.4337,0.061,1,17.80,5,0.400
Mason McTavish,2024-02-15,under,1.7857142857142858,2.300,0.585,0.146,0,0.3459,0.165,0,15.65,7,0.452
Matthew Tkachuk,2024-02-15,under,3.1666666666666665,2.500,0.613,0.195,1,0.5323,0.255,2,18.27,6,0.471
Carter Verhaeghe,2024-02-15,under,3.1666666666666665,2.400,0.613,0.185,1,0.4710,0.210,1,18.50,6,0.471
William Nylander,2024-02-15,under,4.166666666666667,2.150,0.585,0.123,1,0.2581,0.152,3,20.26,6,0.471
Drake Batherson,2024-02-17,under,1.7857142857142858,2.500,0.613,0.195,0,0.5323,0.371,1,16.95,7,0.452
Dylan Larkin,2024-02-17,under,2.7857142857142856,2.100,0.613,0.144,1,0.2871,0.217,3,19.44,7,0.452
Artemi Panarin,2024-02-18,under,2.9285714285714284,2.400,0.613,0.185,0,0.4710,0.482,1,19.71,7,0.495
Roope Hintz,2024-02-20,under,2.2142857142857144,2.300,0.613,0.173,0,0.4097,0.419,2,17.27,7,0.452
Nikolaj Ehlers,2024-02-20,under,2.7857142857142856,2.100,0.585,0.114,1,0.2289,0.076,1,15.99,7,0.452
Josh Anderson,2024-02-21,under,1.75,2.260,0.613,0.168,0,0.3852,0.229,1,14.55,8,0.433
Mason McTavish,2024-02-21,under,1.875,2.400,0.585,0.159,0,0.4044,0.171,2,15.40,8,0.484
Michael Eyssimont,2024-02-22,under,1.8333333333333333,2.450,0.585,0.164,1,0.4337,0.087,0,12.39,3,0.471
Dylan Larkin,2024-02-24,under,2.75,2.280,0.613,0.171,1,0.3974,0.311,2,19.60,8,0.433
Morgan Frost,2024-02-25,under,2.3,2.460,0.585,0.166,1,0.4395,0.116,1,17.18,5,0.400
Nikolaj Ehlers,2024-02-25,under,2.7857142857142856,2.100,0.613,0.144,1,0.2871,0.281,3,15.43,7,0.452
Seth Jarvis,2024-02-25,under,2.1666666666666665,2.450,0.613,0.190,1,0.5016,0.433,1,17.75,6,0.471
Connor Bedard,2024-02-25,under,2.7857142857142856,2.250,0.585,0.139,0,0.3166,0.039,1,18.34,7,0.452
Dylan Larkin,2024-02-25,under,2.7857142857142856,2.140,0.613,0.150,1,0.3116,0.450,2,19.45,7,0.452
Jason Robertson,2024-02-26,under,2.7857142857142856,2.400,0.585,0.159,1,0.4044,0.041,2,19.07,7,0.452
Josh Anderson,2024-02-27,under,1.8333333333333333,2.410,0.613,0.186,1,0.4771,0.239,0,14.82,6,0.471
Patrick Kane,2024-02-27,under,2.8333333333333335,2.140,0.585,0.122,1,0.2523,0.056,4,15.98,6,0.471
Dylan Larkin,2024-02-27,under,2.8333333333333335,2.100,0.613,0.144,1,0.2871,0.380,2,19.46,6,0.471
Nikolaj Ehlers,2024-02-27,under,2.8333333333333335,2.050,0.613,0.134,1,0.2565,0.479,2,14.82,6,0.471
Connor Bedard,2024-03-02,under,2.8333333333333335,2.360,0.585,0.154,0,0.3810,0.172,1,18.40,6,0.471
Connor McMichael,2024-03-03,under,2.3333333333333335,2.480,0.613,0.193,1,0.5200,0.243,1,16.60,6,0.373
John Tavares,2024-03-04,under,2.7857142857142856,2.180,0.585,0.128,0,0.2757,0.062,7,16.75,7,0.452
Carter Verhaeghe,2024-03-04,under,3.1666666666666665,2.350,0.613,0.179,1,0.4403,0.411,0,18.90,6,0.471
Connor Bedard,2024-03-05,under,2.9,2.390,0.613,0.184,1,0.4648,0.182,2,18.98,5,0.490
John Tavares,2024-03-06,under,3,2.310,0.585,0.148,0,0.3518,0.044,4,16.79,6,0.500
Ryan Strome,2024-03-06,under,1.8333333333333333,1.950,0.613,0.113,1,0.1952,0.364,2,15.70,3,0.471
Ryan Nugent-Hopkins,2024-03-07,under,1.7,2.460,0.613,0.191,1,0.5077,0.264,0,19.10,5,0.400
Ryan Hartman,2024-03-08,under,1.8333333333333333,2.510,0.613,0.196,0,0.5384,0.366,1,16.93,6,0.471
Kyle Connor,2024-03-08,under,2.8333333333333335,2.160,0.585,0.125,1,0.2640,0.075,3,19.80,6,0.471
Mark Scheifele,2024-03-08,under,1.8333333333333333,2.460,0.613,0.191,0,0.5077,0.206,0,20.51,6,0.471
Ryan Nugent-Hopkins,2024-03-09,under,1.75,2.340,0.585,0.152,0,0.3693,0.162,1,19.27,8,0.433
Ryan Nugent-Hopkins,2024-03-10,under,1.75,2.350,0.585,0.153,0,0.3752,0.037,2,19.24,8,0.433
Evgeni Malkin,2024-03-10,under,1.75,2.500,0.613,0.195,1,0.5323,0.279,0,17.85,8,0.433
John Carlson,2024-03-11,under,1.8333333333333333,2.400,0.613,0.185,0,0.4710,0.306,0,25.71,6,0.471
Seth Jarvis,2024-03-12,under,2.2142857142857144,2.500,0.613,0.195,1,0.5323,0.423,2,17.87,7,0.452
Josh Anderson,2024-03-12,under,1.7857142857142858,2.380,0.613,0.183,0,0.4587,0.298,1,14.22,7,0.452
Lucas Raymond,2024-03-14,under,2.1666666666666665,2.400,0.585,0.159,0,0.4044,0.024,3,17.09,6,0.471
Brady Tkachuk,2024-03-14,under,4.214285714285714,2.350,0.585,0.153,0,0.3752,0.149,3,19.38,7,0.452
Evgeni Malkin,2024-03-16,under,1.7857142857142858,2.400,0.585,0.159,0,0.4044,0.139,2,18.13,7,0.452
Sean Couturier,2024-03-16,under,1.75,2.440,0.585,0.163,0,0.4278,0.103,2,14.66,8,0.433
Rasmus Andersson,2024-03-16,under,1.7857142857142858,2.350,0.585,0.153,1,0.3752,0.114,3,23.18,7,0.452
Jordan Kyrou,2024-03-16,under,3.1666666666666665,2.210,0.613,0.161,0,0.3545,0.491,2,18.32,3,0.471
John Carlson,2024-03-16,under,1.9285714285714286,2.300,0.585,0.146,0,0.3459,0.081,2,24.51,7,0.495
Tom Wilson,2024-03-18,under,1.75,2.200,0.585,0.132,0,0.2874,0.048,1,17.20,8,0.433
Eeli Tolvanen,2024-03-18,under,2.25,2.500,0.585,0.170,1,0.4629,0.114,0,15.00,8,0.433
Jack Hughes,2024-03-19,under,3.6666666666666665,2.400,0.613,0.185,0,0.4710,0.421,3,21.86,6,0.373
Trevor Moore,2024-03-19,under,3.1666666666666665,2.350,0.585,0.153,1,0.3752,0.017,3,17.86,6,0.471
Mason McTavish,2024-03-21,under,1.7857142857142858,2.460,0.613,0.191,1,0.5077,0.241,0,16.26,7,0.452
Philipp Kurashev,2024-03-21,under,2.2142857142857144,2.500,0.585,0.170,1,0.4629,0.054,1,19.77,7,0.452
Eeli Tolvanen,2024-03-22,under,2.1666666666666665,2.500,0.613,0.195,1,0.5323,0.239,3,16.10,6,0.471
Anders Lee,2024-03-23,under,2.25,2.500,0.613,0.195,0,0.5323,0.450,0,15.69,8,0.433
Rasmus Andersson,2024-03-26,under,1.8333333333333333,2.150,0.585,0.123,0,0.2581,0.111,1,23.38,6,0.471
Nick Suzuki,2024-03-26,under,2.2142857142857144,2.500,0.585,0.170,0,0.4629,0.056,1,21.54,7,0.452
Jared McCann,2024-03-26,under,3.1666666666666665,2.500,0.585,0.170,1,0.4629,0.040,4,16.61,6,0.471
Evander Kane,2024-03-30,under,2.9,2.000,0.613,0.124,1,0.2258,0.282,1,15.32,5,0.490
Rickard Rakell,2024-04-02,under,1.75,2.450,0.500,0.085,0,0.2250,0.001,0,14.21,8,0.433
Mikael Backlund,2024-04-02,under,3.25,2.350,0.613,0.179,1,0.4403,0.323,4,19.87,8,0.433
Brandon Hagel,2024-04-03,under,1.75,2.460,0.585,0.166,1,0.4395,0.017,0,18.85,8,0.433
Brandon Hagel,2024-04-04,under,1.8333333333333333,2.450,0.585,0.164,0,0.4337,0.114,1,18.90,6,0.471
Brandon Hagel,2024-04-06,under,2.2142857142857144,2.400,0.585,0.159,1,0.4044,0.021,5,18.61,7,0.452
Matthew Tkachuk,2024-04-06,under,2.7857142857142856,2.200,0.585,0.132,0,0.2874,0.012,1,17.83,7,0.452
Mark Scheifele,2024-04-06,under,2.2142857142857144,2.500,0.585,0.170,1,0.4629,0.096,1,20.54,7,0.452
Erik Haula,2024-04-06,under,2.2142857142857144,2.400,0.585,0.159,0,0.4044,0.040,0,19.02,7,0.452
Rickard Rakell,2024-04-08,under,1.7857142857142858,2.310,0.585,0.148,0,0.3518,0.100,1,14.99,7,0.452
Sidney Crosby,2024-04-11,under,3.1666666666666665,2.500,0.613,0.195,0,0.5323,0.827,1,19.87,6,0.471
Jesper Bratt,2024-04-11,under,3.1666666666666665,2.250,0.585,0.139,1,0.3166,0.128,3,19.88,6,0.471
Jordan Eberle,2024-04-14,under,2.2142857142857144,2.500,0.585,0.170,1,0.4629,0.041,2,17.46,7,0.452
Dylan Cozens,2024-04-15,under,1.7857142857142858,2.360,0.613,0.181,0,0.4465,0.198,0,16.49,7,0.452
Mike Matheson,2024-04-15,under,2.357142857142857,2.540,0.613,0.199,1,0.5568,0.323,2,25.70,7,0.350
Jesper Bratt,2024-04-15,under,3.2142857142857144,2.500,0.613,0.195,1,0.5323,0.297,1,20.66,7,0.452
Jason Robertson,2024-04-17,under,3,2.100,0.613,0.144,0,0.2871,0.269,3,17.76,4,0.500
Connor Bedard,2024-04-18,under,2.9,2.050,0.613,0.134,1,0.2565,0.358,1,20.36,5,0.490
Matthew Knies,2024-10-10,under,2.25,2.480,0.613,0.193,0,0.5200,0.479,5,12.43,4,0.433
Morgan Rielly,2024-10-10,under,2.25,2.500,0.613,0.195,1,0.5323,0.217,4,23.08,4,0.433
Steven Stamkos,2024-10-10,under,2.75,2.350,0.585,0.153,0,0.3752,0.158,2,18.37,4,0.433
Adrian Kempe,2024-10-12,under,3.3333333333333335,2.380,0.613,0.183,1,0.4587,0.765,0,19.59,6,0.373
Steven Stamkos,2024-10-12,under,3.3333333333333335,2.400,0.613,0.185,0,0.4710,0.579,3,18.99,6,0.373
Brady Tkachuk,2024-10-12,under,4.333333333333333,2.350,0.585,0.153,1,0.3752,0.028,5,20.39,6,0.373
Alex Ovechkin,2024-10-12,under,2.8333333333333335,2.300,0.613,0.173,1,0.4097,0.222,1,19.07,6,0.471
Jake Guentzel,2024-10-15,under,3.3333333333333335,2.500,0.613,0.195,1,0.5323,0.252,2,17.32,6,0.373
Steven Stamkos,2024-10-15,under,3.3,2.450,0.585,0.164,1,0.4337,0.076,5,19.22,5,0.400
Tyler Bertuzzi,2024-10-15,under,2.3333333333333335,2.400,0.613,0.185,1,0.4710,0.452,1,16.07,6,0.373
Owen Tippett,2024-10-15,under,3.3333333333333335,2.450,0.613,0.190,0,0.5016,0.365,2,17.29,6,0.373
Nikolaj Ehlers,2024-10-18,under,2.6666666666666665,2.450,0.613,0.190,0,0.5016,0.376,2,14.25,6,0.373
Brady Tkachuk,2024-10-19,under,4.357142857142857,2.250,0.533,0.088,0,0.2000,0.006,3,20.17,7,0.350
Zach Hyman,2024-10-19,under,3.357142857142857,2.340,0.613,0.178,0,0.4342,0.622,5,19.04,7,0.350
Alex Ovechkin,2024-10-19,under,2.6666666666666665,2.360,0.585,0.154,0,0.3810,0.087,2,18.34,6,0.373
Tyler Bertuzzi,2024-10-19,under,2.3333333333333335,2.500,0.613,0.195,1,0.5323,0.363,1,16.47,6,0.373
Sidney Crosby,2024-10-20,under,3.3333333333333335,2.400,0.613,0.185,0,0.4710,0.773,0,20.20,6,0.373
Troy Terry,2024-10-20,under,2.3,2.380,0.585,0.157,1,0.3927,0.049,2,17.25,5,0.400
Phillip Danault,2024-10-20,under,2.25,2.460,0.613,0.191,1,0.5077,0.298,1,17.90,4,0.433
Trevor Moore,2024-10-20,under,3.1,2.260,0.613,0.168,1,0.3852,0.366,4,17.35,5,0.490
Chris Kreider,2024-10-22,under,3,2.400,0.585,0.159,1,0.4044,0.055,4,17.46,4,0.500
Alex DeBrincat,2024-10-22,under,3.1,2.380,0.585,0.157,1,0.3927,0.041,1,18.61,5,0.490
Jordan Eberle,2024-10-22,under,2,2.500,0.613,0.195,1,0.5323,0.200,1,16.93,4,0.500
David Pastrnak,2024-10-22,under,4.166666666666667,2.140,0.613,0.150,0,0.3116,0.489,2,18.90,3,0.471
Sidney Crosby,2024-10-22,under,3.25,2.250,0.585,0.139,0,0.3166,0.103,5,20.28,4,0.433
Cutter Gauthier,2024-10-22,under,2.25,2.500,0.613,0.195,0,0.5323,0.190,1,15.18,4,0.433
Mason McTavish,2024-10-22,under,1.8333333333333333,2.400,0.613,0.185,0,0.4710,0.371,1,14.68,3,0.471
Alex Ovechkin,2024-10-23,under,3.1,2.400,0.613,0.185,1,0.4710,0.179,3,17.81,5,0.490
Justin Faulk,2024-10-24,under,1.7,2.260,0.585,0.141,1,0.3225,0.091,0,23.12,5,0.400
Jonathan Marchessault,2024-10-25,under,3.25,2.500,0.533,0.122,0,0.3333,0.005,3,17.92,4,0.433
Ryan O'Reilly,2024-10-25,under,2.1666666666666665,2.400,0.585,0.159,1,0.4044,0.031,1,20.14,3,0.471
Cutter Gauthier,2024-10-26,under,2.3,2.500,0.585,0.170,1,0.4629,0.035,4,15.26,5,0.400
Alexis Lafrenière,2024-10-26,under,3.1,2.250,0.585,0.139,1,0.3166,0.014,2,17.51,5,0.490
Gabriel Vilardi,2024-10-26,under,2.3,2.500,0.613,0.195,1,0.5323,0.652,3,18.10,5,0.400
Jake Neighbours,2024-10-26,under,2.3,2.300,0.585,0.146,0,0.3459,0.078,3,15.80,5,0.400
Justin Faulk,2024-10-26,under,1.7,2.540,0.585,0.174,0,0.4863,0.159,1,22.48,5,0.400
Luke Evangelista,2024-10-26,under,2.25,2.580,0.585,0.177,1,0.5097,0.016,2,13.98,4,0.433
Cutter Gauthier,2024-10-27,under,2.25,2.480,0.613,0.193,0,0.5200,0.285,0,15.20,4,0.433
Brady Tkachuk,2024-10-27,under,4.166666666666667,2.280,0.585,0.144,0,0.3342,0.175,5,19.39,3,0.471
Bo Horvat,2024-10-30,under,3.1,2.360,0.585,0.154,1,0.3810,0.107,2,19.67,5,0.490
Lucas Raymond,2024-10-30,under,2.3,2.250,0.613,0.167,1,0.3790,0.410,0,18.92,5,0.400
Anthony Beauvillier,2024-10-31,under,2.25,2.500,0.585,0.170,0,0.4629,0.039,3,13.52,4,0.433
Matvei Michkov,2024-11-02,under,2.3,2.480,0.585,0.168,1,0.4512,0.109,1,18.42,5,0.400
Owen Tippett,2024-11-02,under,2.7,2.360,0.613,0.181,0,0.4465,0.467,2,17.30,5,0.400
Lucas Raymond,2024-11-02,under,2.3,1.530,0.613,0.000,1,-0.0623,0.244,1,18.53,5,0.400
Jordan Eberle,2024-11-02,under,2.3,2.500,0.613,0.195,1,0.5323,0.243,2,16.64,5,0.400
Mason McTavish,2024-11-03,under,1.8333333333333333,2.300,0.613,0.173,0,0.4097,0.459,0,16.20,3,0.471
Lucas Raymond,2024-11-06,under,2.3,2.450,0.613,0.190,1,0.5016,0.631,1,18.46,5,0.400
Matt Duchene,2024-11-07,under,2.25,2.400,0.585,0.159,1,0.4044,0.088,2,16.20,4,0.433
Adrian Kempe,2024-11-07,under,3.1,2.360,0.585,0.154,0,0.3810,0.102,1,17.86,5,0.490
Jake DeBrusk,2024-11-07,under,1.8333333333333333,2.260,0.585,0.141,0,0.3225,0.158,2,15.75,3,0.471